Culture:,en-US,,,,,,,,,,,,,,,,,,,,,,,,,,,,,,,,,,,,,,,,,,,,,,,,,,,,,,,,,,,,,,,,,,,,,,,,,,
Date pattern short:,M/d/yyyy,,,,,,,,,,,,,,,,,,,,,,,,,,,,,,,,,,,,,,,,,,,,,,,,,,,,,,,,,,,,,,,,,,,,,,,,,,
Time pattern long:,h:mm:ss tt,,,,,,,,,,,,,,,,,,,,,,,,,,,,,,,,,,,,,,,,,,,,,,,,,,,,,,,,,,,,,,,,,,,,,,,,,,
Decimal separator:,.,,,,,,,,,,,,,,,,,,,,,,,,,,,,,,,,,,,,,,,,,,,,,,,,,,,,,,,,,,,,,,,,,,,,,,,,,,
Software version:,1.0.4,,,,,,,,,,,,,,,,,,,,,,,,,,,,,,,,,,,,,,,,,,,,,,,,,,,,,,,,,,,,,,,,,,,,,,,,,,
,,,,,,,,,,,,,,,,,,,,,,,,,,,,,,,,,,,,,,,,,,,,,,,,,,,,,,,,,,,,,,,,,,,,,,,,,,,
File location:,C:\Users\dcone\OneDrive\Documents\Putnam Lab\E5 Project\Data\Larval Respiration\20201116\11162020_SDR 710_Run4_P_A7.csv,,,,,,,,,,,,,,,,,,,,,,,,,,,,,,,,,,,,,,,,,,,,,,,,,,,,,,,,,,,,,,,,,,,,,,,,,,
File creation time:,11/16/20 11:27,,,,,,,,,,,,,,,,,,,,,,,,,,,,,,,,,,,,,,,,,,,,,,,,,,,,,,,,,,,,,,,,,,,,,,,,,,
SDR name:,SDR-710,,,,,,,,,,,,,,,,,,,,,,,,,,,,,,,,,,,,,,,,,,,,,,,,,,,,,,,,,,,,,,,,,,,,,,,,,,
Serial number,SEBX0007000710,,,,,,,,,,,,,,,,,,,,,,,,,,,,,,,,,,,,,,,,,,,,,,,,,,,,,,,,,,,,,,,,,,,,,,,,,,
MUX channel,ON - 02,,,,,,,,,,,,,,,,,,,,,,,,,,,,,,,,,,,,,,,,,,,,,,,,,,,,,,,,,,,,,,,,,,,,,,,,,,
,,,,,,,,,,,,,,,,,,,,,,,,,,,,,,,,,,,,,,,,,,,,,,,,,,,,,,,,,,,,,,,,,,,,,,,,,,,
PARAMETERS,,,,,,,,,,,,,,,,,,,,,,,,,,,,,,,,,,,,,,,,,,,,,,,,,,,,,,,,,,,,,,,,,,,,,,,,,,,
Sig LED current,40,,,,,,,,,,,,,,,,,,,,,,,,,,,,,,,,,,,,,,,,,,,,,,,,,,,,,,,,,,,,,,,,,,,,,,,,,,
Ref LED current,75,,,,,,,,,,,,,,,,,,,,,,,,,,,,,,,,,,,,,,,,,,,,,,,,,,,,,,,,,,,,,,,,,,,,,,,,,,
Frequency,60,,,,,,,,,,,,,,,,,,,,,,,,,,,,,,,,,,,,,,,,,,,,,,,,,,,,,,,,,,,,,,,,,,,,,,,,,,
Sending interval,0,,,,,,,,,,,,,,,,,,,,,,,,,,,,,,,,,,,,,,,,,,,,,,,,,,,,,,,,,,,,,,,,,,,,,,,,,,
Pulse lenght,6,,,,,,,,,,,,,,,,,,,,,,,,,,,,,,,,,,,,,,,,,,,,,,,,,,,,,,,,,,,,,,,,,,,,,,,,,,
Red REF comp.,ON,,,,,,,,,,,,,,,,,,,,,,,,,,,,,,,,,,,,,,,,,,,,,,,,,,,,,,,,,,,,,,,,,,,,,,,,,,
Temperature comp.,ON,,,,,,,,,,,,,,,,,,,,,,,,,,,,,,,,,,,,,,,,,,,,,,,,,,,,,,,,,,,,,,,,,,,,,,,,,,
,,,,,,,,,,,,,,,,,,,,,,,,,,,,,,,,,,,,,,,,,,,,,,,,,,,,,,,,,,,,,,,,,,,,,,,,,,,
FIRMWARE,,,,,,,,,,,,,,,,,,,,,,,,,,,,,,,,,,,,,,,,,,,,,,,,,,,,,,,,,,,,,,,,,,,,,,,,,,,
ver.4.039.A3.ST,"04/30/07, 09:14:36",,,,,,,,,,,,,,,,,,,,,,,,,,,,,,,,,,,,,,,,,,,,,,,,,,,,,,,,,,,,,,,,,,,,,,,,,,
,,,,,,,,,,,,,,,,,,,,,,,,,,,,,,,,,,,,,,,,,,,,,,,,,,,,,,,,,,,,,,,,,,,,,,,,,,,
SETTINGS,,,,,,,,,,,,,,,,,,,,,,,,,,,,,,,,,,,,,,,,,,,,,,,,,,,,,,,,,,,,,,,,,,,,,,,,,,,
Barometric pressure [hPa]:,1013.25,,,,,,,,,,,,,,,,,,,,,,,,,,,,,,,,,,,,,,,,,,,,,,,,,,,,,,,,,,,,,,,,,,,,,,,,,,
Temperature [°C]:,25,,,,,,,,,,,,,,,,,,,,,,,,,,,,,,,,,,,,,,,,,,,,,,,,,,,,,,,,,,,,,,,,,,,,,,,,,,
Salinity [‰]:,34,,,,,,,,,,,,,,,,,,,,,,,,,,,,,,,,,,,,,,,,,,,,,,,,,,,,,,,,,,,,,,,,,,,,,,,,,,
Organisms per chamber:,6,,,,,,,,,,,,,,,,,,,,,,,,,,,,,,,,,,,,,,,,,,,,,,,,,,,,,,,,,,,,,,,,,,,,,,,,,,
Chamber volume [µL]:,80,,,,,,,,,,,,,,,,,,,,,,,,,,,,,,,,,,,,,,,,,,,,,,,,,,,,,,,,,,,,,,,,,,,,,,,,,,
Oxygen unit:,millimolPerLiter,,,,,,,,,,,,,,,,,,,,,,,,,,,,,,,,,,,,,,,,,,,,,,,,,,,,,,,,,,,,,,,,,,,,,,,,,,
,,,,,,,,,,,,,,,,,,,,,,,,,,,,,,,,,,,,,,,,,,,,,,,,,,,,,,,,,,,,,,,,,,,,,,,,,,,
TREATMENTS,,,,,,,,,,,,,,,,,,,,,,,,,,,,,,,,,,,,,,,,,,,,,,,,,,,,,,,,,,,,,,,,,,,,,,,,,,,
ID,Name,Color,,,,,,,,,,,,,,,,,,,,,,,,,,,,,,,,,,,,,,,,,,,,,,,,,,,,,,,,,,,,,,,,,,,,,,,,,
X,Not set,#ff0e0ebe,,,,,,,,,,,,,,,,,,,,,,,,,,,,,,,,,,,,,,,,,,,,,,,,,,,,,,,,,,,,,,,,,,,,,,,,,
,,,,,,,,,,,,,,,,,,,,,,,,,,,,,,,,,,,,,,,,,,,,,,,,,,,,,,,,,,,,,,,,,,,,,,,,,,,
CALIBRATION,,,,,,,,,,,,,,,,,,,,,,,,,,,,,,,,,,,,,,,,,,,,,,,,,,,,,,,,,,,,,,,,,,,,,,,,,,,
Wells,A1,A2,A3,A4,A5,A6,B1,B2,B3,B4,B5,B6,C1,C2,C3,C4,C5,C6,D1,D2,D3,D4,D5,D6,,,,,,,,,,,,,,,,,,,,,,,,,,,,,,,,,,,,,,,,,,,,,,,,,,,
Phase low [°]:,54.76,54.76,54.76,54.76,54.76,54.76,54.76,54.76,54.76,54.76,54.76,54.76,54.76,54.76,54.76,54.76,54.76,54.76,54.76,54.76,54.76,54.76,54.76,54.76,,,,,,,,,,,,,,,,,,,,,,,,,,,,,,,,,,,,,,,,,,,,,,,,,,,
Phase high [°]:,47.47,47.47,47.47,47.47,47.47,47.47,47.47,47.47,47.47,47.47,47.47,47.47,47.47,47.47,47.47,47.47,47.47,47.47,47.47,47.47,47.47,47.47,47.47,47.47,,,,,,,,,,,,,,,,,,,,,,,,,,,,,,,,,,,,,,,,,,,,,,,,,,,
Temp. low [°C]:,24.8,24.8,24.8,24.8,24.8,24.8,24.8,24.8,24.8,24.8,24.8,24.8,24.8,24.8,24.8,24.8,24.8,24.8,24.8,24.8,24.8,24.8,24.8,24.8,,,,,,,,,,,,,,,,,,,,,,,,,,,,,,,,,,,,,,,,,,,,,,,,,,,
Temp. high [°C]:,24.8,24.8,24.8,24.8,24.8,24.8,24.8,24.8,24.8,24.8,24.8,24.8,24.8,24.8,24.8,24.8,24.8,24.8,24.8,24.8,24.8,24.8,24.8,24.8,,,,,,,,,,,,,,,,,,,,,,,,,,,,,,,,,,,,,,,,,,,,,,,,,,,
Treatment ID,X,X,X,X,X,X,X,X,X,X,X,X,X,X,X,X,X,X,X,X,X,X,X,X,,,,,,,,,,,,,,,,,,,,,,,,,,,,,,,,,,,,,,,,,,,,,,,,,,,
Normalization factor,1,1,1,1,1,1,1,1,1,1,1,1,1,1,1,1,1,1,1,1,1,1,1,1,,,,,,,,,,,,,,,,,,,,,,,,,,,,,,,,,,,,,,,,,,,,,,,,,,,
,,,,,,,,,,,,,,,,,,,,,,,,,,,,,,,,,,,,,,,,,,,,,,,,,,,,,,,,,,,,,,,,,,,,,,,,,,,
,,,,,,,,,,,,,,,,,,,,,,,,,,,,,,,,,,,,,,,,,,,,,,,,,,,,,,,,,,,,,,,,,,,,,,,,,,,
Date [DD-MM-YYYY],Time [HH:MM:SS],Time stamp,Relative time [HH:MM:SS],A1 [Phase],A2 [Phase],A3 [Phase],A4 [Phase],A5 [Phase],A6 [Phase],B1 [Phase],B2 [Phase],B3 [Phase],B4 [Phase],B5 [Phase],B6 [Phase],C1 [Phase],C2 [Phase],C3 [Phase],C4 [Phase],C5 [Phase],C6 [Phase],D1 [Phase],D2 [Phase],D3 [Phase],D4 [Phase],D5 [Phase],D6 [Phase],A1 [Amplitude],A2 [Amplitude],A3 [Amplitude],A4 [Amplitude],A5 [Amplitude],A6 [Amplitude],B1 [Amplitude],B2 [Amplitude],B3 [Amplitude],B4 [Amplitude],B5 [Amplitude],B6 [Amplitude],C1 [Amplitude],C2 [Amplitude],C3 [Amplitude],C4 [Amplitude],C5 [Amplitude],C6 [Amplitude],D1 [Amplitude],D2 [Amplitude],D3 [Amplitude],D4 [Amplitude],D5 [Amplitude],D6 [Amplitude],A1 [Oxygen],A2 [Oxygen],A3 [Oxygen],A4 [Oxygen],A5 [Oxygen],A6 [Oxygen],B1 [Oxygen],B2 [Oxygen],B3 [Oxygen],B4 [Oxygen],B5 [Oxygen],B6 [Oxygen],C1 [Oxygen],C2 [Oxygen],C3 [Oxygen],C4 [Oxygen],C5 [Oxygen],C6 [Oxygen],D1 [Oxygen],D2 [Oxygen],D3 [Oxygen],D4 [Oxygen],D5 [Oxygen],D6 [Oxygen]
11/16/20,11:27:31 AM,1.325E+17,00:00:00,48.12,52.3,52.34,54.39,51.92,50.94,44.56,49.55,51.54,48.19,53.94,50.02,48.55,50.93,43.17,50.74,53.51,46.02,48.81,49.4,48.7,47.71,49.07,47.65,34615,40089,42128,49512,53084,55245,37107,40887,39522,50685,48987,58264,37896,40167,35623,51724,50136,51266,34280,37931,46349,43973,49037,55040,0.1848,0.0618,0.0607,0.0086,0.072,0.0992,0.3122,0.1399,0.0824,0.1825,0.0196,0.1258,0.1709,0.0995,0.3694,0.1049,0.0304,0.2569,0.1627,0.1445,0.1662,0.1982,0.1546,0.2002
11/16/20,11:27:46 AM,1.325E+17,00:00:15,47.75,47.79,49.99,52.32,49.09,48.09,43.57,49.41,47.98,46.67,52.51,49.62,50.94,43.72,54.12,46.95,48.22,47.42,55.5,48.85,44.63,50.08,49.74,47.53,34998,42826,44325,56559,61778,55408,32906,38815,40603,49033,52434,57633,38521,39720,42600,51381,48486,51542,32370,36429,46511,44824,46491,55754,0.1969,0.1956,0.1267,0.0613,0.154,0.1857,0.3524,0.1442,0.1893,0.2337,0.0562,0.1378,0.0992,0.3462,0.0152,0.224,0.1815,0.2079,-0.0179,0.1615,0.3095,0.1241,0.1342,0.2042
11/16/20,11:28:01 AM,1.325E+17,00:00:30,51.91,49.86,50.41,52.13,49.35,50.55,48.02,48.38,49.52,53.35,49.29,50.44,49.83,49.38,46.04,50.14,50.73,49.8,49.26,49.02,49.95,47.9,49.64,48.58,35355,41997,43168,52989,55780,56577,34431,39434,40104,49566,54019,58970,38258,39653,36209,52352,49876,51374,32677,37008,45959,44635,48867,54859,0.0723,0.1306,0.1144,0.0664,0.146,0.1103,0.188,0.1764,0.1408,0.0345,0.1478,0.1135,0.1315,0.1451,0.2562,0.1223,0.1052,0.1324,0.1487,0.1562,0.1279,0.192,0.1372,0.17
11/16/20,11:28:16 AM,1.325E+17,00:00:45,48.23,51.62,50.63,51.24,52.61,50.2,50.82,48.12,48.47,54.18,48.68,50.67,49.58,47.28,46.21,51.53,46.26,49.34,48.38,50.04,46.64,48.86,48.86,54.63,34999,41210,43689,53548,55753,57491,34623,38679,39557,48118,52218,56534,38404,39977,37274,51088,50683,51096,30064,37332,46317,43713,48691,55629,0.1812,0.0802,0.108,0.0907,0.0536,0.1205,0.1026,0.1848,0.1735,0.0137,0.1668,0.1069,0.139,0.2127,0.2501,0.0827,0.2483,0.1463,0.1764,0.1252,0.2348,0.1612,0.1612,0.0027
11/16/20,11:28:31 AM,1.325E+17,00:01:00,43.95,46.45,48.15,50.13,46.24,47.58,46.87,44.92,49.84,47.8,49.08,47.12,46.89,45.2,42.57,47.63,41.26,45.04,44.1,46.62,45.11,46.08,45.99,43.41,33177,45557,47159,54814,55798,56294,32855,40012,38975,47344,52032,61210,39453,40785,36861,49820,52096,51680,29472,37541,47072,44010,47887,53670,0.3367,0.2415,0.1838,0.1226,0.249,0.2026,0.2268,0.2982,0.1312,0.1953,0.1543,0.2181,0.2261,0.2874,0.3956,0.2009,0.4563,0.2935,0.3306,0.2355,0.2909,0.2548,0.258,0.3592
11/16/20,11:28:46 AM,1.325E+17,00:01:15,45.25,54.08,56.15,55.55,53.58,57.72,48.67,49.92,51.96,54.45,54.2,53.61,51.63,47.5,45.3,49.79,52.16,52.83,51.87,51.94,53.29,50.57,54.29,49.44,35523,40853,41695,52662,55957,59715,33583,39593,39804,49591,50863,62273,38975,41378,32696,51396,53154,51305,33237,37786,46286,45578,46992,52172,0.2855,0.0162,-0.0328,-0.0191,0.0286,-0.0674,0.1671,0.1288,0.0709,0.0071,0.0132,0.0279,0.0799,0.2053,0.2836,0.1327,0.0655,0.0478,0.0734,0.0715,0.036,0.1098,0.011,0.1432
11/16/20,11:29:01 AM,1.325E+17,00:01:30,51.71,50.67,50.48,51.94,52.13,46.99,56.05,49.58,50.02,51.58,50.35,50.78,50.55,54.4,58.21,48.52,47.4,48.12,51.64,49.88,47.13,48.64,48.26,47.73,31782,40191,43581,54986,46903,58601,35735,39045,39532,48423,52456,65048,37894,37065,32905,53889,48811,54729,31788,36063,45730,44527,47172,53017,0.0777,0.1069,0.1124,0.0715,0.0664,0.2226,-0.0306,0.139,0.1258,0.0813,0.1161,0.1037,0.1103,0.0083,-0.0778,0.1719,0.2086,0.1848,0.0797,0.13,0.2178,0.1681,0.1802,0.1976
11/16/20,11:29:16 AM,1.325E+17,00:01:45,44.55,52.85,51.39,50.92,52.15,49.45,47.78,49.79,49.69,50.87,50.52,47.38,48.6,48.37,46.28,47.85,47.77,47.97,50.92,49.73,46.9,47.34,48.61,47.99,34592,41695,42258,54805,56073,56766,38346,38836,40320,49723,51659,60135,37933,40615,35687,51411,48557,51199,31134,37362,45869,44921,49423,54564,0.3126,0.0473,0.0866,0.0997,0.0658,0.1429,0.1959,0.1327,0.1357,0.1012,0.1112,0.2093,0.1693,0.1767,0.2476,0.1936,0.1963,0.1897,0.0997,0.1345,0.2257,0.2106,0.169,0.189
11/16/20,11:29:31 AM,1.325E+17,00:02:00,47.34,50.5,49.09,46.52,49.56,48.34,48.15,47.46,44.31,51.75,54.45,46.86,53,51.06,47.81,48.54,52.35,52.58,46.28,47.63,47.46,44.95,49.24,44.7,35800,40480,43215,55387,47998,59941,34192,39485,40080,48466,52401,56882,39890,38826,43845,46427,49563,53468,33743,37184,45960,42796,46003,58162,0.2106,0.1118,0.154,0.239,0.1396,0.1777,0.1838,0.2066,0.3222,0.0766,0.0071,0.2271,0.0434,0.0958,0.1949,0.1713,0.0605,0.0544,0.2476,0.2009,0.2066,0.297,0.1494,0.3067
11/16/20,11:29:46 AM,1.325E+17,00:02:15,45.18,50.65,49.43,48.5,53.16,49.6,46.59,44.64,54.66,47.45,50.23,48.06,49.11,57.67,50.91,47.02,47.02,51.04,44.27,50.09,45.04,48.19,48.09,42.67,34676,42364,44542,56037,65883,55640,34881,40494,40671,45646,51530,63972,39022,36388,37625,52433,50894,47821,33679,38272,44919,45128,50240,59847,0.2882,0.1075,0.1435,0.1725,0.0393,0.1384,0.2365,0.3091,0.002,0.2069,0.1196,0.1867,0.1534,-0.0664,0.1,0.2216,0.2216,0.0964,0.3238,0.1238,0.2935,0.1825,0.1857,0.3911
11/16/20,11:30:01 AM,1.325E+17,00:02:30,47.1,50.48,53.66,56.19,57.64,42.45,49.92,52.21,55.46,55.15,54.86,48.01,48.93,51.94,52.23,53.58,45.13,49.49,43.3,51.46,51.15,49.23,52.07,55.55,33598,37959,39120,55317,58939,57941,31262,39491,41684,47657,52532,65086,37108,40802,37028,52831,45220,48677,32339,36154,41858,43243,48810,52827,0.2188,0.1124,0.0266,-0.0338,-0.0657,0.4009,0.1288,0.0642,-0.017,-0.0097,-0.0028,0.1884,0.159,0.0715,0.0637,0.0286,0.2901,0.1417,0.3638,0.0846,0.0933,0.1497,0.068,-0.0191
11/16/20,11:30:16 AM,1.325E+17,00:02:45,46.81,50.3,50.19,49.06,47.22,50.87,47.86,43.39,51.81,47.91,47.19,54.3,49.19,49.5,45.01,51.83,51.29,42.44,55.07,49.28,52.53,43.52,50.73,53.99,35017,41164,43564,56425,60035,50607,39241,41639,43660,47957,51841,58454,36455,40337,32504,53657,56776,47701,32096,38192,44962,45435,49904,52238,0.2288,0.1176,0.1208,0.1549,0.2147,0.1012,0.1933,0.36,0.075,0.1916,0.2157,0.0107,0.1509,0.1414,0.2947,0.0745,0.0893,0.4014,-0.0078,0.1481,0.0557,0.3545,0.1052,0.0184
11/16/20,11:30:31 AM,1.325E+17,00:03:00,49.27,45.2,47.71,49.25,49.39,52.82,46.21,50.47,47.77,50.52,50.87,50.24,47.25,56.92,37.78,44.54,47.91,54.13,46.24,46.05,45.62,46.95,47.24,44.82,35910,41493,40510,53816,56480,52922,32688,40461,39852,48703,54879,58039,39448,36929,37010,54767,49806,44526,31600,35533,50796,45268,48244,54605,0.1484,0.2874,0.1982,0.1491,0.1448,0.0481,0.2501,0.1127,0.1963,0.1112,0.1012,0.1194,0.2137,-0.0501,0.6461,0.313,0.1916,0.0149,0.249,0.2559,0.2716,0.224,0.214,0.302
11/16/20,11:30:46 AM,1.325E+17,00:03:15,46.79,53.38,53.49,45.18,51.51,49.95,45.32,45.01,48.57,49.36,53.99,48.09,48.95,49.29,46.72,47.93,49.75,49.7,52.32,49.24,48.9,48.06,48.23,45.39,35544,40292,44474,57480,54731,57496,35297,39866,41096,46880,48976,60790,37729,41045,37009,50991,51386,51209,32478,36601,44921,43505,47367,55422,0.2295,0.0337,0.0309,0.2882,0.0832,0.1279,0.2829,0.2947,0.1703,0.1457,0.0184,0.1857,0.1583,0.1478,0.232,0.191,0.1339,0.1354,0.0613,0.1494,0.1599,0.1867,0.1812,0.2802
11/16/20,11:31:01 AM,1.325E+17,00:03:30,45.46,50.09,48.54,49.05,47.55,48.84,42.91,47.5,47.89,52.57,54.09,49.78,49.52,47.45,45.07,45.68,50.61,49.06,48.69,46.19,46.19,47.65,46.32,47.69,35123,40790,45017,56313,52904,59387,33865,37581,38627,50160,47464,56685,37294,43303,38938,50330,51061,49531,31908,36898,44229,43715,47683,48478,0.2776,0.1238,0.1713,0.1552,0.2036,0.1618,0.3806,0.2053,0.1923,0.0547,0.0159,0.133,0.1408,0.2069,0.2924,0.2694,0.1086,0.1549,0.1665,0.2508,0.2508,0.2002,0.2461,0.1989
11/16/20,11:31:16 AM,1.325E+17,00:03:45,49.25,52.92,50.87,50.73,51.62,51.94,50.14,48.46,50.26,52.37,51.8,51.72,50,49.88,47.99,50,49.31,49.7,49.68,49.6,48.67,48.34,49.6,47.59,34383,40769,43685,53394,52355,58732,34378,39135,39543,49395,51834,60770,38518,39615,34924,51616,49234,50679,31327,37430,45596,44036,48717,53709,0.1491,0.0455,0.1012,0.1052,0.0802,0.0715,0.1223,0.1738,0.1188,0.0599,0.0753,0.0775,0.1264,0.13,0.189,0.1264,0.1472,0.1354,0.136,0.1384,0.1671,0.1777,0.1384,0.2022
11/16/20,11:31:31 AM,1.325E+17,00:04:00,47.8,52.53,51.21,53.29,50.95,50.73,47.63,47.04,45.61,50.73,48.34,48.05,49.97,49.53,45.86,48.82,48.57,53.03,49.01,48.22,48.43,48.05,49.7,48.76,34198,40828,43027,56969,57669,54151,34121,40148,39401,48910,50269,61082,38113,39951,38250,50599,50021,52610,31205,36389,45462,44488,49488,55304,0.1953,0.0557,0.0916,0.036,0.0989,0.1052,0.2009,0.2209,0.272,0.1052,0.1777,0.187,0.1273,0.1405,0.2628,0.1624,0.1703,0.0427,0.1565,0.1815,0.1748,0.187,0.1354,0.1643
11/16/20,11:31:46 AM,1.325E+17,00:04:15,48.64,51.75,51.21,52.04,49.95,51.58,48.96,48.72,50.57,52.89,51.91,51.25,51.03,49.61,49.77,51.62,50.3,49.02,49.99,50.09,46.18,49.35,50.78,49.42,34327,40880,42959,53720,56209,59621,33994,39208,40292,49544,51926,60501,38185,41218,37943,49810,48889,51800,30828,37357,44956,44406,47764,54208,0.1681,0.0766,0.0916,0.0688,0.1279,0.0813,0.158,0.1656,0.1098,0.0463,0.0723,0.0905,0.0966,0.1381,0.1333,0.0802,0.1176,0.1562,0.1267,0.1238,0.2512,0.146,0.1037,0.1439
11/16/20,11:32:01 AM,1.325E+17,00:04:30,45.09,51.03,48.84,49.87,46.66,53.08,51.12,46.11,45.42,51.97,53.35,48.1,47.83,48,45.6,48.44,47.55,47.18,47.73,48.34,45.12,46.37,49.92,46.33,33449,40187,42817,54533,53034,64186,32640,38666,40237,50134,51159,56459,38960,39502,38332,51657,48652,51129,29318,37371,45266,45292,47512,56953,0.2916,0.0966,0.1618,0.1303,0.2341,0.0414,0.0941,0.2537,0.2791,0.0707,0.0345,0.1854,0.1943,0.1887,0.2724,0.1744,0.2036,0.2161,0.1976,0.1777,0.2905,0.2443,0.1288,0.2458
11/16/20,11:32:16 AM,1.325E+17,00:04:45,47.92,50.83,50.01,51.41,57.25,51.17,47.66,47.44,49.57,50.21,50.74,50.02,50.81,51.98,48.21,49.7,48.98,49.67,48.6,48.95,45.97,46.58,49.66,47.23,34204,40636,43082,53193,51173,56412,35589,38681,39947,47933,50702,60755,38792,41334,36299,50400,50788,50431,31271,37300,46241,44344,49912,54445,0.1913,0.1023,0.1261,0.086,-0.0573,0.0927,0.1999,0.2073,0.1393,0.1202,0.1049,0.1258,0.1029,0.0704,0.1818,0.1354,0.1574,0.1363,0.1693,0.1583,0.2588,0.2369,0.1366,0.2144
11/16/20,11:32:31 AM,1.325E+17,00:05:00,48.72,52.08,51.51,52.72,51.9,51.5,50.01,48.97,50,52.7,51.95,51.45,50.21,49.86,48.06,50.26,49.9,49.84,50.26,50.29,48.57,48.58,50.14,49.08,34366,41263,44053,53726,53368,57885,34412,39413,40614,49658,51542,61304,38750,41206,35699,51860,49251,51397,31564,37140,45729,44303,48265,55134,0.1656,0.0677,0.0832,0.0507,0.0726,0.0835,0.1261,0.1577,0.1264,0.0512,0.0712,0.0849,0.1202,0.1306,0.1867,0.1188,0.1294,0.1312,0.1188,0.1179,0.1703,0.17,0.1223,0.1543
11/16/20,11:32:46 AM,1.325E+17,00:05:15,47.93,51.28,50.71,51.57,48.77,52.08,47.94,47.7,50.43,52.09,51.2,49.97,49.19,49.86,47.01,50.28,49.5,48.69,49.21,49.55,48.26,47.39,49.05,48.34,34270,41352,43157,54195,54362,58669,34201,38786,41068,49561,51486,59298,38660,40457,36595,51840,50271,50255,31523,36981,45618,43963,49430,55701,0.191,0.0896,0.1057,0.0816,0.164,0.0677,0.1906,0.1986,0.1138,0.0674,0.0919,0.1273,0.1509,0.1306,0.2219,0.1182,0.1414,0.1665,0.1503,0.1399,0.1802,0.209,0.1552,0.1777
11/16/20,11:33:01 AM,1.325E+17,00:05:30,47,50.23,49.22,51.06,49.2,50.89,47.85,46.86,49.53,50.99,50.66,49.34,48.91,48.46,47.57,49.28,48.06,47.33,48.96,48.58,47.56,47.12,48.49,49.16,34252,40618,43832,53416,56335,58775,34908,39469,41401,49720,52084,60568,38603,40690,37042,50285,49459,51182,30683,37082,45247,43761,48846,55323,0.2223,0.1196,0.15,0.0958,0.1506,0.1006,0.1936,0.2271,0.1405,0.0978,0.1072,0.1463,0.1596,0.1738,0.2029,0.1481,0.1867,0.211,0.158,0.17,0.2032,0.2181,0.1729,0.1518
11/16/20,11:33:16 AM,1.325E+17,00:05:45,48.52,52.58,53.13,47.47,52.91,48.97,46.77,46.85,48.62,51.95,46.98,49.43,49.39,49.9,46.69,49.27,49.02,48.36,48.48,48.36,47.59,47.66,49.33,46.73,35120,40578,45562,54867,55456,57966,35655,40046,41117,49862,50742,60143,38883,40105,34922,51733,49675,51555,31328,37419,45669,43944,48554,53569,0.1719,0.0544,0.0401,0.2063,0.0458,0.1577,0.2302,0.2275,0.1687,0.0712,0.223,0.1435,0.1448,0.1294,0.233,0.1484,0.1562,0.177,0.1732,0.177,0.2022,0.1999,0.1466,0.2316
11/16/20,11:33:31 AM,1.325E+17,00:06:00,47.78,51.44,48.86,49.09,50.88,56.46,48.23,49.67,52.18,51.39,55.26,52.47,50.54,52.41,48.36,48.21,51.46,50.63,49.58,50.75,49.14,48.63,49.6,49.41,33158,43182,44696,54843,56408,55305,32763,39348,39656,51346,51528,64153,38777,38439,33613,51863,50337,50343,31202,36852,45667,43394,46785,52604,0.1959,0.0852,0.1612,0.154,0.1009,-0.0398,0.1812,0.1363,0.065,0.0866,-0.0123,0.0573,0.1106,0.0589,0.177,0.1818,0.0846,0.108,0.139,0.1046,0.1524,0.1684,0.1384,0.1442
11/16/20,11:33:46 AM,1.325E+17,00:06:15,48.97,52.49,49.99,52.8,32.91,54.74,52.34,50.16,50.52,54.22,54.29,54.17,49.74,51.3,54.75,52,51.05,50.06,51.39,51.06,47.92,47.59,51.29,50.86,34125,42027,43543,55754,55995,57808,33171,40394,41097,47934,52721,61351,38256,34189,34115,45528,47775,51720,30937,36809,45305,44077,48978,57163,0.1577,0.0568,0.1267,0.0486,1.0123,0.0001,0.0607,0.1217,0.1112,0.0127,0.011,0.0139,0.1342,0.0891,-0.0002,0.0699,0.0961,0.1246,0.0866,0.0958,0.1913,0.2022,0.0893,0.1015
11/16/20,11:34:01 AM,1.325E+17,00:06:30,46.27,49.75,50.53,52.75,45.65,50.03,51.4,40.1,49.67,53.43,50.46,46.18,47.85,46.84,50.25,49.29,56.65,47.89,48.71,48.53,48.1,47.9,49.7,47.99,35817,40340,43350,53969,53896,58931,34346,40713,38991,50617,51728,62403,38891,41117,36597,51076,51584,50705,30760,37402,48603,44288,48831,53188,0.2479,0.1339,0.1109,0.0499,0.2705,0.1255,0.0863,0.5145,0.1363,0.0324,0.1129,0.2512,0.1936,0.2278,0.1191,0.1478,-0.0441,0.1923,0.1659,0.1716,0.1854,0.192,0.1354,0.189
11/16/20,11:34:16 AM,1.325E+17,00:06:45,46.96,50.93,49.74,51.64,49.87,51.91,49.73,46.47,51.36,51.51,50.83,49.96,50.31,49.89,46.93,50.91,46.88,48.73,49.16,48.37,48.42,47.79,48.44,48.43,33988,40964,44161,53072,55274,58992,35564,37948,39804,49525,51817,59393,38221,41273,35005,52085,50686,50493,31389,37231,45824,42891,48976,55126,0.2236,0.0995,0.1342,0.0797,0.1303,0.0723,0.1345,0.2408,0.0874,0.0832,0.1023,0.1276,0.1173,0.1297,0.2247,0.1,0.2264,0.1652,0.1518,0.1767,0.1751,0.1956,0.1744,0.1748
11/16/20,11:34:31 AM,1.325E+17,00:07:00,41.53,49.78,48.85,47.07,49.76,52.42,50.03,47.52,47.5,50.68,48.36,45.02,47.2,47.13,42.5,47.09,48.64,43.75,46.42,46.68,46.36,44.5,47.94,45.03,32339,40082,43829,53310,54278,60279,31962,37571,39815,47421,51203,60223,39724,41796,36739,50923,54198,46745,31470,37217,40717,42992,48310,52943,0.4433,0.133,0.1615,0.2199,0.1336,0.0586,0.1255,0.2046,0.2053,0.1066,0.177,0.2943,0.2154,0.2178,0.3987,0.2192,0.1681,0.345,0.2426,0.2334,0.2447,0.3146,0.1906,0.2939
11/16/20,11:34:46 AM,1.325E+17,00:07:15,47.77,51.1,51.68,51.09,49.59,51.71,48.41,47.89,48.97,51.67,50.81,49.15,49.2,49.4,47.1,48.89,49.3,48.12,46.07,48.98,48.42,47.93,49.94,47.87,34290,41894,43191,53827,56874,58116,34558,39556,39879,49676,50813,61227,39022,40062,35852,51139,49827,51423,31717,38460,45348,43603,48757,54324,0.1963,0.0947,0.0786,0.0949,0.1387,0.0777,0.1754,0.1923,0.1577,0.0788,0.1029,0.1521,0.1506,0.1445,0.2188,0.1602,0.1475,0.1848,0.2551,0.1574,0.1751,0.191,0.1282,0.1929
11/16/20,11:35:01 AM,1.325E+17,00:07:30,48.6,51.23,50.45,51.24,57.43,48.88,49.39,42.07,52.95,53.11,51.63,48.75,46.1,44.83,39.18,46.23,49.93,50.33,49.18,49.68,49.66,47.31,49.7,51.25,34541,40677,43640,55665,55086,58734,34390,40101,42264,51092,52245,62219,39740,45727,37517,51866,51206,52265,31186,36922,45282,43180,49011,53540,0.1693,0.091,0.1132,0.0907,-0.0612,0.1605,0.1448,0.4181,0.0447,0.0406,0.0799,0.1646,0.254,0.3017,0.5641,0.2494,0.1285,0.1167,0.1512,0.136,0.1366,0.2117,0.1354,0.0905
11/16/20,11:35:16 AM,1.325E+17,00:07:45,45.97,53.12,54.61,53.91,57.21,54.9,47.65,47.46,54.66,51.71,51.33,54.39,51.81,52.77,49.51,52.48,50.7,52.8,51.37,51.69,50.8,51.49,58.39,51.22,33627,42742,46940,47762,49054,54022,33658,42975,36660,48709,50625,64947,38909,43265,36338,51692,50138,52238,31953,37138,46020,43166,48162,53414,0.2588,0.0403,0.0032,0.0204,-0.0564,-0.0037,0.2002,0.2066,0.002,0.0777,0.0882,0.0086,0.075,0.0494,0.1411,0.057,0.106,0.0486,0.0871,0.0783,0.1032,0.0838,-0.0816,0.0913
11/16/20,11:35:31 AM,1.325E+17,00:08:00,46.32,51.51,46.28,50.17,51.75,50.5,46.08,45.39,48.28,50.23,48.92,48.89,49.59,44.01,45.36,48.54,46.86,46.97,48.01,47.84,46.83,45.59,48.49,48.18,34631,41681,45745,54370,54209,58285,32839,39761,41747,49634,50906,59612,37975,40664,37585,52080,51374,53491,31543,37353,45218,43389,48322,57038,0.2461,0.0832,0.2476,0.1214,0.0766,0.1118,0.2548,0.2802,0.1796,0.1196,0.1593,0.1602,0.1387,0.3343,0.2814,0.1713,0.2271,0.2233,0.1884,0.1939,0.2281,0.2728,0.1729,0.1828
11/16/20,11:35:46 AM,1.325E+17,00:08:15,44.52,47.79,47.35,46.02,47.55,48.2,47.36,44.74,46.86,50.16,44.36,48.92,46,45.86,44.63,46.49,46.05,46.68,44.5,45.96,43.78,44.25,46.97,45.43,32626,40752,44248,54149,53996,58932,33525,39477,40585,49035,54054,60423,38944,39685,34774,50228,49426,51487,31555,37437,45116,44441,49479,53914,0.3138,0.1956,0.2103,0.2569,0.2036,0.1822,0.21,0.3052,0.2271,0.1217,0.3202,0.1593,0.2577,0.2628,0.3095,0.2401,0.2559,0.2334,0.3146,0.2591,0.3437,0.3246,0.2233,0.2787
11/16/20,11:36:01 AM,1.325E+17,00:08:30,47.05,51.72,50.28,51.07,48.6,52.46,47.2,48.27,49.74,51.76,49.82,49.67,49.17,49.28,44.63,50.32,49.69,49.79,47.13,48.7,46.42,47.67,47.36,52.76,34562,40902,43213,53057,55612,58507,34204,38984,41419,49753,50939,61875,38790,42006,36013,52625,51618,52156,31697,36769,45491,44687,45882,54590,0.2205,0.0775,0.1182,0.0955,0.1693,0.0576,0.2154,0.1799,0.1342,0.0764,0.1318,0.1363,0.1515,0.1481,0.3095,0.117,0.1357,0.1327,0.2178,0.1662,0.2426,0.1996,0.21,0.0497
11/16/20,11:36:16 AM,1.325E+17,00:08:45,48.24,49.2,50.85,53.08,46.62,52.92,52.15,44.95,49.74,54.3,52.41,47.63,51.41,52.66,48.61,52.07,48.76,49.46,44.67,49.31,47.64,48.82,50.02,49.11,33985,39793,43372,51021,53162,59261,35570,44659,41985,50001,50015,58199,37962,39006,33827,51185,49864,54381,31077,36784,45897,44616,51051,57347,0.1809,0.1506,0.1017,0.0414,0.2355,0.0455,0.0658,0.297,0.1342,0.0107,0.0589,0.2009,0.086,0.0523,0.169,0.068,0.1643,0.1426,0.3079,0.1472,0.2006,0.1624,0.1258,0.1534
11/16/20,11:36:31 AM,1.325E+17,00:09:00,52.42,53.34,55.78,54.23,48.86,59.27,53.13,49.65,52.79,54.59,51.13,48.75,51.52,52.68,48.61,55.49,53.79,51.86,53.67,50,51.68,50.96,44.55,48.42,34485,40870,42738,52478,60681,59500,32977,38124,44660,49804,42620,64141,38267,40321,35666,48444,45666,49222,27869,38344,45157,44256,48352,55619,0.0586,0.0347,-0.0244,0.0125,0.1612,-0.0997,0.0401,0.1369,0.0489,0.0037,0.0938,0.1646,0.083,0.0518,0.169,-0.0177,0.0234,0.0736,0.0264,0.1264,0.0786,0.0986,0.3126,0.1751
11/16/20,11:36:46 AM,1.325E+17,00:09:15,47.18,52.2,50.31,51.76,48.25,50.82,47.14,47.54,47.84,50.49,55.36,54.77,48.61,53.29,46.77,54.75,49.81,50.71,53.49,50.8,44.77,48.56,50.33,47.35,34145,41214,43284,54379,56889,60041,34141,41529,40517,52220,50389,62680,35592,39262,36528,51089,47962,50147,29682,36183,49810,45765,48177,54654,0.2161,0.0645,0.1173,0.0764,0.1806,0.1026,0.2175,0.2039,0.1939,0.1121,-0.0146,-0.0006,0.169,0.036,0.2302,-0.0002,0.1321,0.1057,0.0309,0.1032,0.304,0.1706,0.1167,0.2103
11/16/20,11:37:01 AM,1.325E+17,00:09:30,54.6,54.39,53.64,52.85,50.05,54.36,50.59,49.39,50.9,52.42,55.72,53.22,52.67,50.29,51.44,52.57,51.48,52.31,54.41,48.12,50.82,50.34,51.42,53.49,33640,42787,43841,54592,57823,57519,34461,38970,40183,49208,51173,63106,39317,37651,37690,50567,48974,51160,32345,38496,47354,44217,46782,52276,0.0035,0.0086,0.0271,0.0473,0.1249,0.0093,0.1092,0.1448,0.1003,0.0586,-0.023,0.0378,0.052,0.1179,0.0852,0.0547,0.0841,0.0615,0.0081,0.1848,0.1026,0.1164,0.0857,0.0309
11/16/20,11:37:16 AM,1.325E+17,00:09:45,47.43,49.42,49.48,52.9,50.3,51.33,45.67,43.73,52.27,51.93,52.11,52.01,50.58,50.86,48.38,49.85,49.25,49.17,47.96,50.02,48.15,48.2,50.32,50.15,34259,42107,43996,53376,55211,61389,33941,43405,39087,50270,51243,60471,38840,40560,35980,50012,49654,49120,31570,36736,45685,44360,47624,55271,0.2076,0.1439,0.142,0.046,0.1176,0.0882,0.2698,0.3458,0.0626,0.0717,0.0669,0.0696,0.1095,0.1015,0.1764,0.1309,0.1491,0.1515,0.19,0.1258,0.1838,0.1822,0.117,0.122
11/16/20,11:37:31 AM,1.325E+17,00:10:00,50.38,51.54,50.4,53.5,47.98,53.78,47.13,49.26,51.11,53.64,50.87,52.02,54.21,56.78,51.78,52.17,53.05,51.46,46.11,53.2,47.73,46.49,54.08,51.96,35433,38822,43709,54056,48438,59565,36758,40168,44499,47375,50180,59142,38221,42589,31149,46016,48359,57855,32807,38097,49673,43281,48760,54333,0.1153,0.0824,0.1147,0.0306,0.1893,0.0236,0.2178,0.1487,0.0944,0.0271,0.1012,0.0693,0.013,-0.047,0.0758,0.0653,0.0421,0.0846,0.2537,0.0383,0.1976,0.2401,0.0162,0.0709
11/16/20,11:37:46 AM,1.325E+17,00:10:15,47.09,51.78,50.28,50.1,52.14,54.02,49.58,48.24,50.2,52.3,50.08,48.61,47.91,46.52,55.82,51.05,48.67,49.99,51.78,50.43,49.72,51.01,49.62,51.03,33265,40924,42796,55094,59096,59214,34454,42188,41208,50998,50302,61702,38846,46779,36089,50351,49721,53989,31519,35487,46115,39817,50257,57347,0.2192,0.0758,0.1182,0.1235,0.0661,0.0176,0.139,0.1809,0.1205,0.0618,0.1241,0.169,0.1916,0.239,-0.0253,0.0961,0.1671,0.1267,0.0758,0.1138,0.1348,0.0972,0.1378,0.0966
11/16/20,11:38:01 AM,1.325E+17,00:10:30,47.3,51.61,49.16,50.1,51.77,54.5,50.02,47.18,51.19,56.8,52.82,53.6,51.39,51.27,47.47,47.96,50.02,48.54,51.6,48.27,54.32,47.33,53.17,50.79,33504,41742,43068,52923,58519,58470,35578,38551,41422,49410,50134,63056,39550,38934,33560,53954,49234,51624,31086,37383,44400,45545,48543,57034,0.212,0.0805,0.1518,0.1235,0.0761,0.0059,0.1258,0.2161,0.0921,-0.0474,0.0481,0.0281,0.0866,0.0899,0.2063,0.19,0.1258,0.1713,0.0808,0.1799,0.0103,0.211,0.0391,0.1034
11/16/20,11:38:16 AM,1.325E+17,00:10:45,47.12,50.28,46.45,50.14,46.59,45.87,45.46,45.74,45.77,50.43,44.47,48,46.29,48.37,44.14,46.97,45.63,45.78,46.67,46.57,44.7,44.19,46.76,45.44,35819,43041,43724,52786,55322,58680,33354,40973,38640,49261,52316,60254,38965,40485,36319,52380,50363,51064,30643,37764,44844,44185,49114,54877,0.2181,0.1182,0.2415,0.1223,0.2365,0.2624,0.2776,0.2672,0.2661,0.1138,0.3158,0.1887,0.2472,0.1767,0.329,0.2233,0.2713,0.2657,0.2337,0.2373,0.3067,0.327,0.2306,0.2784
11/16/20,11:38:31 AM,1.325E+17,00:11:00,47.16,53.19,52.27,55.74,51.78,60.05,48.66,47.6,46.75,54.1,51.07,53.92,51.23,47.31,49.39,49.62,52.99,51.59,51.02,51.17,49.6,49.18,52.29,50.01,32826,41386,42928,55031,49098,60062,34126,42550,38245,50186,50307,61226,38970,42727,38410,49430,50398,52176,31786,37498,45589,43388,49424,55306,0.2168,0.0385,0.0626,-0.0235,0.0758,-0.1152,0.1674,0.2019,0.2309,0.0157,0.0955,0.0201,0.091,0.2117,0.1448,0.1378,0.0437,0.081,0.0969,0.0927,0.1384,0.1512,0.0621,0.1261
11/16/20,11:38:46 AM,1.325E+17,00:11:15,48.61,53.51,50.04,53.75,49.26,54.02,49.61,48.88,51.76,53.43,53.03,49.35,50.96,51.56,51.2,50.17,51.78,51.07,48.63,48.44,47.54,48.1,51.22,50.69,35162,41740,44063,54717,56093,57010,33691,37633,40884,50630,57998,59493,39911,41775,35173,52229,49562,52907,31709,38615,44825,43880,49923,55067,0.169,0.0304,0.1252,0.0244,0.1487,0.0176,0.1381,0.1605,0.0764,0.0324,0.0427,0.146,0.0986,0.0819,0.0919,0.1214,0.0758,0.0955,0.1684,0.1744,0.2039,0.1854,0.0913,0.1063
11/16/20,11:39:01 AM,1.325E+17,00:11:30,48.2,51.78,52.94,54.28,51.33,53.38,52.07,48.75,51.47,52.3,49.43,50.64,50.84,50.51,46.08,50.47,50.07,49.94,49.41,49.72,47.84,48.15,50.16,47.76,33983,43134,42841,54804,56125,62681,36057,39806,39681,48777,52808,60056,39408,39779,35887,52083,49741,51598,31552,37661,45391,43393,48756,56200,0.1822,0.0758,0.045,0.0112,0.0882,0.0337,0.068,0.1646,0.0843,0.0618,0.1435,0.1077,0.102,0.1115,0.2548,0.1127,0.1244,0.1282,0.1442,0.1348,0.1939,0.1838,0.1217,0.1966
11/16/20,11:39:16 AM,1.325E+17,00:11:45,49.29,53.39,52.46,55.22,51.8,54.56,49.03,48.49,51.35,54.06,53.31,52.55,52.66,52.38,50.78,51.46,51.69,52.05,51.45,51.3,47.79,48.87,52.29,51.19,34120,41314,44521,55934,57001,59555,33591,39432,40203,49317,51490,61216,39186,40750,35407,51121,49787,51697,31548,37758,43452,44850,49259,54644,0.1478,0.0334,0.0576,-0.0113,0.0753,0.0044,0.1558,0.1729,0.0877,0.0166,0.0355,0.0552,0.0523,0.0597,0.1037,0.0846,0.0783,0.0685,0.0849,0.0891,0.1956,0.1608,0.0621,0.0921
11/16/20,11:39:31 AM,1.325E+17,00:12:00,47.18,53.03,50.82,50.86,49.99,52.89,49.09,47.72,50.11,52.96,51.7,51.48,50.38,49.26,49.1,50.17,49.64,50.03,49.26,50.08,48.31,48.03,50.05,49.04,34153,41507,43216,53248,55943,59841,35304,39645,40040,49796,53422,60990,38994,40723,36242,50761,49722,51949,31822,37555,45180,43805,49570,54383,0.2161,0.0427,0.1026,0.1015,0.1267,0.0463,0.154,0.1979,0.1232,0.0445,0.078,0.0841,0.1153,0.1487,0.1537,0.1214,0.1372,0.1255,0.1487,0.1241,0.1786,0.1877,0.1249,0.1555
11/16/20,11:39:46 AM,1.325E+17,00:12:15,46.29,49.6,50.33,50.8,48.53,52.36,47.57,46.25,50.48,51.51,51.49,49.26,49.73,49.46,47.52,50.34,48.96,48.51,49.28,49.07,48,46.11,49.58,48.09,34408,42230,44414,53439,54879,58060,34561,39009,40897,50071,51699,60933,38903,41124,35749,51190,49335,52044,31449,37878,44809,43632,50295,54046,0.2472,0.1384,0.1167,0.1032,0.1716,0.0602,0.2029,0.2486,0.1124,0.0832,0.0838,0.1487,0.1345,0.1426,0.2046,0.1164,0.158,0.1722,0.1481,0.1546,0.1887,0.2537,0.139,0.1857
11/16/20,11:40:01 AM,1.325E+17,00:12:30,48.62,56.32,52.23,49.65,50.91,54.32,57.6,51.48,58.06,47.62,54.43,52.95,52.71,50.71,49.92,52.89,50.27,49.37,53.35,50.92,50.3,47.54,50.59,54.22,35479,39128,41610,50072,53380,62181,37213,38363,41902,48639,54106,63459,38846,39870,35170,52304,45644,51724,31563,36060,45960,46165,50530,50984,0.1687,-0.0367,0.0637,0.1369,0.1,0.0103,-0.0649,0.0841,-0.0747,0.2012,0.0076,0.0447,0.051,0.1057,0.1288,0.0463,0.1185,0.1454,0.0345,0.0997,0.1176,0.2039,0.1092,0.0127
11/16/20,11:40:16 AM,1.325E+17,00:12:45,44.66,47.71,48.39,46.63,47.17,52.07,52.07,44.34,43.29,48.68,52.02,50.55,50.85,52.26,40.1,49.15,48.15,46.3,52.03,49.41,46.4,46.54,48.42,51.16,39356,41470,44225,55031,48693,63709,35909,42006,40532,44713,53176,59122,40266,45337,31735,53212,51782,52159,32956,38441,46050,43725,47137,59883,0.3083,0.1982,0.176,0.2351,0.2164,0.068,0.068,0.321,0.3643,0.1668,0.0693,0.1103,0.1017,0.0629,0.5145,0.1521,0.1838,0.2468,0.069,0.1442,0.2433,0.2383,0.1751,0.093
11/16/20,11:40:31 AM,1.325E+17,00:13:00,42.95,50.44,48.41,49.7,54.05,49.61,47.28,44.55,47.26,48.99,48.69,47.04,46.89,48.7,42.71,50.17,45.34,44.37,47.17,46.54,46.26,44.53,48.47,46.17,33626,41353,43633,52935,59321,56970,34355,39227,40818,49819,52165,61458,39063,45547,35545,52567,50393,56409,32090,37271,46818,43299,50445,55499,0.3789,0.1135,0.1754,0.1354,0.0169,0.1381,0.2127,0.3126,0.2134,0.1571,0.1665,0.2209,0.2261,0.1662,0.3894,0.1214,0.2821,0.3198,0.2164,0.2383,0.2483,0.3134,0.1735,0.2515
11/16/20,11:40:46 AM,1.325E+17,00:13:15,46.49,50.93,51.66,46.93,61.47,57.03,46.71,43.91,45.68,52.57,44.58,51.99,46.55,47.27,48.52,50.06,46.27,46.86,44.02,48.45,45.06,45.46,47.78,46.96,33860,42019,45418,52652,53945,58420,34725,39287,42384,49690,52373,65343,37764,40945,40553,51126,49000,52336,29713,37558,44375,43581,51517,56539,0.2401,0.0995,0.0791,0.2247,-0.1425,-0.0525,0.2323,0.3384,0.2694,0.0547,0.3114,0.0701,0.238,0.213,0.1719,0.1246,0.2479,0.2271,0.3339,0.1741,0.2928,0.2776,0.1959,0.2236
11/16/20,11:41:01 AM,1.325E+17,00:13:30,44.66,50.71,47.43,50.86,52.6,52.07,47.2,44.9,51.09,50.67,53.39,49.05,48.51,47.91,46.8,50.15,48.37,46.79,48.77,48.39,46.51,48.17,53.37,46.71,29547,43995,41397,54129,50639,61163,35299,38936,43271,49475,49413,58209,39419,39869,35541,51550,51171,49999,31095,37812,45538,43890,50249,57261,0.3083,0.1057,0.2076,0.1015,0.0539,0.068,0.2154,0.2989,0.0949,0.1069,0.0334,0.1552,0.1722,0.1916,0.2292,0.122,0.1767,0.2295,0.164,0.176,0.2394,0.1831,0.0339,0.2323
11/16/20,11:41:16 AM,1.325E+17,00:13:45,46.48,58.99,55.76,54.69,52.73,52.84,51.99,50.16,53.05,55.61,53.48,52.52,54.92,51.18,37.53,51.93,55.18,50.98,49.3,51.88,50.42,49.64,52.88,47.71,34453,45253,42393,47417,57080,60949,34347,36940,40874,48600,51593,63075,36922,39044,37243,52493,52152,52091,34642,39437,44949,42805,49819,58679,0.2404,-0.094,-0.0239,0.0013,0.0505,0.0476,0.0701,0.1217,0.0421,-0.0205,0.0312,0.056,-0.0042,0.0924,0.6616,0.0717,-0.0104,0.098,0.1475,0.0731,0.1141,0.1372,0.0465,0.1982
11/16/20,11:41:31 AM,1.325E+17,00:14:00,46.59,52.09,49.38,50.93,50.05,52.12,47.81,46.77,50.51,52.28,51.98,51.57,50.13,47.43,42.3,50.78,48.69,51.21,49.65,49.35,47.52,47.24,50.05,48.56,34603,41006,42723,52503,56182,59827,34039,38947,40434,50847,51328,62597,38914,41408,36835,53285,49139,52358,31385,37713,44940,42994,49049,54665,0.2365,0.0674,0.1451,0.0995,0.1249,0.0666,0.1949,0.2302,0.1115,0.0623,0.0704,0.0816,0.1226,0.2076,0.4077,0.1037,0.1665,0.0916,0.1369,0.146,0.2046,0.214,0.1249,0.1706
11/16/20,11:41:46 AM,1.325E+17,00:14:15,49.25,52.69,51.85,52.16,48.77,56.32,49.68,47.05,50.08,52.08,53.03,52.29,50.95,50.21,48.32,51.42,48.82,50.94,49.06,50.96,52.13,47.39,51.56,48.95,33973,41133,43749,53687,51295,59302,33493,37645,41365,49650,50993,61551,39223,40002,35710,50856,50029,52099,32357,37695,45574,45336,49782,55287,0.1491,0.0515,0.0739,0.0655,0.164,-0.0367,0.136,0.2205,0.1241,0.0677,0.0427,0.0621,0.0989,0.1202,0.1783,0.0857,0.1624,0.0992,0.1549,0.0986,0.0664,0.209,0.0819,0.1583
11/16/20,11:42:01 AM,1.325E+17,00:14:30,45.89,50.65,48.13,49.33,45.78,51.26,42.04,44.81,47.25,56.41,48.56,52.61,46.94,48.97,47.61,49.66,48.27,47.09,49.1,46.88,45.86,46.33,49.25,48.28,33221,40353,43366,51719,56664,63580,33529,39399,36401,53420,48811,64015,37526,41446,35369,52037,48734,53142,31642,37485,45709,42713,50342,54196,0.2617,0.1075,0.1844,0.1466,0.2657,0.0902,0.4195,0.3024,0.2137,-0.0387,0.1706,0.0536,0.2243,0.1577,0.2016,0.1366,0.1799,0.2192,0.1537,0.2264,0.2628,0.2458,0.1491,0.1796
11/16/20,11:42:16 AM,1.325E+17,00:14:45,46.53,52.74,49.04,52.4,52.39,54.04,48.53,48.83,50.05,57.69,53.59,49.66,51.04,52.93,44.59,50.97,49.39,51.83,51.62,48.57,48.52,47.95,49.47,50.74,34101,40243,42811,52997,52980,57019,35012,36801,39316,46746,51665,59689,40685,40872,34610,51935,51213,52297,32982,37894,45969,43100,49239,55995,0.2387,0.0502,0.1555,0.0591,0.0594,0.0171,0.1716,0.1621,0.1249,-0.0668,0.0284,0.1366,0.0964,0.0452,0.311,0.0983,0.1448,0.0745,0.0802,0.1703,0.1719,0.1903,0.1423,0.1049
11/16/20,11:42:31 AM,1.325E+17,00:15:00,50.47,53.47,54.93,56.12,55.7,54.15,51.08,51.65,52.54,57.29,54.16,55.41,51.44,54.94,44.7,52.68,50.23,53.51,50.43,52.32,48.28,50.33,55.23,53.42,32753,41060,45765,57659,57203,61748,35513,38694,41601,47641,50916,56352,40737,42503,32750,51396,52677,57271,35932,38302,46977,44594,49448,53074,0.1127,0.0314,-0.0045,-0.0322,-0.0225,0.0144,0.0952,0.0794,0.0554,-0.0582,0.0142,-0.0158,0.0852,-0.0047,0.3067,0.0518,0.1196,0.0304,0.1138,0.0613,0.1796,0.1167,-0.0116,0.0327
11/16/20,11:42:46 AM,1.325E+17,00:15:15,48.79,51.17,51.22,51.9,54.4,53.46,51.19,49.17,50.87,53.76,53.02,50.09,51.08,55.27,46.89,52.68,51.53,52.53,50.8,50.63,48.23,48.93,50.45,51.65,33605,38528,44595,51442,57010,60219,34184,39429,41373,50077,51763,62712,38576,42078,36127,51289,51282,53328,32418,37014,45577,43351,48373,49607,0.1633,0.0927,0.0913,0.0726,0.0083,0.0317,0.0921,0.1515,0.1012,0.0241,0.0429,0.1238,0.0952,-0.0125,0.2261,0.0518,0.0827,0.0557,0.1032,0.108,0.1812,0.159,0.1132,0.0794
11/16/20,11:43:01 AM,1.325E+17,00:15:30,46.97,49.64,48.98,46.88,49.83,52.24,46.83,46.64,49.01,50.06,50.21,49.57,48.78,48.45,44.97,49.46,49.17,48.23,48.22,47.37,45.55,45.42,48.71,46.98,34273,40961,43028,51132,52813,59518,33520,38837,41037,50401,54187,61871,38916,41679,38549,52605,49956,50596,32262,37426,44789,43259,48747,53991,0.2233,0.1372,0.1574,0.2264,0.1315,0.0634,0.2281,0.2348,0.1565,0.1246,0.1202,0.1393,0.1637,0.1741,0.2962,0.1426,0.1515,0.1812,0.1815,0.2096,0.2742,0.2791,0.1659,0.223
11/16/20,11:43:16 AM,1.325E+17,00:15:45,48.24,53.73,51.04,52.46,50.75,48.8,54.8,48.23,53.78,50.95,52.59,58.97,50.87,52.08,51.05,50.47,48.99,49.35,51.03,51.55,47.36,47.55,51.78,50.89,32741,39227,44768,52718,54129,58370,34742,37576,39912,53802,55481,61738,37608,42364,33938,52628,52227,52748,30436,37598,46888,43971,47859,57643,0.1809,0.0249,0.0964,0.0576,0.1046,0.163,-0.0014,0.1812,0.0236,0.0989,0.0541,-0.0936,0.1012,0.0677,0.0961,0.1127,0.1571,0.146,0.0966,0.0821,0.21,0.2036,0.0758,0.1006
11/16/20,11:43:31 AM,1.325E+17,00:16:00,48.7,51.58,51.03,47.71,53.15,51.3,53.03,48.69,50.31,51.37,50.63,51.07,47.39,49.45,46.17,49.7,47.49,51.8,46.72,49.75,47.22,45.11,49.39,47.3,33980,42079,43921,51539,53130,54767,33570,37976,41104,48207,53001,64277,39670,38191,36296,53408,51138,51915,30548,36977,44727,43955,50911,54239,0.1662,0.0813,0.0966,0.1982,0.0396,0.0891,0.0427,0.1665,0.1173,0.0871,0.108,0.0955,0.209,0.1429,0.2515,0.1354,0.2056,0.0753,0.232,0.1339,0.2147,0.2909,0.1448,0.212
11/16/20,11:43:46 AM,1.325E+17,00:16:15,48.34,49.78,50.52,47.27,49.45,53.1,51.17,44.56,52.06,53.2,52.56,46.95,49.83,56.74,47.16,50.98,49.61,51.68,49.12,48.51,48.41,47.71,51.27,47.7,36704,41615,46660,52062,53514,59521,33697,39754,40881,50763,52406,57253,39377,41242,35583,55636,49016,52613,33115,37848,42836,45730,48866,56034,0.1777,0.133,0.1112,0.213,0.1429,0.0409,0.0927,0.3122,0.0682,0.0383,0.0549,0.224,0.1315,-0.0461,0.2168,0.098,0.1381,0.0786,0.1531,0.1722,0.1754,0.1982,0.0899,0.1986
11/16/20,11:44:01 AM,1.325E+17,00:16:30,39.66,44.59,46.6,46.33,49.86,48.83,41.72,41.19,46.49,49.27,42.84,48.94,46.64,44.04,41.55,45.83,45.68,45.38,45.61,45.44,39.67,42.47,47.59,38.76,33307,42018,42737,57010,54622,55977,33493,36433,38297,56210,48917,62479,40340,41401,34262,51344,50582,51902,31521,37611,40930,45384,49940,52648,0.5379,0.311,0.2362,0.2458,0.1306,0.1621,0.4344,0.4597,0.2401,0.1484,0.3837,0.1587,0.2348,0.3331,0.4424,0.2639,0.2694,0.2806,0.272,0.2784,0.5373,0.4,0.2022,0.5878
11/16/20,11:44:16 AM,1.325E+17,00:16:45,47.89,51.55,47.97,51.06,52.94,55.35,47.67,45.68,52.43,55.85,52.08,55.13,52.65,48.36,49.72,52.22,52.52,49.7,54.63,50.47,50.92,51.73,55.42,48.31,32692,38450,42304,59873,54999,66242,33990,38412,43671,51459,53117,59399,39825,39555,37501,50785,46274,53653,30882,35590,45432,40004,47784,54631,0.1923,0.0821,0.1897,0.0958,0.045,-0.0144,0.1996,0.2694,0.0584,-0.026,0.0677,-0.0092,0.0525,0.177,0.1348,0.0639,0.056,0.1354,0.0027,0.1127,0.0997,0.0772,-0.016,0.1786
11/16/20,11:44:31 AM,1.325E+17,00:17:00,48.44,57.84,57.34,52.96,54.86,65.83,51.19,50.17,49.28,60.18,54.83,58.53,54.9,50.17,51.42,56.23,53.21,53.59,51.73,55.18,51.33,51.45,57.37,52.98,35603,41920,42781,53715,52696,56990,31257,40655,37917,45943,49841,66558,39421,42770,34124,52339,50062,55486,31477,38688,43437,43984,51976,53054,0.1744,-0.07,-0.0593,0.0445,-0.0028,-0.2191,0.0921,0.1214,0.1481,-0.1178,-0.0021,-0.0845,-0.0037,0.1214,0.0857,-0.0347,0.038,0.0284,0.0772,-0.0104,0.0882,0.0849,-0.0599,0.044
11/16/20,11:44:46 AM,1.325E+17,00:17:15,48.53,61.82,52.19,49.45,56.17,55.87,51.18,49.35,50.92,54.33,56,49.37,51.3,47.21,50.26,55.96,53.68,53.1,55.18,54.15,46.19,49.88,53.5,49.63,33754,37267,44242,55164,58193,59645,35295,39555,40723,50810,52487,61063,39367,41511,37921,51530,42852,52715,33173,35310,45351,45704,49438,54053,0.1716,-0.1491,0.0647,0.1429,-0.0333,-0.0265,0.0924,0.146,0.0997,0.01,-0.0294,0.1454,0.0891,0.2151,0.1188,-0.0285,0.0261,0.0409,-0.0104,0.0144,0.2508,0.13,0.0306,0.1375
11/16/20,11:45:01 AM,1.325E+17,00:17:30,42.32,52.02,48.93,50.5,50.37,49.38,45.67,41.27,49.18,47.58,54.38,44.04,47.77,47.77,46.33,48.55,44.11,50.09,49.94,45.05,46.48,46.35,48.56,50.12,33483,41285,43662,53671,58412,60444,33552,38498,41170,52643,51556,66892,38149,47194,33140,54814,52220,54691,34490,37668,50165,43798,50159,53593,0.4068,0.0693,0.159,0.1118,0.1156,0.1451,0.2698,0.4558,0.1512,0.2026,0.0088,0.3331,0.1963,0.1963,0.2458,0.1709,0.3302,0.1238,0.1282,0.2932,0.2404,0.2451,0.1706,0.1229
11/16/20,11:45:16 AM,1.325E+17,00:17:45,47.48,51.87,46.35,48.35,50.53,52.11,50.83,46.17,49.84,52.23,50.84,50.16,48.83,52.43,46.06,50.11,48.86,48.48,49.72,49.23,47.59,47.27,50.04,50.15,35309,40692,49070,54921,56931,60370,33012,39556,40229,50552,52849,61243,39254,40033,36274,51680,51190,50704,32914,37613,43073,43299,50243,55012,0.2059,0.0734,0.2451,0.1773,0.1109,0.0669,0.1023,0.2515,0.1312,0.0637,0.102,0.1217,0.1621,0.0584,0.2555,0.1232,0.1612,0.1732,0.1348,0.1497,0.2022,0.213,0.1252,0.122
11/16/20,11:45:31 AM,1.325E+17,00:18:00,54.55,55.21,54.18,57.02,51.34,56.38,48.77,55.1,53.67,52.49,58.79,54.17,53.54,52.27,47.47,53.79,52.03,51.84,53.8,52.01,47.18,49.5,52.56,50.95,32011,41805,42936,57862,56987,59050,34254,36005,42340,47324,52062,58569,38236,40822,33499,53066,46771,52716,30871,38109,43818,44876,51062,56383,0.0047,-0.0111,0.0137,-0.0523,0.0879,-0.038,0.164,-0.0085,0.0264,0.0568,-0.0899,0.0139,0.0296,0.0626,0.2063,0.0234,0.069,0.0742,0.0231,0.0696,0.2161,0.1414,0.0549,0.0989
11/16/20,11:45:46 AM,1.325E+17,00:18:15,44.83,50.1,49.36,49.16,50.75,52.13,48.32,43.42,49.48,53.97,51.87,48.75,48.92,48.18,47.21,51.09,47.36,48.24,49.64,48.17,47.95,45.7,45.75,53.17,33468,40297,44814,53037,51604,60117,34543,39110,41636,47409,49024,57830,39835,44552,34926,50244,50983,53586,31683,36057,45438,44404,49433,56219,0.3017,0.1235,0.1457,0.1518,0.1046,0.0664,0.1783,0.3587,0.142,0.0189,0.0734,0.1646,0.1593,0.1828,0.2151,0.0949,0.21,0.1809,0.1372,0.1831,0.1903,0.2687,0.2668,0.0391
11/16/20,11:46:01 AM,1.325E+17,00:18:30,47.1,52.13,50.06,50.02,53.18,52.08,51.46,47.2,52.28,54.32,54.76,49.56,51.03,50.28,44.62,50.28,50.41,49.8,50.87,49.82,47.94,47.48,50.41,48.32,32224,40208,43505,52258,56588,59668,34380,40605,41870,48845,53343,61584,37965,41807,34532,51791,50464,53174,31355,37456,45812,43715,49669,55431,0.2188,0.0664,0.1246,0.1258,0.0388,0.0677,0.0846,0.2154,0.0623,0.0103,-0.0004,0.1396,0.0966,0.1182,0.3099,0.1182,0.1144,0.1324,0.1012,0.1318,0.1906,0.2059,0.1144,0.1783
11/16/20,11:46:16 AM,1.325E+17,00:18:45,47.53,50.54,49.95,55.27,45.05,49.32,46.85,48.75,52.27,49.44,52.25,50.65,48.6,52.92,46.62,50.43,49.18,49.7,51.94,50.55,47.6,43.36,47.54,45.04,31548,41351,44204,54721,57718,62425,35501,37656,42469,49776,50837,61947,39483,38964,35099,52462,49381,52358,32574,38256,47386,43297,51917,53983,0.2042,0.1106,0.1279,-0.0125,0.2932,0.1469,0.2275,0.1646,0.0626,0.1432,0.0631,0.1075,0.1693,0.0455,0.2355,0.1138,0.1512,0.1354,0.0715,0.1103,0.2019,0.3613,0.2039,0.2935
11/16/20,11:46:31 AM,1.325E+17,00:19:00,46.49,55.02,52.96,52.55,51.24,54.05,46.56,48.88,50.96,53.57,51.08,50.47,50.58,49.34,49.17,51.86,50.23,50.65,49.45,48.78,48.66,48.8,51.65,46.94,35703,41630,41535,55086,54890,59190,34075,37735,41329,47912,53130,61963,38205,40115,35004,51875,50588,52999,31875,37644,46066,44181,48895,56168,0.2401,-0.0066,0.0445,0.0552,0.0907,0.0169,0.2376,0.1605,0.0986,0.0289,0.0952,0.1127,0.1095,0.1463,0.1515,0.0736,0.1196,0.1075,0.1429,0.1637,0.1674,0.163,0.0794,0.2243
11/16/20,11:46:46 AM,1.325E+17,00:19:15,48.75,53.3,53.99,51.78,48.51,54.9,48.28,46.86,53.49,57.75,59.52,56.7,54.68,46.28,55.04,53.99,53.33,55.33,54.39,50.21,52.35,50.89,50.27,54.52,35075,40060,44249,59453,61425,62359,35629,38317,40102,50405,45305,61145,38134,42213,38813,50786,49494,50955,31159,38284,48920,44697,49105,55402,0.1646,0.0357,0.0184,0.0758,0.1722,-0.0037,0.1796,0.2271,0.0309,-0.0681,-0.1047,-0.0452,0.0015,0.2476,-0.0071,0.0184,0.035,-0.0139,0.0086,0.1202,0.0605,0.1006,0.1185,0.0054
11/16/20,11:47:01 AM,1.325E+17,00:19:30,46.91,51.9,42.64,48.76,45.2,49.58,48.99,39.83,52.73,51.46,50.19,50.65,48.29,49.61,45.42,49.54,44.92,51.27,51.32,50.25,47.41,47.98,48.83,49.73,34309,41899,42125,53005,56351,55785,35421,39034,42909,45640,46100,63168,40438,43225,36121,51721,52580,53759,30998,36937,44364,42692,47652,54393,0.2254,0.0726,0.3925,0.1643,0.2874,0.139,0.1571,0.5288,0.0505,0.0846,0.1208,0.1075,0.1793,0.1381,0.2791,0.1402,0.2982,0.0899,0.0885,0.1191,0.2083,0.1893,0.1621,0.1345
11/16/20,11:47:16 AM,1.325E+17,00:19:45,49.56,54.03,52.19,50.6,49.76,52.76,54.43,46.68,51.63,54.6,60.21,57.01,52,49.2,45.51,49.56,53.85,55.21,53.07,53.52,51.2,48.82,56.23,54.05,34498,41894,40560,49651,54825,57101,33609,39246,41557,51801,52230,63532,38049,42434,36195,50390,49929,51671,32843,36324,49346,42174,50509,52640,0.1396,0.0174,0.0647,0.1089,0.1336,0.0497,0.0076,0.2334,0.0799,0.0035,-0.1184,-0.0521,0.0699,0.1506,0.2757,0.1396,0.0219,-0.0111,0.0416,0.0301,0.0919,0.1624,-0.0347,0.0169
11/16/20,11:47:31 AM,1.325E+17,00:20:00,48.91,50.7,51.6,51.67,52.01,60.45,48.48,48.14,52,50.18,54.87,49.62,51.34,50.16,46.73,51.18,50.01,46.83,47.48,51.71,49.07,47.31,51.96,51.46,36279,42642,43696,54408,49455,57081,34045,39148,39849,53473,53339,63843,39816,42070,35326,53705,50044,55760,32131,38708,44368,43523,51470,55658,0.1596,0.106,0.0808,0.0788,0.0696,-0.1231,0.1732,0.1841,0.0699,0.1211,-0.003,0.1378,0.0879,0.1217,0.2316,0.0924,0.1261,0.2281,0.2059,0.0777,0.1546,0.2117,0.0709,0.0846
11/16/20,11:47:46 AM,1.325E+17,00:20:15,46.96,50.73,49.89,51.65,49.3,52.3,48.28,47.05,50.43,51.83,49.69,49.08,50.13,45.62,48.23,50.48,49.81,49.11,43.45,49.69,46.82,46.51,48.72,48.2,34505,40743,43759,54088,57108,59096,34791,38530,41320,49070,53021,65462,39826,39930,36715,50707,48026,54732,29979,39439,46742,44039,47797,52932,0.2236,0.1052,0.1297,0.0794,0.1475,0.0618,0.1796,0.2205,0.1138,0.0745,0.1357,0.1543,0.1226,0.2716,0.1812,0.1124,0.1321,0.1534,0.3575,0.1357,0.2285,0.2394,0.1656,0.1822
11/16/20,11:48:01 AM,1.325E+17,00:20:30,48.58,53.69,53.11,51.43,50.85,53.57,52.55,48.88,51.87,53.97,55.39,55.02,53.21,50.86,49.72,53.89,50.5,51.13,52.08,51.33,51.36,46.25,54.66,50.38,33297,42034,43797,52701,54968,60130,34198,38293,40496,51161,52524,61187,40402,41195,35152,52421,49601,52888,32834,37973,45656,40870,49939,54446,0.17,0.0259,0.0406,0.0854,0.1017,0.0289,0.0552,0.1605,0.0734,0.0189,-0.0153,-0.0066,0.038,0.1015,0.1348,0.0209,0.1118,0.0938,0.0677,0.0882,0.0874,0.2486,0.002,0.1153
11/16/20,11:48:16 AM,1.325E+17,00:20:45,44.87,55.21,51.28,47.27,50.58,48.69,48.1,49.49,45.97,56.8,57,51.48,52.48,48.62,46.44,57.53,50.25,52.95,50.07,52.02,48.28,45.82,50.8,45.9,30299,40501,43937,50859,57486,59404,34453,34779,46205,50909,51364,58567,41928,41822,35395,56050,51457,57689,32800,38872,45292,44418,52688,57862,0.3001,-0.0111,0.0896,0.213,0.1095,0.1665,0.1854,0.1417,0.2588,-0.0474,-0.0518,0.0841,0.057,0.1687,0.2419,-0.0634,0.1191,0.0447,0.1244,0.0693,0.1796,0.2643,0.1032,0.2613
11/16/20,11:48:31 AM,1.325E+17,00:21:00,46.98,53.44,50.2,52.16,61.22,56.51,46.07,45.92,48.95,56.84,55.25,44.68,50.91,52.69,51.35,53.71,48.83,48.57,49.79,50.02,48.41,45.9,50.99,55.5,34799,44757,45209,49950,61331,56426,34183,36762,43617,47997,52626,58374,39320,41999,34312,51259,49347,54108,32517,38368,44178,42840,53632,53426,0.223,0.0322,0.1205,0.0655,-0.1378,-0.041,0.2551,0.2606,0.1583,-0.0483,-0.012,0.3075,0.1,0.0515,0.0877,0.0254,0.1621,0.1703,0.1327,0.1258,0.1754,0.2613,0.0978,-0.0179
11/16/20,11:48:46 AM,1.325E+17,00:21:15,49.33,55.76,54.79,46.6,54.54,52.72,48.42,51.37,52.54,54.87,54.13,56.81,52.73,45.81,45.22,59.2,50.31,51.67,53.94,51.81,52.88,49.69,49.83,50.13,34444,41447,43570,50381,54756,63764,34700,36218,41334,48947,49430,59533,38196,42105,36618,53868,46334,55477,30873,38280,47045,43871,48403,60001,0.1466,-0.0239,-0.0011,0.2362,0.0049,0.0507,0.1751,0.0871,0.0554,-0.003,0.0149,-0.0476,0.0505,0.2646,0.2867,-0.0983,0.1173,0.0788,0.0196,0.075,0.0465,0.1357,0.1315,0.1226
11/16/20,11:49:01 AM,1.325E+17,00:21:30,43.49,51.75,51.7,50.74,45.18,51.59,47.12,44.92,49.01,45.81,55.74,49.17,49.39,50.15,42.06,46.54,50.6,49.18,45.64,48.63,50.34,47.05,47.56,47.57,33568,41149,45176,59515,53836,62008,33058,40394,41389,52699,51896,59522,40079,38403,36448,50706,50681,51523,33375,37804,44830,44370,49664,56588,0.3558,0.0766,0.078,0.1049,0.2882,0.081,0.2181,0.2982,0.1565,0.2646,-0.0235,0.1515,0.1448,0.122,0.4186,0.2383,0.1089,0.1512,0.2709,0.1684,0.1164,0.2205,0.2032,0.2029
11/16/20,11:49:16 AM,1.325E+17,00:21:45,45.87,52.82,51.92,50.1,48.01,49.81,46.25,43.79,47.4,55.28,53.6,50.99,52.22,47.09,44.87,52.24,43.99,47.41,49.14,51.41,43.43,46.52,46.12,45.94,33110,42788,44015,50904,56556,59042,35486,40029,39781,51003,53149,64850,39975,39859,35308,51086,48099,52650,32997,36927,41276,43203,46672,49885,0.2624,0.0481,0.072,0.1235,0.1884,0.1321,0.2486,0.3433,0.2086,-0.0127,0.0281,0.0978,0.0639,0.2192,0.3001,0.0634,0.3351,0.2083,0.1524,0.086,0.3583,0.239,0.2533,0.2599
11/16/20,11:49:31 AM,1.325E+17,00:22:00,44.13,51.53,53.94,52.7,48.99,51.65,47.98,45.53,50.41,52.61,52.69,50.52,49.81,53.77,46.97,51.58,51,49.21,48.21,49.16,50.67,46.19,50.14,50.06,34764,41632,46647,53021,55700,56278,33972,38640,41312,51186,51837,63205,39743,39942,38377,51873,52378,51321,32406,36792,44537,43658,52529,55041,0.3294,0.0827,0.0196,0.0512,0.1571,0.0794,0.1893,0.275,0.1144,0.0536,0.0515,0.1112,0.1321,0.0239,0.2233,0.0813,0.0975,0.1503,0.1818,0.1518,0.1069,0.2508,0.1223,0.1246
11/16/20,11:49:46 AM,1.325E+17,00:22:15,47.81,52.72,51.09,51.32,55.46,52.93,48.31,45.94,50.4,53.9,53.7,53.36,50.31,51.11,49.02,47.73,48.74,50.71,49.99,50.6,48.37,47.88,51.53,50.37,32667,41883,43510,53721,54247,58950,35876,38484,41022,49099,54186,62543,40759,41783,34017,51530,51692,52946,32002,38294,45820,43519,48899,55717,0.1949,0.0507,0.0949,0.0885,-0.017,0.0452,0.1786,0.2599,0.1147,0.0206,0.0256,0.0342,0.1173,0.0944,0.1562,0.1976,0.1649,0.1057,0.1267,0.1089,0.1767,0.1926,0.0827,0.1156
11/16/20,11:50:01 AM,1.325E+17,00:22:30,44.27,54.26,50.22,50.31,51.23,54.82,48.35,46.58,50.24,49.92,53.52,51.97,51.03,52.06,47.21,49.49,47.75,51.06,48.7,49.98,51.05,46.65,49.7,49.45,33784,39564,42897,53678,55150,60209,34132,39743,41031,51741,55001,61634,40048,42066,34529,52839,50154,54670,31746,38076,47062,44104,53665,55295,0.3238,0.0117,0.1199,0.1173,0.091,-0.0018,0.1773,0.2369,0.1194,0.1288,0.0301,0.0707,0.0966,0.0682,0.2151,0.1417,0.1969,0.0958,0.1662,0.127,0.0961,0.2344,0.1354,0.1429
11/16/20,11:50:16 AM,1.325E+17,00:22:45,48.26,52.07,51.41,51.27,50.32,52.79,47.55,46.91,50.68,53.46,52.44,50.87,50.5,50.96,46.33,50.93,49.29,50.73,50.05,50.4,46.88,46.54,49.97,49.65,34225,42388,42998,53067,55977,58879,34532,37967,41483,50107,53311,61908,39885,42645,36039,53006,50902,53558,31813,38567,46199,44018,50393,56640,0.1802,0.068,0.086,0.0899,0.117,0.0489,0.2036,0.2254,0.1066,0.0317,0.0581,0.1012,0.1118,0.0986,0.2458,0.0995,0.1478,0.1052,0.1249,0.1147,0.2264,0.2383,0.1273,0.1369
11/16/20,11:50:31 AM,1.325E+17,00:23:00,49.8,56.52,50.95,51.95,54.23,57.63,50.68,50.28,57.32,53.53,56.19,59.15,56.86,56.32,51.51,54.43,51.47,54.72,52.33,54.01,49.12,51.22,54.6,53.91,33554,40265,45424,54144,55853,58384,32347,37120,40599,50666,51933,65059,37434,39392,35084,51241,50835,52993,29378,39198,45759,44652,52077,55809,0.1324,-0.0412,0.0989,0.0712,0.0125,-0.0655,0.1066,0.1182,-0.0588,0.0299,-0.0338,-0.0972,-0.0487,-0.0367,0.0832,0.0076,0.0843,0.0006,0.061,0.0179,0.1531,0.0913,0.0035,0.0204
11/16/20,11:50:46 AM,1.325E+17,00:23:15,51.3,55.33,52.32,51.83,51.68,52.27,48.4,47.52,49.83,58.32,56.02,50.68,52.01,48.45,46.09,50.99,50.03,49.59,51.17,51.01,47.74,48.55,50.74,50.9,32945,41084,43168,54338,55547,59398,33674,40363,44742,49429,54683,60843,40058,44598,37016,54237,50718,50564,32034,38179,45676,42553,49713,55976,0.0891,-0.0139,0.0613,0.0745,0.0786,0.0626,0.1757,0.2046,0.1315,-0.0801,-0.0299,0.1066,0.0696,0.1741,0.2544,0.0978,0.1255,0.1387,0.0927,0.0972,0.1972,0.1709,0.1049,0.1003
11/16/20,11:51:01 AM,1.325E+17,00:23:30,47.35,53.71,51.59,51.97,51.45,49.82,49.07,46.21,51.51,53.13,53.41,50.64,52.01,50.54,46.42,52.2,50.12,50.61,49.66,49.78,48.72,47.61,51.92,49.87,34844,42310,43922,55548,59352,61264,35333,39080,42411,50574,53193,60694,39744,41162,35281,53309,50270,53307,31867,38065,46134,42449,49332,56079,0.2103,0.0254,0.081,0.0707,0.0849,0.1318,0.1546,0.2501,0.0832,0.0401,0.0329,0.1077,0.0696,0.1106,0.2426,0.0645,0.1229,0.1086,0.1366,0.133,0.1656,0.2016,0.072,0.1303
11/16/20,11:51:16 AM,1.325E+17,00:23:45,51.44,50.95,51.06,52.22,52.09,50.49,51.76,47.77,49.16,51.41,52.99,52.28,51.46,50.31,46.64,51.63,50.12,50.43,50.45,51.32,49.96,47.65,49.91,49.95,34139,43144,43205,54583,55383,59221,36233,37623,41963,52002,53385,61882,39804,41751,36827,53180,50548,53971,32883,38488,45669,42966,49925,56458,0.0852,0.0989,0.0958,0.0639,0.0674,0.1121,0.0764,0.1963,0.1518,0.086,0.0437,0.0623,0.0846,0.1173,0.2348,0.0799,0.1229,0.1138,0.1132,0.0885,0.1276,0.2002,0.1291,0.1279
11/16/20,11:51:31 AM,1.325E+17,00:24:00,49.17,53.69,52.16,55.84,54.4,52.61,51.21,48.24,53.45,55.16,54.69,51.8,52.74,50.92,50.47,52.14,50.74,49.74,51.88,55.39,52.28,49.57,55.57,52.18,33872,41680,43870,53440,53750,58982,34066,37982,41401,50721,52825,60146,39550,40948,35297,51237,50530,53604,32490,38602,42979,42750,46722,54736,0.1515,0.0259,0.0655,-0.0258,0.0083,0.0536,0.0916,0.1809,0.0319,-0.0099,0.0013,0.0753,0.0502,0.0997,0.1127,0.0661,0.1049,0.1342,0.0731,-0.0153,0.0623,0.1393,-0.0195,0.065
11/16/20,11:51:46 AM,1.325E+17,00:24:15,47.66,53.68,50.91,51.29,50.91,52.18,47.97,47.35,49.12,53.04,51.29,50.72,51.64,50.86,47.96,52.01,49.17,50.03,49.96,50.53,47.86,47.07,51.68,49.94,33580,41228,43946,54556,55490,59636,34190,38681,41580,50140,52751,60897,39424,41364,34914,51471,51498,52878,32177,38392,45827,43368,50051,56268,0.1999,0.0261,0.1,0.0893,0.1,0.065,0.1897,0.2103,0.1531,0.0424,0.0893,0.1055,0.0797,0.1015,0.19,0.0696,0.1515,0.1255,0.1276,0.1109,0.1933,0.2199,0.0786,0.1282
11/16/20,11:52:01 AM,1.325E+17,00:24:30,43.88,49.14,48.01,48.56,47.77,49.74,46.82,43.84,48.69,50.06,49.35,48.29,47.89,47.79,45.52,48.63,46.51,47.03,47.52,47.88,45.63,43.71,48.5,47.14,33019,40404,44244,53508,52527,59995,34384,38774,41588,50676,52134,60875,40187,41356,35770,51696,49715,52956,32209,37936,45709,43186,51665,56660,0.3396,0.1524,0.1884,0.1706,0.1963,0.1342,0.2285,0.3412,0.1665,0.1246,0.146,0.1793,0.1923,0.1956,0.2754,0.1684,0.2394,0.2212,0.2046,0.1926,0.2713,0.3466,0.1725,0.2175
11/16/20,11:52:16 AM,1.325E+17,00:24:45,48.4,53.51,52.09,52.62,51.98,53.75,49.54,47.39,51.55,54.57,53.11,50.93,52.73,52.01,48.52,52.01,51.83,52.21,50.75,52.76,49.3,48.25,51.98,51.71,33697,41393,44114,52994,56816,59000,33860,39146,42431,50156,52561,63175,40642,41975,35706,51094,49129,52261,32131,37866,46406,43517,49896,56562,0.1757,0.0304,0.0674,0.0533,0.0704,0.0244,0.1402,0.209,0.0821,0.0042,0.0406,0.0995,0.0505,0.0696,0.1719,0.0696,0.0745,0.0642,0.1046,0.0497,0.1475,0.1806,0.0704,0.0777
11/16/20,11:52:31 AM,1.325E+17,00:25:00,46.81,52.72,51.51,53.43,50.71,52.44,48.83,46.89,51.61,54.04,52.58,51.84,51.41,51.33,47.08,51.3,50.12,51.44,48.75,50.77,47.65,47.55,50.95,49.76,34028,41805,43738,54385,55485,59248,34130,38777,41077,50871,52754,62184,39867,41312,35581,53242,50109,54480,32181,38273,46438,43814,50423,56695,0.2288,0.0507,0.0832,0.0324,0.1057,0.0581,0.1621,0.2261,0.0805,0.0171,0.0544,0.0742,0.086,0.0882,0.2195,0.0891,0.1229,0.0852,0.1646,0.104,0.2002,0.2036,0.0989,0.1336
11/16/20,11:52:46 AM,1.325E+17,00:25:15,47.29,52.68,50.99,51.19,50.48,52.44,48.6,47.13,50.84,52.85,52.48,51.66,51.27,51.07,46.85,49.38,49.97,50.21,51.03,50.41,48.52,47.26,50.93,50.38,34306,41871,44042,54473,55564,58887,34354,38157,41334,50204,53149,61180,39784,41027,36110,53343,50881,52849,31638,38200,45650,43168,50137,56071,0.2123,0.0518,0.0978,0.0921,0.1124,0.0581,0.1693,0.2178,0.102,0.0473,0.057,0.0791,0.0899,0.0955,0.2275,0.1451,0.1273,0.1202,0.0966,0.1144,0.1719,0.2134,0.0995,0.1153
11/16/20,11:53:01 AM,1.325E+17,00:25:30,46.49,51.79,49.65,52.03,51.14,51.54,47.08,45.02,49.46,49.79,51.59,51.49,49.14,51.14,45.44,49.78,47.44,51.16,49.08,49.17,46.19,47.98,49.62,47.26,33149,41638,43822,54087,55295,59568,34364,38170,43121,53469,51008,62522,39371,41362,35628,52763,50988,52398,31722,38482,46621,44681,49847,56804,0.2401,0.0756,0.1369,0.069,0.0935,0.0824,0.2195,0.2943,0.1426,0.1327,0.081,0.0838,0.1524,0.0935,0.2784,0.133,0.2073,0.093,0.1543,0.1515,0.2508,0.1893,0.1378,0.2134
11/16/20,11:53:16 AM,1.325E+17,00:25:45,46.63,52.94,50.42,52.48,50.08,52.22,48.18,46.73,51.47,53.37,52.58,51.03,50.98,50.82,46.97,51.04,49.83,51.03,49.39,50.43,48.24,47.27,50.99,50,33951,41824,43931,54771,55900,59406,34492,38652,40911,50339,53131,62292,40198,41332,35774,53222,50667,52894,32012,38318,45817,43574,49708,56300,0.2351,0.045,0.1141,0.057,0.1241,0.0639,0.1828,0.2316,0.0843,0.0339,0.0544,0.0966,0.098,0.1026,0.2233,0.0964,0.1315,0.0966,0.1448,0.1138,0.1809,0.213,0.0978,0.1264
11/16/20,11:53:31 AM,1.325E+17,00:26:00,47.11,52.77,50.94,51.86,51.02,52.14,48.41,47.09,49.53,53.56,52.8,51.03,51.47,51.01,47.15,50.87,49.74,50.45,50.56,50.15,48.13,46.86,51,50.22,33866,42129,43983,54654,55178,59620,34219,38975,41469,50015,52590,62312,39911,41639,35273,52683,50063,52973,32024,38420,45701,43511,49972,56071,0.2185,0.0494,0.0992,0.0736,0.0969,0.0661,0.1754,0.2192,0.1405,0.0291,0.0486,0.0966,0.0843,0.0972,0.2171,0.1012,0.1342,0.1132,0.11,0.122,0.1844,0.2271,0.0975,0.1199
11/16/20,11:53:46 AM,1.325E+17,00:26:15,46.85,52.61,50.6,51.6,51.1,52.68,47.15,46.74,50.54,53.31,52.19,51.29,50.75,51.24,46.78,49.71,49.79,48.97,49.61,49.71,47.64,47.06,50.41,49.85,34387,41716,44086,54732,55218,59410,34595,38440,40741,51202,53561,62054,39777,41708,35540,52290,50585,52159,32326,38240,45797,43493,50166,56239,0.2275,0.0536,0.1089,0.0808,0.0947,0.0518,0.2171,0.2313,0.1106,0.0355,0.0647,0.0893,0.1046,0.0907,0.2299,0.1351,0.1327,0.1577,0.1381,0.1351,0.2006,0.2202,0.1144,0.1309
11/16/20,11:54:01 AM,1.325E+17,00:26:30,46.92,52.45,50.86,51.85,50.31,52.74,47.65,45.98,50.69,52.56,52.52,51.2,50.69,51.09,48.11,50.31,49.53,49.17,49.58,50.11,48.69,47.1,51.06,50.14,33869,42112,43713,54485,55707,59982,34714,38838,41639,50992,52968,63357,39729,41543,35180,52051,50895,51586,31983,38234,45945,43487,49982,56449,0.225,0.0578,0.1015,0.0739,0.1173,0.0502,0.2002,0.2584,0.1063,0.0549,0.056,0.0919,0.1063,0.0949,0.1851,0.1173,0.1405,0.1515,0.139,0.1232,0.1665,0.2188,0.0958,0.1223
11/16/20,11:54:16 AM,1.325E+17,00:26:45,46.1,52.62,49.67,50.89,53.6,50.83,48.36,46.82,51.06,52.86,52.87,51.38,50.7,51.8,47.2,51.32,49.53,50.12,52.45,50.35,48.12,46.93,50.91,50.1,33954,42469,43938,53566,55379,58418,33391,38658,40837,50480,53038,61637,39771,40806,35769,51193,51384,52231,31984,37591,45974,43390,50064,58249,0.254,0.0533,0.1363,0.1006,0.0281,0.1023,0.177,0.2285,0.0958,0.0471,0.0468,0.0868,0.106,0.0753,0.2154,0.0885,0.1405,0.1229,0.0578,0.1161,0.1848,0.2247,0.1,0.1235
11/16/20,11:54:31 AM,1.325E+17,00:27:00,45.9,53.56,51.24,52.11,50.11,52.9,47.16,46.9,50.23,53.73,52.11,51.36,50.9,51.62,47.05,51.47,49.99,51.42,49.54,50,48.12,47.19,50.9,50.67,33516,41805,43408,52940,56166,59545,34014,38836,40967,50879,52418,62351,39812,41413,35043,52459,50187,53315,31522,38255,45695,43489,49903,56113,0.2613,0.0291,0.0907,0.0669,0.1232,0.046,0.2168,0.2257,0.1196,0.0249,0.0669,0.0874,0.1003,0.0802,0.2205,0.0843,0.1267,0.0857,0.1402,0.1264,0.1848,0.2157,0.1003,0.1069
11/16/20,11:54:46 AM,1.325E+17,00:27:15,46.17,51.61,49.29,49.96,45.69,50.95,46.27,45.93,49.27,51.7,51.8,48.75,49.53,49.91,46.71,49.82,47.09,51.16,48.36,51.24,45.99,46.53,51.36,49.44,34430,41044,43795,54983,56128,56210,33742,39221,42447,52729,53477,63132,41291,40205,35827,52427,50856,55861,31789,38377,44819,43365,51425,56319,0.2515,0.0805,0.1478,0.1276,0.269,0.0989,0.2479,0.2602,0.1484,0.078,0.0753,0.1646,0.1405,0.1291,0.2323,0.1318,0.2192,0.093,0.177,0.0907,0.258,0.2387,0.0874,0.1432
11/16/20,11:55:01 AM,1.325E+17,00:27:30,47.21,52.94,50.8,51.52,51.56,52.57,48.22,46.53,50.41,52.82,53.36,51.09,51.19,51.45,45.34,50.87,49.55,51.67,50.28,50.05,48.34,47.25,51.59,50.86,33691,42141,44243,54212,56061,59206,34000,38666,41603,50188,53051,61732,39830,41569,34735,52625,50924,52396,32365,38201,46476,43035,49995,55988,0.2151,0.045,0.1032,0.083,0.0819,0.0547,0.1815,0.2387,0.1144,0.0481,0.0342,0.0949,0.0921,0.0849,0.2821,0.1012,0.1399,0.0788,0.1182,0.1249,0.1777,0.2137,0.081,0.1015
11/16/20,11:55:16 AM,1.325E+17,00:27:45,48.29,51.88,50.99,51.37,51,53.99,48.25,46.19,51.21,52.81,52.99,49.72,51.67,51.5,46.66,51.63,50.75,51.13,50.57,50.73,48.91,47.59,50.85,51.17,34439,42291,43682,55725,55524,60619,33443,38391,41858,51438,52300,62987,40155,41771,35721,53398,51281,53219,31596,38012,45116,43978,50045,55820,0.1793,0.0731,0.0978,0.0871,0.0975,0.0184,0.1806,0.2508,0.0916,0.0484,0.0437,0.1348,0.0788,0.0835,0.2341,0.0799,0.1046,0.0938,0.1098,0.1052,0.1596,0.2022,0.1017,0.0927
11/16/20,11:55:31 AM,1.325E+17,00:28:00,47.25,53.29,51.64,51.98,51.21,52.71,48.7,48.4,51.11,53.32,54.2,50.91,51.58,51.05,47.46,51.61,49.2,50.63,50.12,50.63,48.72,47.22,51.93,51.43,33377,41691,44215,54596,55975,60072,33989,38832,41377,49548,52033,62631,39806,42105,35515,53947,50793,52432,32309,38435,45781,43588,48547,56220,0.2137,0.036,0.0797,0.0704,0.0916,0.051,0.1662,0.1757,0.0944,0.0352,0.0132,0.1,0.0813,0.0961,0.2066,0.0805,0.1506,0.108,0.1229,0.108,0.1656,0.2147,0.0717,0.0854
11/16/20,11:55:46 AM,1.325E+17,00:28:15,47.62,54.64,51.25,53.64,54.26,53.48,48.41,47.29,51.84,54.17,53.35,52.46,52.24,51.93,48,52.14,51.47,52.46,51.76,51.23,48.38,49.54,53.22,50.56,33059,42145,42717,54581,53752,59021,34473,38070,41001,51235,53361,62403,39888,41960,35412,52759,50370,53169,30964,38271,45940,43452,50464,56573,0.2012,0.0025,0.0905,0.0271,0.0117,0.0312,0.1754,0.2123,0.0742,0.0139,0.0345,0.0576,0.0634,0.0717,0.1887,0.0661,0.0843,0.0576,0.0764,0.091,0.1764,0.1402,0.0378,0.11
11/16/20,11:56:01 AM,1.325E+17,00:28:30,46.71,52.91,50.71,51.89,51.73,53.24,48.27,47.16,50.18,53.71,53.47,52.16,51.07,50.88,47.04,51.52,49.98,51.05,50.46,50.38,48.8,46.99,51.02,50.27,33878,41444,43844,54731,55075,60055,33908,38210,41779,50509,53112,62469,39932,41657,35340,53123,50244,52925,32150,38337,46155,43295,50028,56333,0.2323,0.0458,0.1057,0.0728,0.0772,0.0373,0.1799,0.2168,0.1211,0.0254,0.0314,0.0655,0.0955,0.1009,0.2209,0.083,0.127,0.0961,0.1129,0.1153,0.163,0.2226,0.0969,0.1185
11/16/20,11:56:16 AM,1.325E+17,00:28:45,47.13,53.95,50.89,52.95,52.53,53.57,49.31,47.79,52.22,54.39,55.65,51,52.51,51.44,49.16,51.97,50.17,51.55,50.73,51.79,49.19,48.06,51.09,51.35,33651,42172,44010,53671,55492,60245,34423,37816,41165,50453,51943,58765,39308,42577,35192,51034,50357,53117,31931,37915,45841,43570,50473,56639,0.2178,0.0194,0.1006,0.0447,0.0557,0.0289,0.1472,0.1956,0.0639,0.0086,-0.0214,0.0975,0.0562,0.0852,0.1518,0.0707,0.1214,0.0821,0.1052,0.0756,0.1509,0.1867,0.0949,0.0877
11/16/20,11:56:31 AM,1.325E+17,00:29:00,46.21,52.44,50.76,52.54,51.62,52.33,48.86,47.04,50.83,53.39,52.45,51.16,51.6,49.31,47.82,52.17,50.8,51.54,50.94,51.11,48.72,46.48,50.71,51.82,33487,41226,43047,53849,57384,58711,34712,39156,41075,49281,51732,62481,39745,43110,35189,51316,50225,53272,32104,37841,45922,43333,51982,56677,0.2501,0.0581,0.1043,0.0554,0.0802,0.061,0.1612,0.2209,0.1023,0.0334,0.0578,0.093,0.0808,0.1472,0.1946,0.0653,0.1032,0.0824,0.0992,0.0944,0.1656,0.2404,0.1057,0.0747
11/16/20,11:56:46 AM,1.325E+17,00:29:15,47.7,53.55,51.02,52.71,50.65,52.84,48.94,45.99,50.75,54.14,53.57,51.95,51.59,51.37,46.48,50.95,49.19,50.27,49.41,50.38,48,46.36,51.72,50.01,33525,42820,43800,54212,56194,58998,34922,38925,41714,50264,52605,62275,39573,41939,36069,53259,50538,52194,32334,38468,46118,42761,51630,56170,0.1986,0.0294,0.0969,0.051,0.1075,0.0476,0.1587,0.258,0.1046,0.0147,0.0289,0.0712,0.081,0.0871,0.2404,0.0989,0.1509,0.1185,0.1442,0.1153,0.1887,0.2447,0.0775,0.1261
11/16/20,11:57:01 AM,1.325E+17,00:29:30,48.35,54.3,51.46,53.2,50.92,53.19,49.63,48.15,52.71,54.4,54.38,52.36,52.74,52.13,48.35,52.72,50.59,51.98,49.91,51.49,49.18,47.93,52.32,51.53,33628,42734,43706,54213,56121,59945,34670,38159,41415,50615,52481,61654,40064,41458,35450,53322,50635,52574,31686,38421,45963,43403,50470,56699,0.1773,0.0107,0.0846,0.0383,0.0997,0.0385,0.1375,0.1838,0.051,0.0083,0.0088,0.0602,0.0502,0.0664,0.1773,0.0507,0.1092,0.0704,0.1291,0.0838,0.1512,0.191,0.0613,0.0827
11/16/20,11:57:16 AM,1.325E+17,00:29:45,46.19,53.85,51.27,51.97,50.73,52.8,48.79,46.81,50.77,53.32,53.71,53.57,50.95,50.85,47.53,51.68,50.22,51.28,50.93,50.02,48.95,47.76,51.97,51.99,33179,41817,44128,53317,54805,58562,34362,38712,41478,49385,51841,62108,39951,41912,35512,53031,50041,52840,32347,38336,45707,43952,51175,56795,0.2508,0.0219,0.0899,0.0707,0.1052,0.0486,0.1633,0.2288,0.104,0.0352,0.0254,0.0289,0.0989,0.1017,0.2042,0.0786,0.1199,0.0896,0.0995,0.1258,0.1583,0.1966,0.0707,0.0701
11/16/20,11:57:31 AM,1.325E+17,00:30:00,45.79,53.06,50.85,51.15,51.48,55.04,46.46,44.21,51.06,52.87,52.9,51.95,50.73,51.46,47.39,51.73,49.72,50.86,50.57,50.23,49.61,47.3,51.81,50.43,33609,41994,43587,56072,53485,53776,31560,38069,41478,51053,52674,62762,40276,41909,35745,53081,50638,53037,31647,38503,46065,43527,50402,56544,0.2654,0.0419,0.1017,0.0933,0.0841,-0.0071,0.2411,0.3262,0.0958,0.0468,0.046,0.0712,0.1052,0.0846,0.209,0.0772,0.1348,0.1015,0.1098,0.1196,0.1381,0.212,0.075,0.1138
11/16/20,11:57:46 AM,1.325E+17,00:30:15,45.98,54.28,51.86,52.01,51.03,52.94,49.64,47.68,51.59,53.93,53,51.76,51.67,52.46,47.94,51.65,50.98,50.97,49.82,50.87,49.18,47.02,51.1,50.48,33883,41635,44012,53544,56066,59105,34421,38690,40352,50122,53010,62050,40051,41716,35291,52069,49626,53644,32276,38654,46190,43293,49854,55919,0.2584,0.0112,0.0736,0.0696,0.0966,0.045,0.1372,0.1992,0.081,0.0199,0.0434,0.0764,0.0788,0.0576,0.1906,0.0794,0.098,0.0983,0.1318,0.1012,0.1512,0.2216,0.0947,0.1124
11/16/20,11:58:01 AM,1.325E+17,00:30:30,47.99,54.31,52.12,53.58,53.31,53.3,49.78,47.58,51.59,54.74,53.2,52.15,52.52,53.18,48.38,52.59,51.13,51.25,50.71,51.55,49.49,47.42,52.11,51.53,33703,42145,43464,54076,57135,58549,34285,39091,41645,50976,52694,63537,39995,41368,34037,53560,50447,53235,31800,38592,46163,43658,52237,57037,0.189,0.0105,0.0666,0.0286,0.0355,0.0357,0.133,0.2026,0.081,0.0001,0.0383,0.0658,0.056,0.0388,0.1764,0.0541,0.0938,0.0905,0.1057,0.0821,0.1417,0.2079,0.0669,0.0827
11/16/20,11:58:16 AM,1.325E+17,00:30:45,47.92,54.45,51.74,52.61,52.29,53.28,49.33,47.1,51.48,53.54,54.11,51.88,51.58,51.27,48.41,52.71,50.21,50.81,50.42,50.82,49.26,47.9,51.32,51.24,33399,42246,44009,54242,55288,59699,34619,38916,41596,50691,52943,63332,39787,41007,35314,52169,50587,53194,31630,38271,46022,43449,50080,56196,0.1913,0.0071,0.0769,0.0536,0.0621,0.0362,0.1466,0.2188,0.0841,0.0296,0.0154,0.0731,0.0813,0.0899,0.1754,0.051,0.1202,0.1029,0.1141,0.1026,0.1487,0.192,0.0885,0.0907
11/16/20,11:58:31 AM,1.325E+17,00:31:00,47.8,53.95,50.88,54.02,52.23,54.09,48.84,48.11,54.46,54.27,53.13,51.05,52,51.3,46.75,50.78,49.88,51.2,50.72,51.76,48.62,47.47,51.57,51.17,34442,42003,43760,54106,55771,59391,33394,38633,40011,47657,52891,61425,40095,42326,35323,52548,50676,51803,31850,38349,46266,43087,50443,56752,0.1953,0.0194,0.1009,0.0176,0.0637,0.0159,0.1618,0.1851,0.0068,0.0115,0.0401,0.0961,0.0699,0.0891,0.2309,0.1037,0.13,0.0919,0.1055,0.0764,0.1687,0.2063,0.0816,0.0927