"","compound","Egg-Fertilized_F1_8","Egg-Fertilized_F2_4","Egg-Fertilized_F3_18","Egg-Fertilized_F4_12","Embryo-1_F5_39","Embryo-1_F6_7","Embryo-1_F7_23","Embryo-1_F8_29","Larvae-1_F9_6","Larvae-1_F10_19","Larvae-1_F11_44","Larvae-1_F12_5","Larvae-2_F15_46","Larvae-2_F16_11","Larvae-3_F17_43","Larvae-3_F18_26","Larvae-3_F19_17","Larvae-3_F20_9","Larvae-4_F23_1","Larvae-4_F24_24","Larvae-5_F25_2","Larvae-5_F26_22","Larvae-5_F27_15","Larvae-5_F28_13","Larvae-6_F31_16","Larvae-6_F32_14","Recruit-1_F33_3","Recruit-1_F34_47","Recruit-1_F35_10","Recruit-1_F36_28","Recruit-1_Plug_20","Recruit-1_Plug_32","Recruit-1_Plug_35","Recruit-1_Plug_37","Recruit-2_F37_45","Recruit-2_F38_27","Recruit-2_F39_21","Recruit-2_F40_25","Recruit-2_Plug_31","Recruit-2_Plug_34"
"1","GTP",1712.45309634346,799.029452992782,3282.90544190045,3509.41572376513,22441.0966308557,1793.62623587165,4130.87922302606,4666.34006008695,1049.33427164533,1153.78639905237,17765.9429664164,1007.80504342831,16983.8677076835,1721.48344000484,1673.24558417917,0,805.252359741741,0,624.962038799512,2155.61417181844,996.993040502672,896.100353658951,864.754042085867,0,0,0,0,1425.23727362568,0,0,0,0,0,0,1388.14440723755,0,0,0,0,0
"2","CTP",1307.93539733497,0,0,0,9297.73700642044,730.696288938494,1726.28698468832,1762.18030733934,916.205065625112,994.455177491965,7757.83905556887,1081.11641165255,2332.95257499442,883.39138441045,0,0,0,0,0,0,0,0,0,0,0,0,0,0,0,0,0,0,0,0,0,0,0,0,0,0
"3","UTP",1560.6185957943,2037.63612889056,0,4228.36558847566,14053.7200072743,4286.08817135038,3404.93895501362,4589.44890957762,1848.58039488468,1485.97389236215,13994.7164129722,1980.77418848057,3732.50255634108,1535.43807247436,0,0,481.757205146144,0,0,0,911.271132575385,661.022893483541,0,0,0,0,0,1215.04187681896,987.69847470026,0,0,0,0,0,0,0,0,0,0,0
"4","ATP",30999.7552139376,15333.2266019003,147223.273184203,129638.72240067,286457.253478188,92073.3459386562,95252.6321859169,114605.01533764,19639.7128316727,33459.1446458452,164547.118960328,33161.8495548158,136338.854047734,56572.7062990497,15155.7762837489,11908.1495944684,9309.89935058748,6939.8876852987,8338.29872489624,28383.0290522524,9125.76760831586,7406.00776020518,9064.77114748106,3265.60879351606,1418.23452763283,1201.98215696034,2968.86804277367,11760.8928911199,5583.11901443663,4070.00638880092,1909.59357147251,1083.37965406116,0,0,6449.71175114484,1777.79163634929,1144.73604715756,2179.01470599855,1031.16371416988,0
"5","Lysine",6323420.516017,5273394.11997176,13426109.0823647,9354078.23474518,2899966.36063412,1895814.16765804,3036158.844627,3716695.544416,642558.491208648,952622.168521545,2404803.72635352,1159344.9372206,1611983.16231733,914384.121883246,79185.004793699,98857.0503129786,58726.9758640669,115232.730769099,83242.8894329801,178994.554347135,60918.0318729599,51333.2019973707,84410.3805380404,23444.9032606529,52818.5148124505,16048.1547912854,62250.282054809,202661.637794134,50257.3775883148,36070.6980991739,128606.759004024,50802.1423887326,96850.1165566919,71717.480370399,46637.6072036028,31276.5229641376,18234.2481424378,78937.7866537533,13756.4048637257,36258.984136078
"6","NADP+",17297.2941340626,7345.79306883811,59755.3261375325,61767.5985694031,21378.7988695639,19179.2983429879,27542.1931739814,34232.6601412998,7591.03938198286,14243.669056055,17432.6850416765,5196.03710072873,12206.673765022,11514.6034903647,1069.2737300973,1040.54882744664,2504.86627911028,1924.89400544398,1045.13023460518,2401.01702954245,1127.47934578543,779.323161399451,2560.2012460469,1053.42954898033,1069.34196587134,700.415291866937,1221.2070280047,5511.51984098534,1181.20679075632,884.262384347191,1422.62018146081,0,1664.94199233053,0,1214.19217604566,0,1202.56688226274,1853.2913879349,0,0
"7","5-Hydroxylysine",791108.085087946,664997.676796564,2000888.42233458,1192586.14943355,345632.790861034,273180.118140614,377151.088055637,465335.273528642,70745.7133266,122234.269452863,251029.486888204,138929.13489572,190691.158772964,94901.3421491719,25111.192471344,17676.3810246951,11825.919315289,18515.1226533392,10064.5039575349,24224.4678885797,2301.58827214947,4215.70418631595,2584.74676037909,2854.68970250636,7696.1501785388,0,4626.685652037,126624.525298669,2297.81142702454,1573.74353414564,20264.4933554668,1932.59029955657,5905.40521344572,7713.52555633071,38030.3051437448,2940.62682783381,4036.96078124378,8948.84478228427,0,0
"8","Arginine",4359555.7202035,3194610.2374287,6519719.57267576,4773370.99684307,1588573.559725,1314772.73388887,1745959.54930203,2311140.27382701,659782.543706889,903847.216811393,1564637.99486,821146.53936165,957108.495954,1434576.12087805,79964.8213835958,98964.5124767744,106275.350771612,158870.497023694,226580.648695835,343622.357715397,73050.7809183341,60987.3338952487,179370.574555981,12811.044010547,42800.2835504157,14455.2028571851,55880.490490617,122895.556364681,41319.0673636038,15341.477390142,126541.759786503,22476.8686035561,227082.122556698,117290.715968596,50333.3161942397,15234.7739776195,13387.3697716078,49269.3084089881,20463.4811514269,39970.056237902
"9","Ornithine",529558.642378245,418778.066061368,1100168.37690595,841495.067167986,141152.171802999,114741.64654948,204302.672654992,199889.746217678,54819.6988402832,57450.3326989254,154273.194810811,82063.5458796199,153004.233396836,99895.3371304043,20106.3436922715,20420.4673349178,13464.2153013705,25750.5298431692,18272.1053692529,30830.3862961059,16594.4203558106,16935.0218134195,20981.4247791458,13213.3719665726,20071.005004368,12271.1304146599,15307.34242036,43237.7926219207,14464.2275292564,11989.0137788306,42703.9900234685,17353.4939734971,29385.830402091,32372.1409281052,14181.2021426541,13469.2721648533,11008.9039477968,24458.5302899067,10370.5485257851,23359.0349976618
"10","NADPH",9390.18702003212,20770.9141074051,68037.2697207485,49966.7630917917,23411.8889097947,15898.3537555676,10405.9276751213,21285.4937714524,3700.69244315488,7363.92047416837,25583.2003248064,13934.3978644071,34425.6398842227,13222.4252280281,4789.59056798869,3585.76258438435,2356.38557342379,1904.67190784429,3884.32599347908,3414.68677263401,3147.12843493281,2174.6699863068,2604.92174499492,0,881.429972331926,0,1155.06813676023,9549.96611398205,1146.95178317626,899.791721222648,0,0,0,0,1736.11609753676,1211.585959825,0,1614.78843983207,0,0
"11","Homoarginine",5209154.21083452,4537201.12545282,10585940.278154,7555176.57863532,1124517.71568363,859395.666994539,1250534.85283206,1555066.80747869,266039.948670873,427219.917451921,887267.096695657,509067.304717005,332627.630672089,398885.309844674,29758.7600045317,37260.5875556702,24311.6392757202,51327.2188668752,50275.4843125649,98174.4719440944,17301.0187160329,18292.5012705519,44841.7295272191,1469.89866524525,13670.3892392863,2763.31054495993,25030.238917783,64345.0074539918,18146.422557617,5560.01994865023,43758.6039232354,13783.1853221654,38116.3823656011,27584.184961017,16452.9230424733,4576.71668479119,6954.4636735475,28202.7233134788,1025.46990900863,9778.58067840278
"12","Glucose-6-phosphate",316969.074131087,261336.827803594,691748.26440099,539853.789312054,180864.341422859,124010.347137268,183695.877309067,223620.046709589,49350.6369139354,72062.3294850912,178513.976295045,92697.0835027122,173703.930057369,101506.524657727,26073.2687768562,31906.1873539112,21172.7898531155,47466.7882972871,32805.2035976295,77449.3325072241,20776.8976503477,18824.5946009301,26074.7867694709,7602.35073907705,9761.17801311342,3405.84962805864,23716.5413303413,84278.1070166434,19734.2704688193,13344.570575865,15435.379882646,4138.70272758905,9358.44475039327,5365.05544110039,17161.6173176995,9347.53995535146,6102.83672582169,29811.9253546359,772.25157399463,2730.89109877393
"13","Phosphocholine",3612977.44640747,2817224.46765939,7039487.39762878,5067396.48016646,469225.172544886,387503.079063233,512555.083216762,663107.341648443,326845.686986688,517597.300931255,1098925.90383441,629932.495373882,510147.18720771,303121.98400256,45207.4569152278,50100.3926641544,34112.3390647714,101148.052151613,33504.3149039882,73714.6703531507,19797.6095029016,19880.3277888633,27399.8229765662,52355.6907869902,29143.9454895558,12450.3814038896,31045.0721129248,74148.6789792916,35048.1755190138,10945.0784137783,90752.0651703917,22304.8672423909,61518.8960601547,33570.1319578482,47925.1338307371,26469.511099481,16198.899763109,40423.412973713,6880.8933397815,11090.9079604083
"14","ADP",214857.870170791,159370.908051215,391588.217163719,266417.837755996,57080.968225131,35822.6901149606,41485.9995063141,53784.9984758366,17589.1030276521,27328.8102825736,61243.2668125256,22838.7346414095,50739.3526569847,37129.8922839153,8577.91221522069,10005.80825359,8129.59884534842,17169.2283396828,11993.6044743964,28244.4504024216,8685.52697740073,8103.4313560168,11588.8639029383,3697.56584718596,3161.14360036427,2497.7212573303,6134.39464949989,20327.4708731554,8989.03787659514,5191.82927228887,1857.8426881093,0,772.221256853125,0,6056.91024590207,2440.62505785011,1007.28258739369,3558.11516225489,0,1022.50743246755
"15","GMP",108858.831775202,66889.1160459472,101025.385213813,66787.3964168023,9403.56956064517,9518.35552503063,9418.29732700528,11647.336591789,6796.44562347002,6946.21481649095,11016.8041080737,3004.31219430426,22226.6457406286,12170.5177257421,2477.89888773241,5386.97316745244,6272.34070213121,27197.0525777052,18448.8163637579,25389.0920883643,4895.20684679034,5850.84275319236,10061.5358351726,1758.40222856107,9396.38780396561,1013.21985409226,17826.0044988538,48349.0944942023,11224.7920502232,6116.15038834639,19311.2392789907,2629.95629652508,15079.8165978416,10998.2571731907,15177.3069610239,9517.23711311766,4234.66726846481,27578.6282656689,865.863970632177,5664.54396923258
"16","Nicotinamide ribotide",45072.2820331491,56613.7646701274,157957.957152859,116431.962375243,24025.2536968916,22809.1654685289,30124.8031571049,33463.6683461085,4916.26870296297,10535.190333526,24224.613140626,16404.2996475543,16600.0368489329,13305.0926900426,1597.52071307549,1640.86457795839,1907.31304105423,1942.54507840996,1858.02322286933,6299.45144027339,1479.6928936103,1144.30527544438,1335.09358748589,1417.38521689108,1033.04308826972,0,3603.91527628594,8250.98204723575,1663.40698294245,2174.53531200114,2657.62906735879,983.79889759142,1985.55505499268,1016.08045202039,3167.10709621248,1545.39708680443,1053.46307436659,6825.67955290845,0,934.029732862886
"17","NG-dimethyl-L-arginine",1337106.42045858,1083238.21705875,2710250.02145247,2050617.32928524,390332.13565791,370618.001963617,476012.931562258,545067.020796479,176426.937487852,195181.867113248,577205.144422043,283781.47016391,467084.24518335,270394.853107881,45477.7293505789,62200.7628284042,37238.8319533388,62797.2766781457,83889.249811262,127750.675188078,31002.3007666922,38721.5634015949,54981.3154521294,6545.78233041226,42580.3285650481,8081.76050408681,44187.5320911472,163899.542369447,36506.4038444928,17874.2667436513,142816.666748926,51661.7417922817,112152.506073698,89147.3240723705,44522.04554669,16915.8243895501,13770.3144116479,68037.7796807749,8954.14819419102,42132.8725816771
"18","S-adenosyl-L-methionine",359147.643237927,271060.450879374,883629.555212959,577362.046181384,46700.079307435,46951.0406472681,61835.7278684253,73206.0758818412,34219.2161861314,40914.0431134235,118538.04558764,57501.6859730701,69282.1271847887,55170.3227486606,6450.21701349925,7497.12888453555,6471.74563703168,9893.4511188255,9656.22153070236,14930.6927404538,5161.43066550717,5356.24609492676,7191.09580650441,1184.2732950657,4175.87962443416,995.589345431172,4462.12258084512,17192.9204300257,3541.20324863803,1229.52922626287,6156.77416197094,0,3757.82209789645,1773.28637042471,4165.49766370705,1204.23249197476,1845.99647031848,3007.92018834462,0,1023.07708960348
"19","UDP-D-Glucose",12916.6292073802,9691.96422389658,12310.9377331176,24966.0782680694,4875.61901625829,3419.36412258287,9127.86414453747,3508.19554161651,1128.39621876896,1711.57977557799,9634.00040212327,4265.53925134723,2844.76460648948,0,0,0,0,0,0,0,0,0,0,0,0,0,0,0,0,0,0,0,0,0,0,0,0,0,0,0
"20","CDP-Choline",4644192.40944146,3900798.84757972,11042836.6528624,6951502.16082669,3464595.63116298,2739994.84145323,4273461.50550377,5284630.35222792,303681.930305333,457282.923911046,1170604.18793681,539276.893726666,78791.0569687011,39534.515313485,7327.77420329867,7678.74749782046,4702.22435297236,10827.8084413548,8625.42937014957,20240.7978705423,6214.85745481268,5024.9892275595,6816.46053780654,0,3290.11495362934,0,3112.26387177448,28578.984434773,6432.22153680179,4783.30335103905,9690.02460592937,1646.73940218597,8358.26275543688,3658.47550562299,7516.76442960519,3360.31919661974,851.436348983354,9794.14670749438,0,1165.96156677803
"21","UMP",326456.16031277,235047.947472662,595358.709534794,347926.349962466,30536.9936265045,47089.4869560352,70317.0548506079,100304.050862201,27731.879702446,37163.6673869805,29476.6036937922,25682.1450397596,24471.2920574925,31231.8935252662,4485.40607979546,10516.1676626418,5524.69931546523,26303.6709602756,16473.2341180949,25979.3048149589,4320.62519859797,5320.46590490315,9987.14219254017,2057.4193426539,11566.7769588243,1093.56755173978,16778.2010372458,48439.7115159012,9729.94483414187,6752.36261234344,52099.4591580157,21335.2013237764,27236.1663171483,23075.1442869638,12847.1650026904,10808.4969892645,5443.66685828525,33212.3009324882,2208.74401804815,16079.178487522
"22","NAD+",733017.231282846,640064.516126662,1939709.38530404,1326463.36422585,388943.131907977,306959.179025602,417052.838076357,543020.452962056,113387.357772633,175566.147740068,482428.531403171,255675.235724771,420368.882718518,227161.001552746,43352.1624363656,56145.5343749654,24541.4762763073,46131.8826418008,46126.5598748031,114646.698502252,26894.2586303218,32353.1166832637,44313.6095141517,5364.77822830511,18762.6466388053,2850.40328183541,30824.199582445,115666.194402483,24986.1690089677,21057.1296591845,50040.2737869619,13578.5432786,38019.5605350938,30007.0895256156,31702.8137428634,15532.3170748931,11340.2122118614,54739.626072477,2799.74539432046,13307.6970572688
"23","ADP-D-Glucose",12521.3561336841,10466.2268383507,31401.805073148,20409.0434292674,5109.9257732615,6205.27368769929,7115.83556398647,11490.3694502167,2731.0981960832,4469.9811942167,9231.96582786161,4693.15038533814,14617.6618086089,6946.45270460167,1214.89075984129,0,710.167190076691,1230.5072225237,1618.24447918765,7892.22883326616,706.655750475347,1069.94050212503,1056.52393849821,0,0,0,0,2745.24706045244,0,0,3033.94812952884,0,1718.0785998977,0,0,0,0,1569.06703145633,0,0
"24","UDP-N-acetyl-glucosamine",1397485.32386861,1314981.20073421,3241600.35383404,2327977.12468775,731299.74483434,614070.298256628,798178.430549902,1089496.89952035,229267.79913865,321025.495444904,846921.018065773,387691.842288338,459433.201710992,229707.405598481,69245.4001760348,88750.6608630381,38886.4062749342,77124.5215812652,70992.6037680651,163193.591000691,33806.3311389881,42163.1825173933,54219.3720992372,7830.086413346,28890.551401683,3436.1888324688,36741.6374914316,119154.7087023,27809.1457993271,25890.0983449292,55300.9378633988,8819.07588210026,53753.8306564408,40242.2075996552,38476.5976603698,18283.4672781969,14950.7241901008,54559.787565524,3312.84303641381,13807.5576307839
"25","Glycerol-3-phosphate",130853.847603335,148496.515173457,326603.142373299,154679.741670016,14052.4290360848,17444.7079049951,21606.4114992366,25080.0707109196,8241.59818882103,11360.1417658735,13174.1621767992,12080.6524231005,7140.94010968953,17539.4033284005,1178.77010675484,1095.89424613285,11947.7514604012,3576.36942965014,927.267969785535,2248.90234095606,1137.18786358795,683.659504694426,5650.57871894505,13003.2855898374,4382.04238738804,0,3007.84613575598,3502.64269373293,1337.6596432194,0,1317.09121826859,0,1440.81023791125,871.796283860984,3769.24512547187,1481.75781565605,0,1308.74085320525,2287.04553861508,0
"26","Coenzyme A",2227.74173508954,1603.47344930747,0,0,14283.5399623113,3697.16704266931,0,3129.80169146817,1259.41585050023,0,12205.9908195151,1490.78002917775,12697.5874624113,1711.06829850697,1173.71040437698,0,0,0,722.988319792188,0,0,0,0,0,0,0,0,2343.17497181211,0,0,0,0,0,0,0,0,0,0,0,0
"27","AMP",4158087.74597467,2870705.46638247,5309410.82374893,3039854.99887909,178260.985172165,276171.488346511,349236.216245441,500246.451906381,160616.111408357,161371.099898432,196785.802689187,85915.984140385,295715.802539344,222571.486653513,58324.8658380455,105957.487417076,99537.3218260764,503952.854767049,491140.304368108,437683.24129397,93054.2875189865,144896.053856124,189146.597794369,36453.8474868072,183866.368789348,36521.1451302134,454826.116955801,1622654.2241593,232983.384292312,139048.83500375,312396.457737541,47700.2396549117,307176.59894508,188044.984433284,244496.230785185,144729.6378669,95873.6690610844,433571.327285409,17500.3157492452,87822.6571935831
"28","N-carbomoyl-L-aspartate",20867.0553771938,4822.8293880592,5296.55599703187,7994.03461719381,0,0,0,2320.35706857242,996.510154740446,0,0,0,0,0,0,0,0,0,0,2728.83778854632,0,0,0,0,0,0,5392.26254751749,989.11118215074,1088.12091066156,2067.19468020375,0,739.910434712153,0,0,914.85988256474,0,961.912145076211,1420.36725581857,0,0
"29","Acetyl CoA",0,8945.56857294308,7805.86083680161,21047.9888911246,6812.42788351236,2123.14683527899,2441.39436781446,0,0,1756.91551392387,0,0,0,3259.79766034054,0,0,0,2191.25462963447,0,0,0,0,2319.35752778009,0,0,0,0,0,0,0,0,0,0,0,0,0,0,0,0,0
"30","Carnosine",60826.3819960899,34272.2657669363,502124.506504114,80010.5693056053,37774.5663087975,28376.8168409976,21636.1477111742,35230.4519523994,4765.63191389298,7486.24938065797,40303.8652875358,15356.6133738679,51683.119923073,70691.2258978759,0,0,2736.14669783268,2740.04478197608,0,3446.31690401173,0,0,1971.59929615679,0,1559.93976134685,0,0,21220.0565714094,0,0,0,0,1351.01830037322,1361.07910302764,0,0,0,0,0,0
"31","NADH",86139.453572724,124449.426583577,275132.35016963,193271.327260773,0,2557.27190739043,0,0,0,0,0,0,0,0,0,0,0,0,0,2488.50403921341,0,0,0,0,0,0,0,0,0,0,0,0,0,0,0,0,0,0,0,0
"32","Glutathione",15805.4342540733,103884.30782385,0,26691.2363309911,252337.327301299,104973.859200577,19612.3045512161,133730.598419672,36750.6017376996,14559.630320597,288886.849988875,70979.2983607335,299905.909139253,1632.50806279447,38865.2906491353,8846.59994760304,3593.33477298172,1948.99736138492,4974.93593975665,23234.0580324926,7318.87375215516,5857.6039197306,0,2205.19555326546,0,1145.31843859926,3295.78655867124,193418.985879236,2320.75812933571,1478.17701186899,0,0,0,0,58431.1090876572,0,5545.06538926891,17761.7732103142,0,0
"33","Aspartate",204281.941371558,217203.662353059,519333.983545592,372378.964757339,117694.963485014,97000.1889369613,145619.23438311,185783.003489279,72235.5059907439,98890.9715341539,189990.073661732,97313.282948354,138888.112830184,73996.0941025435,17684.5633289285,18561.3696114116,12069.4305157111,27922.5141487463,21366.1562742719,41799.3843630733,16915.2988254867,16569.6528865095,23727.7434845506,7249.69062158789,17539.7662753368,3378.69882434878,20765.7338698618,67744.5116360544,16524.458064417,16271.4447269015,43443.9549824814,15086.6204059238,33295.6692059711,24989.1437575122,24297.2778993479,10053.2686059787,7658.85309273031,34617.7517783384,4788.94252513701,17405.1956251434
"34","Glutamate",18638550.839513,14429520.5328382,38521649.6344103,26278876.0961916,7803792.64599376,7169020.37060885,10132070.2904863,13226862.2788721,3888131.17949392,5216207.1600305,13469322.9919933,6425820.85994645,8339033.34227563,5010162.96317795,891644.605910442,1126015.58380632,602491.138692062,1217512.18864448,1210084.33799814,2818220.00939047,834014.822610884,845877.135353847,1178296.63545017,178929.143174375,745892.113828273,113080.914968851,1030257.32620986,3275967.56991018,688469.153425247,654491.083038999,1543735.60804586,468866.068682298,1090639.55514821,910103.604961945,840603.221341462,551081.238608253,279946.294686828,1516684.11109809,146270.438309602,566620.14906546
"35","N-Acetylaspartate",5366.70343866447,14319.801730054,7653.63964288225,18612.2668070473,3510.89996912033,8427.31329339328,9984.55242465487,9287.12887124703,1861.60513257045,2742.71159412771,4575.55485618382,2112.09724485178,0,0,0,0,0,0,899.916857489731,0,0,0,0,0,0,0,5248.60699775359,0,2184.13207951921,1245.76322575359,0,0,0,0,0,0,0,0,0,0
"36","FAD",117798.19084754,112240.177971187,253687.39586391,203472.473374356,67232.7774649755,49691.1316505841,68412.7843662915,108654.033709698,14358.4501057528,31833.3512367633,71666.4637906463,31989.9460547752,53721.862258083,24187.651793379,2439.5395171256,2932.94081606231,2319.97207046425,4388.92446015783,4728.35402714528,8406.79167795859,2080.91318424605,0,1734.26576711099,0,0,0,2358.44433545345,5025.50556241767,1927.29938358171,0,2643.36219411823,0,1801.52925615672,0,0,0,0,2713.0744193205,0,0
"37","N-acetyl-glutamate",13600.2765094065,4153.8429179728,12823.8779524675,6293.71513050678,0,2944.0612467809,6042.38685067011,4838.96377076749,2699.77478498931,2131.64178052629,7122.24894257091,5213.53207788442,7874.80398227566,2203.77203725303,0,4876.28173168534,1126.12311772764,2487.46633310567,3107.6176895706,6063.13706571381,2706.89736905985,1360.53366704654,2655.66462741036,0,1822.05954095086,1400.61502988371,6422.27513685444,6496.95986566171,2237.13842945191,2393.99757764373,5841.48773805159,1910.43537575208,5649.28706765839,1437.4106822898,8040.81723508511,2736.23900460745,1378.83101095809,2855.76700261691,1083.49992325486,1873.12308471183
"38","Glycerophosphocholine",1056248.77916454,599665.207794508,3820404.89424993,1063450.88331084,326648.581048064,368600.244960107,378952.782877585,569524.762957871,149587.464216084,202106.347978692,366348.045248959,258665.480686481,341956.943686859,1139156.30832516,38554.8518066139,116907.07588439,192095.531073059,35832.6298944926,28347.9215727988,52998.3293414715,17516.9686731044,53307.5029195453,309402.454229197,1011425.24179406,382158.940606257,12269.0018203895,90095.6742806624,103335.777670854,56946.3998766889,21137.9161061006,61243.2244395557,39350.7239967728,53181.3748941997,30187.6051548867,175158.882636751,343920.828911976,61628.5309317364,32332.6100076429,275341.014388612,31020.8873072394
"39","Acetyllysine",1504814.33955874,1300682.29709171,2948235.32118686,2088554.14130055,941878.586791684,672399.388996121,908485.439532417,1186746.94254359,238901.462079131,345833.445186768,834388.118599818,413780.646854884,600471.927742855,352367.300528373,69953.7384307522,86120.4711653704,46633.8054940239,83673.8730968438,62939.1943343175,144582.725568297,40341.1296893441,37613.2075468027,55091.4992593682,14060.6903036776,40015.5606618551,8123.31749011576,53800.2969957639,282120.355581307,45137.5370537641,33449.0944968024,75833.4418912426,28504.6956878085,56538.5611973031,44872.8784790166,63591.4678532984,28385.8951785077,17041.5368034826,41752.4825140444,4463.09307551804,27574.0999477807
"40","Itaconic acid",594973.436844293,471773.523725331,1245976.96309842,848593.384717421,238220.972621909,214330.735945258,285951.986696551,396823.987164943,74863.4516547431,91686.7462701488,304121.720109167,121909.738040881,167175.83875889,105472.895976002,14592.8743551191,26372.1034531739,10498.734612301,24190.7831391876,19267.2006695787,52395.5198114636,17149.4606228497,18170.9533862893,21368.5435884311,1785.50068846669,14026.8140433293,2879.50305160714,28707.7550626219,105715.132703028,19812.0549979994,12565.0264080129,23174.8207495708,8311.355644896,20697.0718711633,12677.6170145525,19378.704331574,15055.431067272,6813.17441409181,36479.9668940268,932.684284079425,6679.36555145343
"41","N-acetyl-L-ornithine",205511.650782349,167532.221871397,1115627.30175216,283038.67271016,4938.47938263779,33127.6323143803,82020.9424929377,90578.7923079008,13590.3390387601,22118.5816353444,5686.90891798842,28197.2718684215,17467.214443128,62454.1127349988,3234.92673874477,3812.96045124596,3923.33077667925,10045.6236393327,3872.8950875449,12375.6687393561,2910.02060458137,2036.38438702635,7475.24906530687,3386.74271068134,5692.57373166568,5907.89992521301,2794.76522816864,4859.14156091096,5000.8371261843,4960.12906856866,10504.434848992,4502.68756158187,5010.85322490205,2476.49848410241,4712.44157439309,5279.09769187548,3815.73123255866,8325.35915978439,3047.14512844363,2328.80358257358
"42","4-Aminobutyrate",2256880.45526586,1986096.97841325,2869807.1561265,2164327.24152666,1010224.22656083,798743.582311392,1368767.67526358,1658533.15075868,502937.465859384,556468.228123817,1027358.22099255,411914.759880174,631011.097110569,422308.211352923,193924.02620298,248100.803361499,154124.044131194,339280.037212211,172845.996894589,404583.869595326,232430.601250652,205436.900943207,354119.021421153,167934.239032813,237328.209149962,152423.219908561,229715.642870771,476667.153174746,222038.840157693,207725.717315181,330181.600567671,207701.03325938,220568.779161062,261944.666363159,290291.819552598,217580.818341389,206571.298265311,389241.077280989,183498.275794383,207264.215096659
"43","Asparagine",201809.250946516,138318.44623136,458465.873244703,255800.349793145,78882.6278675249,65398.0898322577,94789.8202946315,122332.535818779,39223.9363253523,48456.1839019091,128916.279309228,66880.3417179557,128816.843236629,90311.6529379473,18896.6933384644,19037.2669372517,11455.0756718601,21537.37447095,12101.3081313472,31003.0674762301,10402.2033558143,9914.50530771202,20746.9303737346,2197.75569553587,13593.0627221126,2036.01389169583,14181.9823431921,37955.0340987068,12777.8525477593,9637.59031084023,34863.0235876299,13149.3255800778,28656.6511594564,19574.0189666619,12878.1010484437,7835.1313423752,5003.08198188244,21793.2522270412,6111.29367504006,16705.2497642648
"44","Homocitrulline",593849.561452916,484390.41741949,1040605.44779297,757369.507283995,259247.778717506,255647.173359787,333876.486792671,396665.079679336,111455.731725606,122800.2621516,311913.407584879,162432.890495957,202137.963101396,118803.111381834,23080.5451721758,24188.993452295,17786.4981026671,32568.3680225393,28975.9621773834,46573.5728567183,9828.2530004051,12244.8835894324,17079.9182872366,0,0,0,10475.8469681137,47244.9907935868,5133.07614985129,6736.75299744852,12885.7404634977,4517.54804462411,19495.1871882686,12860.6435510363,2876.4359991703,2685.69526108126,0,4567.99094141537,0,6154.97355238618
"45","Glycyl-L-proline",139929.688322039,128256.51668143,253577.365217788,208253.75975697,100622.997975616,91145.7833359749,105105.797355523,125294.986182668,51216.8755757476,74015.6743221207,113719.015345217,69576.5420416038,141588.898617336,72824.0093765513,43289.297642139,56361.1456543818,26337.1431115907,36023.1329312935,39109.1965993184,67132.3433274556,32818.7596650228,29892.9788024982,37380.8223379696,8948.20471070223,30412.7398799659,10801.3944501579,35000.8291091039,79332.4027762948,33295.7182941093,20768.9494088845,50735.7424210333,24002.1439269855,44088.5450771894,28123.9742137817,36483.5812886451,30382.9177491144,19079.680631034,53692.4157380164,7860.95320269583,17220.4277852127
"46","Serine",398165.683075542,330828.69945186,805149.176810139,530959.293179955,90476.8762312216,87110.6798575566,116393.914538197,152974.100892287,56547.590866807,78225.2216710202,188318.34179949,82496.4334293959,438264.954260455,203869.433235666,46855.5244566219,39919.4689412211,31003.0961164199,59481.5695921277,34413.5531576665,49618.5462116285,20914.7777332278,20028.1386549473,41469.6679727401,12746.409567702,23566.4045222995,8359.04358808768,27903.3099560204,103704.908228621,18335.83134681,19583.6533713438,127476.220859264,28131.5346025377,72497.4095355938,84712.9131404687,24256.9859686963,22511.8588153598,14563.4990199698,33132.654848523,12990.463273807,54690.5934140496
"47","Glutamine",5193824.10520528,3957766.4193488,8743514.44036703,6728769.63748776,3592044.5049006,2840341.86481824,3907875.89757808,5155904.58353978,1177435.81590593,1519650.13705228,3956818.04578457,1927387.06694222,4462259.52135554,2246865.64391642,640405.475862022,708076.669656127,313074.796494547,745630.134469176,797130.91602684,1712073.05781789,1168020.18399024,1126664.99707463,1540819.82417286,216028.911506491,1756797.55922818,269670.386637556,740735.913084909,2170664.56271574,580063.618294563,586795.474638543,4199804.43535745,1225430.27425781,2968613.50952632,2871493.94754012,1116950.29053465,663036.833400846,426111.038207939,1924479.8819582,263809.132402991,1221628.59773395
"48","Histidine",495878.555678585,282789.368009029,1381054.86089578,646826.66634483,81196.535738662,72334.238299592,125309.207573828,104900.458246938,27588.3815620859,53188.1123677389,110732.867695222,79493.4595960297,256710.948977339,159501.126555725,29498.5367002922,20550.4157217792,27162.2916781297,29932.9318053469,32532.1077844026,54628.2065304819,7126.04250200853,13065.4748483793,20624.0307339746,11548.4512788563,5840.20117679982,3850.42944401573,15496.5489962642,86265.3774862352,15213.876594737,10692.9340744357,33215.7543386993,6483.08942831547,16687.7097601452,11666.9210635547,23164.6555940318,7016.11616466626,4998.48378722082,21985.1486490562,5565.36695633886,5204.04399115731
"49","1-Methylhistidine",3530836.28844222,2508801.53278659,7608915.4612654,5326035.29846037,940445.428215963,652346.905241151,1033720.33511403,1246231.86889263,128264.687811527,177859.314252419,776966.296668878,245975.315583751,610316.488903353,341088.976942617,20959.847217592,30038.0447647116,36397.3082454538,38694.2173938878,38924.7727098059,57998.8044911694,11053.7453333062,13566.059047453,19218.655931424,13669.7665091354,10408.1964991967,7289.66297461805,12204.0189363915,154333.544298413,12744.4706861605,10542.8409373861,21550.5008945929,8927.89109017326,18707.5818922266,14414.523129364,27591.6026208713,8588.28305186994,5563.33110208708,19485.9534932896,5267.11296241925,5902.95904388524
"50","Acetyl-arginine",0,0,0,0,0,0,0,0,2181.50700510119,13066.4053921208,0,0,24322.8631885745,9409.85155883773,5503.66114424927,7444.29084000993,3191.4576396432,16205.4278408195,4209.74424061577,11893.3713911258,2778.74040079851,2199.41795107313,5159.99536168957,0,3397.19889434554,1609.59448761481,0,5619.034075706,3222.10033686959,1908.47611595224,6951.18018330485,4907.87822583804,8496.86288420367,8105.28287942984,2559.14264761527,2114.37166171676,1263.82849473204,6455.01837329618,1262.95618236474,2860.25752169104
"51","Carnitine",288072948.411344,246242935.972926,500336500.885955,374131164.840016,257178014.262169,203531327.702501,282462297.825257,339278634.065739,127297453.650691,146616371.686724,322530598.770868,166536746.117479,252230552.687456,115035603.899171,48775253.8437026,50906175.7054694,20906958.1595279,51465095.0071355,38704438.3722047,96334661.8438132,23917286.5565675,25770902.6701846,32392456.3016963,5340380.92550511,26808029.3996092,4173353.81043559,29256283.316396,96796244.739289,24132443.0721508,19695129.2131214,61245710.6239006,20853824.4937824,49565116.2254864,36627209.8473663,36479558.8183715,19196774.7939632,12754420.7319026,54693861.133722,3640692.72758566,17885018.7349566
"52","Threonine",450651.438271749,271057.145787472,694630.66438595,440570.212518162,180136.143394294,140897.262691057,188644.154201274,269331.046168089,169831.165118618,182212.024065996,323196.334278208,247086.444017305,554048.484775184,309471.810337926,245369.021967272,346756.576789806,104888.176736121,419375.217068678,198789.980491218,336548.46529861,152001.863314679,120222.606976537,160529.590895204,114877.507286677,128818.659289249,131036.424947517,214398.790674778,315090.130881018,167196.210985887,137993.625036854,184143.425392307,104633.233403609,120190.291975378,123851.837410577,118039.535839743,104325.588889819,77713.5876543026,182360.816740168,63790.9361108005,103220.561915238
"53","4-Guanidinobutanoic acid",0,0,0,0,20589.7626952232,30404.3640592127,13348.3172850585,31592.7217193575,74198.822740817,20148.0239688605,52388.946267678,40833.6136787463,51178.3678858491,27027.6408109591,41271.8015535165,44320.5174004971,31031.0514078061,159599.778049599,58377.7816346677,53315.8185117109,114795.035338718,53761.7018092099,57175.3471799526,42662.3924704983,56334.4281501681,37218.2373002237,143439.981530538,92759.1729872052,88585.5259857579,69020.8557852551,121134.398084055,74421.1244745618,73863.2216365643,76848.2402695975,105515.793133565,59625.1401459045,51488.8048991993,120968.573392694,39929.3530404698,75072.6544723917
"54","Alanine",324104.134028586,166920.421177467,509320.500602248,355182.084812863,63483.4269921669,28833.1818538973,32234.8299639455,94965.8566438092,50043.1329275087,52912.8220402383,94527.6809966335,70167.8568638727,62018.8013233461,98196.6558778001,41501.0743370596,21226.0442906853,15777.7357301693,65079.716157409,35072.3398667937,56593.3907366652,15284.7939119824,20688.9117317888,44069.7029837215,38786.8891208539,43178.7533924066,41556.5908468997,42828.8928224324,61540.5768851648,39604.9859693858,36159.2447546378,127484.83963166,57558.142842109,77961.1498049686,101617.949336044,29477.80503962,53156.0062402652,43476.4070224519,78871.2577240793,46023.0115189761,60320.8494490051
"55","Creatine",103132.894781206,100375.957040509,234380.632109147,108378.004194516,108828.645577911,62302.5167577234,102398.261037104,66799.2606042385,75416.2166249009,54865.0557541644,101450.697936675,88659.1426388203,456949.24787555,186175.077441236,136938.816960395,95368.6517005652,31373.5625028361,160621.686177323,44311.6695340141,38749.2037769276,73633.7511085095,24349.5716910628,28667.6723509359,38030.2936036253,60532.2852588077,27154.0100733852,46303.9466431899,18365.1815795087,49936.1982928105,35248.9455326459,140367.150435728,70050.4352506031,98164.77464639,123263.820140018,19779.1698191765,39388.3058384897,38154.8345419347,80475.1780792166,40631.1652248599,78649.6130084992
"56","N6-Acetyl-L-lysine",190950.998066409,127157.364387083,258742.405895682,179291.408407306,174907.682993636,121434.931650575,166330.443214867,208841.449822885,151216.262757481,145551.561343766,276431.236069212,145871.790791727,232079.004497018,124082.248097819,85298.1291753649,74869.2192533846,27215.4193069972,84481.1871925213,43077.0130331992,46955.5930198821,47320.090537905,45054.8343250043,47140.3012286316,10711.4184092986,54665.2877641754,12572.1334035889,65813.7707953954,77826.1281006423,54097.2180587713,48532.5226532815,139211.673949539,53807.2288815321,113782.018616209,103791.604511341,57162.8208489904,54371.0646710194,40658.5555059927,114397.024194051,14469.8932485629,47313.0000153021
"57","Hypotaurine",0,11478.1998610412,32575.9111322197,34786.4060820244,0,0,0,13801.9213713761,0,0,0,0,16309.4504889866,0,0,0,0,0,0,0,0,0,4384.2091302273,0,26455.0813615102,0,0,11801.9307457156,0,0,36453.8755764268,4255.68538130276,23711.8970896525,23988.7518257423,10460.9437582303,15673.0542790269,15439.0619931017,72626.2734308336,0,11719.7732697701
"58","Thiamine",33362.3813564643,33146.1005380042,24529.7402490949,60314.5617943259,14380.9044677548,33702.3634326869,13601.4118305789,29799.1346020206,8064.20559370242,8862.78722598828,25868.6298991774,8410.96301561836,12546.5486488026,6034.98619504477,7275.35006477243,5928.31410380353,5703.39885461378,7210.37678173754,8863.17111848312,11488.3261497932,5398.31849988869,14739.8910382682,5162.19783335765,0,0,0,7355.09222523856,14479.7743660747,5952.42782012486,7821.63907220512,7694.74054737037,5046.15249853198,9235.83403372979,3531.92578210941,0,5155.88171360711,2048.76176582871,7124.41403581537,0,5311.60972590408
"59","Proline",2420095.52518515,1887519.19633412,4284573.29746664,3218984.79041877,670313.769316479,692063.816127755,1028572.36329221,1230088.7150272,583458.155350597,594645.728292065,1235778.59385171,761515.877390314,1451101.19579166,977442.574293109,468241.98473884,361507.504773329,261120.715778474,380366.914405836,803209.428805592,771373.005705687,279160.74868264,486026.787004457,686395.081694527,130283.714867689,382325.787091113,227712.614149865,340769.214418195,1017828.17491279,294590.967508493,374065.832135288,769655.495195559,680884.634868592,887979.152124857,916038.98972724,462277.499762138,255264.254433044,317301.241897998,628399.244652818,282383.167210186,705874.644379376
"60","Pipecolic acid",12372082.0555382,10778421.3784199,22922051.8176601,17236945.9367883,5432610.79289701,4169753.73629677,5825573.90822933,7158483.81506835,1603477.41538479,2206134.6822213,5597819.2570799,2537459.8843241,2917346.19195435,1526115.23528282,413886.575885336,454749.044495935,172152.489731303,401661.611344895,541085.624036608,982571.992405458,220958.614883422,328166.192281946,435259.669303231,82519.9585769377,219165.822548518,47105.7732398031,340446.811047871,1233027.14922347,278371.801741971,368175.878446439,493037.563369072,226006.044350074,532645.349714598,416248.749249171,314458.708909957,139704.189424081,167021.828900024,521930.147255678,43772.6715243184,200693.843943881
"61","Tyrosine",144469.409205274,59945.1777428329,296388.090365324,251798.136185293,38346.1866848447,30150.4610433922,73393.5484981049,87655.2960232203,25299.8419150479,20108.8185648779,76160.7018127294,35647.4457863745,48306.0204825929,61317.7510727844,55696.2701400072,40707.5515238499,30809.6616838065,66628.5112853068,130701.505828885,145450.164655976,67337.1412382701,80874.1810926096,126764.45272978,12348.719304013,141699.683048185,31631.350946363,98753.445939432,280059.87209582,69685.6210388404,68722.4356275841,257701.473122135,147266.756445074,278005.28243523,255638.634494663,147923.3974886,69993.9837325118,56373.3265216633,222085.059271931,33755.6225019833,124358.304812012
"62","Pirbuterol",1024536.81027235,800759.5020676,1511738.47431078,1354854.88017422,240830.196923465,481566.167890578,671130.3223583,810108.943166526,119672.438821366,120840.413412957,265124.596765089,174834.451060842,50956.7103529487,187499.99020586,12445.9241749041,6793.55282555651,78839.1212948667,0,14544.199523413,14446.5031092547,0,4769.84585000598,12748.3103748946,0,0,2654.3301108827,0,6543.74549206062,0,5969.82139843147,7508.90145500722,13373.7266340589,24531.5720158382,5158.26828266066,0,0,0,0,2900.62714220498,3604.94407318226
"63","Betaine",3441503847.7692,2910840999.3439,6281703879.49378,4753107566.7429,2718292278.74793,2259135441.38882,3055782906.68236,3742587388.16266,1579782432.11006,1813848848.70573,3520870933.74673,1986551532.54486,3761862248.51695,1969293908.54555,1188675911.7575,1206836599.46672,507747225.879161,1255539074.34544,767959513.045297,1716165866.98269,766432106.566933,726763609.506224,869526343.930821,417418654.988898,798168831.863857,310166154.358837,837666109.278256,1771979199.66287,838505750.145241,722258472.476545,1192002211.2178,616328717.722044,789139771.090639,818841793.847793,1007065926.61415,711959997.440228,479205442.148572,1317586063.76256,256357509.193258,555616906.817184
"64","1-Methylimidazole acetic acid",829321.058424274,766140.585964014,1321645.05028772,1257861.32973875,1149896.47593663,566103.716942357,719389.169344113,804777.252446071,339001.524926708,317831.227253037,1219077.99067624,425284.042059814,964931.063489302,337865.871956508,232994.04405567,172141.231273368,44832.4360636073,126980.83006167,152123.709140211,204868.18137381,73324.828941546,68700.6161251837,155022.499764072,10367.9793709517,49366.9126375308,21901.4746853555,73207.5414358127,421834.423756826,76251.7427062978,101253.907763064,90667.5604019928,60958.6714446886,127323.022668449,105847.256347304,115210.540339566,42801.5745428088,39996.391649877,102107.106720627,20854.6611654714,72143.802997793
"65","Taurine",1367612.48364013,1169845.8188397,3004794.25620804,1625671.01978103,775227.468026277,1018785.62786622,1652927.57861244,2047104.43991152,963409.90761298,1855722.13588864,2022990.03415463,1290154.6695868,2857862.9237331,1541040.15483827,314497.115353058,1315863.66241781,639029.300490555,1898000.84056156,47631.9323981631,1971264.53954307,1557282.00965206,408925.538305223,647060.150782671,1696506.28330469,1721297.07679049,418957.729133975,1461016.19889107,1492173.3271654,1476281.81123018,876228.784544272,1616411.87631171,203200.421509398,451070.736550348,279860.714698048,1449907.8136143,1826270.75760119,669934.773327439,2567137.3717547,232903.586973007,261718.771528544
"66","Acetyl glycine",318781.214297029,258645.483781908,539707.548507123,461240.413176743,218720.654194039,194245.249260498,298581.97755366,331252.60302928,123190.841443374,166105.940273084,247607.499436173,386252.199201193,289494.464236629,304251.264240116,179107.169665812,97133.8316604216,50370.3065695575,197225.116673417,60602.9848054194,108341.777397339,122535.612670063,105523.137882674,78539.5374454772,42007.6089625503,67672.8059058205,26180.9640681167,114708.232265111,158634.941860811,60774.0588958954,62232.5107806339,218052.812413561,79550.9011403961,71506.0281493814,88119.739945454,76021.5284593158,107120.893944057,82000.7648763125,113407.926915936,17959.5172356341,53960.175417487
"67","Homocysteine",77925.4055378512,41759.8788774204,99895.1119509883,59941.3718214815,35363.8175429092,34503.7331129182,38399.0610857182,77951.1403830083,7777.47300976839,13029.661700531,47437.6897851026,24087.011371389,20716.7645722152,12457.0757454267,4402.21212422922,13561.9861127188,1876.28501863751,5562.86914074011,3929.04100786868,14242.4127943039,2359.15069592836,5298.32086837502,3161.69109655728,0,2865.26946745701,0,2684.92332390581,7718.62713105394,4115.48839747705,0,9540.52205399123,0,4483.83069989159,3100.47752573898,0,0,1332.07872775784,4592.164812045,789.457785207964,1727.12809873156
"68","5-Hydroxytryptophan",155031.582389252,148092.764463542,90327.8465348315,271702.513967725,77601.5781978974,83344.2227264926,81421.720723474,108422.343250262,29720.9445601351,27134.8139359184,76459.1610851991,46961.7854731694,53206.3887933888,21094.1586675207,2472.32719166155,5209.08699241571,1374.58786675062,0,4461.32305443712,3784.55212548669,0,1233.8685709224,3260.43237520799,0,0,0,0,3510.94915104866,0,1361.22977707627,0,1252.27699788066,1854.41614739668,1951.06790073107,0,0,1419.21411951479,0,0,922.880728916789
"69","Methionine",321164.178615243,179478.549141976,456707.025155202,329002.982978277,73649.0758042733,56180.0538286814,68438.1143679381,105795.813274684,125934.63475616,147212.776591091,325378.12483055,210720.702803967,501209.534885762,256848.120419488,110008.269959619,101184.683528602,38286.6551047175,84670.565406045,154407.88629279,173299.445600443,44026.4830471813,68257.3930505669,107009.06477693,8035.23098677178,87762.0166437746,16233.5580466551,33136.7532569142,145162.646825059,40860.99581524,45322.4008902519,166428.992194877,80974.665396569,193539.219052459,151819.196111888,55115.3386611096,34348.1618079143,23992.3076263951,100196.224640898,9916.17507418367,75490.7285571051
"70","Pantothenate",3239953.91098276,2872282.0037598,6155473.94567774,5482912.70260179,3260050.04826803,2008071.87520281,2209152.13259057,2945734.30002939,735225.544391066,642083.740285415,2072633.90378333,844643.256531342,1322754.23648225,608768.354267415,203834.898939284,134768.418687917,63653.5970621541,111484.164492468,185773.211052443,175581.939417168,33044.9824773848,61142.4297369592,62781.9194825608,0,11958.892656787,9083.28656180783,30996.6242013502,131106.563586085,19847.2363921692,21605.9726386697,31667.5244743378,32859.9521255268,51318.1278694133,50892.4809321526,24547.589837823,6792.52761983095,14668.2250873321,10972.4705443616,8293.05841630357,23158.4433483997
"71","Isoleucine",72949042.1246533,63011708.6233383,133543350.371357,110656742.224065,76759182.4829101,41396793.9261091,54715634.4898313,68382107.6250419,23535712.299466,24785664.0607243,84549817.50334,31117388.6426706,81238400.2274682,31776803.7054953,18150212.5575278,13796954.5496388,4677084.27369935,13604484.1440134,10207116.0454453,20010479.40866,7591854.31666085,7267556.95959692,10559484.5674088,2500314.07329692,5892736.03344779,2460718.96906229,8177098.95059136,30807391.8546726,7825102.87167819,6180856.70197579,11327828.5048208,5561322.86236848,9359540.47536845,9151772.27772573,12987066.2947137,5237660.10618329,3356850.06812274,12991662.0118024,1723894.08433444,5179625.14070586
"72","5-Methylcytosine",179284.455166451,142035.70102763,225560.843693495,282897.402477214,89401.0277863256,137512.37404651,236823.392610484,126674.570791398,115028.484138782,65156.0672070834,153687.347909892,115849.601198897,45871.9372449808,187660.629600615,12064.1475444916,43171.4416339262,29228.5720763233,57533.3880366361,52512.0195059815,58960.1533007855,11229.2734221674,24640.3421452142,28192.5665191917,5473.64995659927,15472.7906411886,7170.07549483081,28927.6786133904,16626.7834485999,28001.9832837147,16212.7704144565,88214.1681911491,20924.0936264551,42239.4713457629,42324.4936513839,8768.01039170892,19859.6172938194,9721.19501895861,25401.7465482553,6630.98989133399,20715.5907903418
"73","2-Furoyl glycine",107957.795414914,99340.0797484837,92742.6966931558,145607.441732972,4039.52107401064,98374.1746207453,102617.966553865,30503.6534485252,31421.7040709159,5279.73131307278,0,39295.0955666087,0,30937.153736476,0,0,0,0,1425.40232734644,2770.26082959514,0,796.826443546138,1139.83070866244,0,0,0,0,0,0,0,6008.3680810772,0,1840.29582416678,0,0,0,0,0,0,0
"74","Creatinine",1475447.40782039,1185303.21270557,1691452.8373413,2017313.51642214,588129.803117744,443087.982437924,647140.516373343,667103.821420991,136592.006291322,126979.627182408,368563.122720643,241288.548891233,115049.779301626,111565.394233774,50446.7586493256,41305.1423654566,42642.2786779431,47658.9353065702,44089.3469834776,55893.5360961508,29027.3682496894,29227.3947406468,38618.7146562914,22282.3087335117,36915.5419394372,31558.3949494939,60185.5819023996,99651.2705329446,45090.6853181868,41923.7506584114,91397.7846182391,51205.3251417683,39500.2043107769,57332.7347406449,40456.5382025421,33266.3622860572,33265.32558571,34071.8082714717,33175.5485517808,78648.4375255203
"75","Hypoxanthine",41056.4942393451,26937.1053580916,23276.5184477048,41130.5425920039,25961.2952036485,32424.843045845,25946.6884465557,31670.1882822357,26141.6279805335,15810.1514801723,44572.4087821111,24065.3665124754,31106.6727369963,36156.7955908297,30076.8988306321,19256.9655800257,13188.3748152127,27713.7914469931,20319.3516163061,43422.9631503772,8202.93233975698,7436.38062871847,16184.3296417976,4497.17134486596,14551.6052914338,8182.17267262015,21611.5844596544,42728.8243385386,12688.1527703722,14270.6756479105,36206.6851042303,24215.0213165711,16562.7380891153,25080.3919855483,46407.0938862237,18859.3300552467,20662.9605597273,33118.1011917153,8393.02759541567,22410.4925710978
"76","Adenosine",8133714.66096744,9581846.58960903,2881185.43218343,2982837.57534561,177829.096628779,158241.167975185,207835.072086971,339038.828953733,344002.666323832,61499.3131807444,66734.2695404274,45141.6338542602,114423.636671416,179843.379552996,109471.690530264,197130.466355591,152388.388498385,1551096.54104437,1444293.48153499,720109.706474701,62884.6619333591,123666.732317357,246659.189845092,53882.1215098742,781062.843931233,242422.835174611,1384554.52611129,5293747.89207791,706668.656869648,419781.345567053,11681516.9146209,8308082.84660719,3025859.08575043,4984164.30145507,975571.384953307,620052.806610976,463223.988549111,1299022.42033746,487979.529820729,3364396.17508614
"77","Ribothymidine",10031.8317783618,2966.46089640434,12563.5223168217,7346.30461874421,9920.42748050137,2731.08614767582,3562.82054707086,6189.8045244162,1953.37161413956,3446.26324878756,8411.82911792604,1707.81595656711,10919.6893838225,2266.36093673553,3561.22734665713,6784.79418979007,6055.74596943723,2196.31015403439,3973.20227595005,3481.60729076723,2633.44741023664,1656.71950130957,5031.38306104048,11007.0251360527,4873.22564863132,2258.09722723464,1994.22592227346,2697.84339407468,4780.81498704017,1576.73166042552,24605.0907290158,21361.7891723526,23454.1141683504,49289.4433703965,3634.07219683426,4650.86415228112,2105.30605942235,3110.85502522735,19542.9644509797,64901.7156599832
"78","Tryptamine",14539.0851502901,12762.2152543563,7422.59052338303,19397.4794545861,7889.72077169724,3362.83611899036,10873.2827573285,5673.11098047845,3717.51253101227,4628.79516881521,12168.9029716675,6918.27654424093,10196.152630516,11718.8753555164,11425.8219175187,10140.0729877508,3375.16540232192,11872.7321838285,24620.6947254083,24951.3393574673,16955.2137464619,19265.8594354172,18576.7903014671,5698.96360419128,38839.1572731817,15158.3395164103,133149.984746929,611022.332662457,65579.992802078,47919.0647879113,361875.453096738,272619.936134338,156327.778388046,141239.86985763,57782.6734339673,37535.969556603,29849.3831570555,285470.341034972,31408.230428392,121201.545272157
"79","Deoxyadenosine",419921.887483302,328952.722456314,231678.727080074,285573.416854978,132782.354193148,100546.317152223,140195.109609586,179093.165616258,135900.687495543,76913.9718866588,352479.882478293,191254.233329897,83348.1330580639,92880.6848590906,11112.5520510478,15518.4363589988,4324.94000286387,14873.5258343042,8310.26861415106,20092.384874187,10855.6150497974,11035.2714085936,25331.6590632119,0,8671.14208414289,1730.76269563657,8330.43359394705,39380.0365171405,13296.0433913662,21203.6281249183,62636.9156349729,23678.9769210879,33797.7806355513,35871.1273274482,25320.4195443757,8590.45050921469,8644.93157002639,7666.36725791434,6936.82522582448,12643.3050354137
"80","5- Methylthioadenosine",571884.68019923,360525.34304051,941834.040111006,746952.575208763,15641.0277652341,191984.81630598,245999.040165067,346649.928792785,162200.759573564,271816.956679615,30572.2501305961,212158.497219888,95486.6290592603,194239.665310431,22272.8701019247,123749.677070238,79346.1820573247,152676.181760778,110770.554510059,253682.631634222,102087.647254898,64789.3578395214,79094.8356147925,9728.9661891693,88157.3974392883,15553.6293519639,89952.13860202,39235.1308636994,69105.756274219,52121.1731176229,126916.128150187,48065.8249978484,82017.2845407906,90445.6304950839,19247.0496638442,47386.4163556567,35552.7328603152,149812.731355064,10038.5762856845,37939.8524585011
"81","Indole",3767802.65584694,2177965.89007965,5240162.53970499,4728135.28481117,3230641.8599885,1214431.73458487,1836193.39381604,2063163.28917406,1024231.86328114,1088697.81341652,3207511.42259882,1205062.2299627,2821763.29536682,1016108.78710396,729794.745856298,591009.018782686,42969.7815048614,785553.944394131,391767.602411405,669621.621708159,466542.669959491,363130.17492575,447210.908622808,146371.891305403,477624.560858152,108948.325534975,424503.06856424,1512329.61332521,462981.525067342,395668.138744402,323105.052945068,135328.870634673,254979.598245607,198272.393092215,790803.930093492,378632.283805936,149565.080677727,788193.782180474,39936.9187815745,144461.713109116
"82","3-Methylindole",158874.161721575,89901.318017344,221750.556404126,151301.987676993,53297.3934741456,44900.834035128,85174.0768033709,40647.4241386037,46629.2107392573,58467.9777818759,87733.233342803,26933.878399788,123031.741228863,23843.2221924845,16437.4069273363,32121.5124034005,2616.13522786846,30660.2969234725,10529.2619155891,43201.704165862,15615.1704685332,7655.18777275476,11596.0993665042,3895.7158682353,10819.3398346118,8974.68334696837,13806.3262271765,12813.550943896,16466.7239484397,18284.300107711,67398.0861520306,54796.5471099663,29144.1806689594,52405.0235380363,3287.85963698897,8914.0371384579,6339.01239256064,43865.4906549203,15897.166408095,19456.0969471498
"83","Citrulline",162502.362549011,203518.404106945,477400.50688687,189442.173010721,20286.3934934687,23313.9371583287,37008.856078714,44864.2065583563,16695.7642404804,18286.8640348187,48195.2695467082,21801.3893723821,55730.5432876992,62342.0845968998,7326.90080229296,11908.4358243955,11806.2090032516,16442.4565349342,18285.6853382405,25803.2810619992,14245.1312183595,9845.35444947044,15602.9287418535,3252.5102994695,10676.8352149456,5359.21658103857,20748.5623317182,90873.1745485477,16679.3669392304,10819.4433133241,33756.3655622437,11009.8428243802,20188.4224141069,27171.7638015241,24231.7082724922,14245.7325517622,5835.91907024834,28995.9048645583,6603.94821668457,12167.3610194309
"84","Cytosine",1327812.42594298,1114017.62412687,2401560.44051522,1978355.38574249,1841312.31587183,991596.032968692,1806072.06083491,2445727.88875264,137264.536691089,217091.79707135,571280.951024094,245617.04887765,197379.883717692,112251.649650189,38688.2613004621,37966.8999727514,21441.3203012168,36099.0770435505,21303.708193583,70690.940291716,13629.4390189206,15927.2856551667,19318.1112926858,12347.8286933066,16042.7303071538,6381.031644906,15199.3085721786,53986.8180988687,17078.5863188361,13411.7543583727,28353.8232325262,8815.89426432098,20541.9601961545,21115.6508975861,24848.6364431476,15893.227092654,10016.7024858995,35504.2334423522,5553.68295615864,12894.5690432435
"85","GDP",17547.2184652822,13455.2853398493,35232.7813069022,25103.2818320325,8994.18724925484,7424.91846618982,11100.2482475225,14982.70769748,2686.5428569716,5203.27454918585,7407.23219579163,1583.92609907548,2324.93497511738,1809.903197742,0,0,0,0,1140.42074514648,1317.33281660213,0,0,0,0,0,0,0,1073.41183526581,0,0,1361.66404118993,0,661.324506084548,0,0,0,0,0,0,0
"86","Guanidinoacetate",1138467.97919185,884110.640353438,1926002.09619847,1324222.37711104,628333.110539147,473329.045358877,696190.14112575,856876.078574,579614.011855794,565546.515759969,687593.956100178,421657.565342191,375837.555768668,195209.221291187,72246.1148979628,70362.6778922107,37952.9904132594,127443.663938518,33854.0320665075,13354.6005870699,29024.9769891469,18918.3725449177,7835.36178644332,26112.2062983289,29784.2311193098,22040.4440488364,29430.9375381596,9321.89700098701,27848.6929234031,16347.6731662683,44677.0004202301,27476.5869426082,32571.9004837595,15310.8984049392,6663.66459202143,27214.9689027991,19509.7111020736,29789.434658672,14531.7373322938,25747.9600135181
"87","Guanosine",123444.062610166,92120.8196037109,75713.816189943,37137.5122137817,0,0,0,7168.82183426884,9056.9769047254,5047.46826988433,0,0,0,8557.73828241931,6171.97353908462,2509.89298394495,1113.75564870445,22706.2018236556,21219.8617734118,5754.75019092324,0,3123.30436220988,2131.52799083643,0,3498.43943634113,1562.86420918199,9197.02188774564,48552.9364400264,3726.2889004119,3072.98014645285,92200.8859099484,84923.3925625508,32627.3072397559,45003.464253383,4192.3216019662,3506.5034139759,3615.24518034356,24715.3450175621,4185.34457991205,31325.8618450285
"88","IMP",24468.9162826661,31506.0917317076,439272.7124497,34028.118504283,1966.3657880535,2699.74318136435,3451.78633074949,2118.90921271313,2679.2064356721,4267.74721076084,9853.77757502486,6212.87367336565,12258.8163290935,66483.6176777306,1337.60862068861,1191.20881182641,18314.1986509617,1502.34363475616,598.118527286251,1656.41058742821,0,0,2147.02272315759,1153.76444782126,0,1319.98890851307,0,272055.735216137,0,0,0,0,3027.74236305152,1079.53200724769,11217.7620162565,0,0,0,0,2184.37289317293
"89","L-Octanoylcarnitine",635560.730048151,530056.838061929,762570.719770642,924948.576778241,193910.824041461,130094.827246087,203125.563849313,265779.962332463,137227.148253914,102133.286221593,403436.483392332,210614.124982208,715558.527918858,700206.160721569,127553.199557647,155939.232051887,60291.531772909,137652.745413216,90714.2521668161,176460.248772704,45656.2036272276,44748.8250556875,82327.5134056207,29981.6491507279,75872.0288042711,32339.957284536,59748.8714285398,118733.848198303,58250.4753439967,59106.3241468392,99595.0276455291,43794.0472266193,83239.6535296786,62977.1239593156,43469.2563909547,39829.1734711777,29671.9992607482,38275.5079787768,27937.9263802036,35246.8299960016
"90","L-Palmitoylcarnitine",4276406.36566623,3102081.75566264,7362397.03858699,5107944.89105445,448718.907699533,439998.861802069,525224.935437435,850797.368781837,675208.749188346,734670.946465701,2070676.74234671,938016.79964608,4471754.36870407,2829057.74916962,829541.407321724,859504.963855161,60243.6255997961,870937.066805267,690000.406281715,1522892.92436519,399263.626787361,352737.746205979,546038.591269473,59633.8375067555,561342.191237142,69817.3801267575,403494.525748678,1423333.85882042,342037.134480952,321152.743115036,850975.958685591,310792.006544647,594528.937552749,383266.532265662,449850.520435578,243942.308359903,143173.987178792,472452.618532443,47653.1791355765,371300.061728361
"91","Mannose-6-phosphate",80615.1849338404,15658.517675383,30786.6729812036,89584.0529702917,22071.6802597156,23301.094752713,29260.1015100854,38493.8162218755,9629.4814628726,13871.9887993394,30679.9143100234,16004.293411475,36177.551175388,20726.937773725,5868.45163096469,7829.15559986446,3637.99325529005,10428.075914291,6382.38765761129,14857.0318275117,2189.74423405599,2220.7007172561,5005.228709982,3472.33908844334,1343.92541095457,1763.13169880242,4769.31230800869,12896.1705282686,1784.31640509711,2649.72766852217,5028.64570357572,0,3329.4753579438,1353.5184824209,2038.84340074722,912.930764018484,1361.77242350877,4657.21370882331,722.848064554351,0
"92","Nicotinamide riboside",579010.0598608,517419.661181037,525537.551668287,615348.694826379,803386.546888405,861066.509480264,895598.552917283,1020801.36076344,666821.543284876,822983.978162793,1466719.91443082,836268.872171868,1127334.15835511,471278.245666008,250329.758976011,242455.856885433,154958.301540966,352039.327909633,334045.17294031,642297.470005984,185168.933990322,156220.572643213,268291.780534949,20092.6228398635,105983.89557439,13791.4766268976,310566.256911778,642224.50126186,269804.525318667,294239.207059357,341451.129962054,196309.454501811,237438.796974398,210736.257505727,284304.187673554,203746.289896141,101761.542171879,400102.719479691,18945.7310879624,133088.209998401
"93","O-Acylcarnitine",52897.1942639049,24703.9734702393,49229.2923739557,67801.3658394763,14531.3432362953,16802.6143978164,24150.3586993149,0,22332.8386905549,0,38944.270281403,13561.7076713606,40781.7189286656,13054.9876656006,7471.43361009883,9604.89171942887,6912.08658318105,16042.0194482353,9779.83220957886,11246.7354825758,10950.7680893043,9136.80998378661,7087.15807126181,0,5569.43451816415,3147.82268800549,8486.15616993408,9228.06617139808,6733.65921463324,3323.58136386582,9463.69258290312,7588.9926082409,22861.0984285018,10837.7637040257,0,0,4595.51833760917,8968.49149346826,0,3662.17200990152
"94","O-Butanoylcarnitine",2242410.92261072,1752201.62836444,2526971.06504496,3364132.31315348,374144.665968709,247872.600543621,235096.649023693,276844.94146184,1747136.35427794,1157092.46921719,3461532.5857603,1702130.21416196,891838.755034609,579443.978655185,108770.309366316,131388.478319445,58897.8678233016,73888.8870797526,95132.1720582367,153797.245828281,26997.025443396,46435.2888546045,80133.01709393,7401.97419126191,52689.7461204128,23672.4112298158,32459.5213779215,105528.806010204,26726.5619119611,39569.6869355589,92011.0689226335,56881.088758646,133198.537594243,91324.9688002389,49366.5451563054,28432.5352292245,31797.056114857,50242.1108151241,12103.1578368895,61556.7884217352
"95","O-Decanoyl-L-carnitine",828735.83008094,587556.256337911,1379993.7483022,1106729.01252874,162733.535788292,205224.738551896,270137.127682873,366482.359134163,125936.009746545,201441.465323758,364923.935240417,200224.092021894,619267.528927203,424926.203154706,129955.885567969,147739.901012022,54116.2226679283,132822.111504571,107894.158865264,210945.627966208,68299.4992610753,60279.5952897006,114981.263719158,26531.7273854289,67221.2766913864,38775.4701650702,90564.7499573061,198790.062315427,82246.8269020415,81984.4536401048,120746.566075919,56737.372755543,88269.6668073234,73012.9503979278,73505.4116775798,55551.4097404251,34449.2296744411,81607.6499165702,23022.5423818212,53041.9604517788
"96","UDP",16842.9232200189,17473.4230632084,51783.936815251,35209.6851901436,11823.0030418081,7641.6329453873,9911.0965613848,12822.1546872755,0,0,4211.22722039772,0,0,1605.67491058814,0,0,0,0,567.161471768994,0,0,0,0,0,0,0,0,0,0,0,0,0,0,0,0,0,0,0,0,0
"97","N N N-Trimethyllysine",94852341.5894522,80451600.803281,203334074.157317,145275439.408852,37654459.0437701,28234029.6384909,39058095.4476236,51916176.8603457,8456913.20710615,12309646.2666468,33323894.8892196,16590100.7340559,14978503.5610141,7896180.15158897,265140.26076793,342924.198500312,202215.20986754,408112.040215553,175142.626746884,347510.515786502,51449.5296736096,50000.9781968902,82008.9723372193,37483.3717410973,67284.0904128937,27334.9944748267,89781.9915344219,234854.264902842,79280.2282458941,30319.3310312518,282381.697617019,85132.7682325683,187339.019931153,124950.154723637,78645.7701383787,26328.2745858018,19812.1674814997,134412.684362734,14412.6510073595,59940.4812413843
"98","O-Phosphorylethanolamine",308823.668649188,237026.006544433,609031.375979749,466415.36906456,134151.496847859,113584.152231523,147339.106108255,181770.398788717,52068.3336626383,75424.6933609289,173764.341792772,108598.477177884,76761.8719131699,47598.7327696977,7679.35324491632,8617.91368512099,5557.43866317119,15926.3233397187,5982.62237637673,20011.8178190227,1281.4669596798,1691.51654196767,3530.19213752334,2914.75161965188,1555.35736581836,1216.48713479409,1805.73857309782,8721.11269834699,2688.39517991357,1837.63522366913,10109.1952864743,935.06582526491,3538.38198356427,1888.80670151566,5016.70391500602,1179.33510237071,995.266925005045,3060.3162548774,652.61146801035,910.945055592501
"99","GDP-Mannose",83168.9182940809,75771.0765452916,211144.204840088,154363.604670835,48214.4878181574,44917.058839443,67194.5699563176,87498.0478663051,13280.9285312199,20958.9809972944,45639.9945762694,19379.3123286583,34142.5078267381,21844.7678923328,5235.61738732653,8291.32533840522,2981.73554557086,5078.99736039945,6183.36859754613,14187.9785813084,2742.88105770329,1759.06373853928,4405.49395408213,0,1002.52005564627,0,3399.97454170701,10887.9855857925,1432.69412958931,1042.28520576339,5153.12066644218,816.220761143812,2618.48757138882,2239.73853326965,3202.25609133319,1109.07997974596,1082.87881361811,3715.25983147395,0,0
"100","CMP",133358.666731426,104898.228032467,221114.7184374,192060.469926426,63110.4356238867,49884.9814715555,66437.0328227991,95011.795961543,21440.7430453749,28599.1113491179,73095.396947103,32845.7267755226,30901.2569462355,12540.7672903918,2419.25051215404,4786.40553460493,1689.18741033793,3313.50688224493,4422.15868756573,9802.08102796503,1248.96494638624,836.079890754476,1036.48660836163,1011.2884570229,1385.57229316561,0,1195.77437174305,5078.47158860507,0,0,4825.6073154114,0,2286.76591574623,935.991811595715,0,1433.75601163365,783.162291114739,1853.0882461649,0,0
"101","CDP-ethanolamine",872815.568483563,733499.600827861,1611882.09061994,1321780.79423931,422097.276218586,330700.646024805,475360.355837095,602587.00757739,129016.948818126,189625.322467731,485105.781624761,231091.971671707,192295.523694495,97801.6649048432,26014.710753106,30072.4267035438,14694.6581843336,31014.2083528578,27284.0167014575,56627.3275195451,11415.858699777,10265.3204005719,16105.2643502754,1439.98717884041,9896.90474062196,0,11137.6254617031,39354.6845172081,9555.74156276801,7441.89728082152,13214.0952923067,6533.73341132039,15463.017652698,10678.4512912162,13182.565072803,6750.68774951639,5575.97415200296,19012.2413957832,0,2843.3938620321
"102","ADP-ribose",409515.93394675,379201.085091012,679826.370246459,398264.070346092,189376.102669157,187171.662956832,285437.042260191,367385.957278636,26880.9584268699,32323.5385196389,72524.9121322289,11561.4165215732,12921.1226533625,6304.4507450535,0,1150.15199109643,546.885981010101,4970.79183326763,1629.66879290388,0,0,0,0,0,0,0,1084.58391736422,2873.78701525356,0,0,0,0,0,0,0,0,0,0,0,0
"103","Porphobilinogen",79193.7294097639,45905.5999804104,150177.237954693,105314.938615972,51805.8071673881,36374.5387259715,68156.4251157368,78475.0065090333,8453.18660645376,20608.4887087218,70082.7003873909,29436.2378428096,60949.7567121064,23784.2175833292,7509.57212068121,4891.93278409412,2981.7847530073,6718.69304193294,5272.73938587933,15743.4351817324,2675.99271780867,3950.93078014121,7296.53053420891,4641.26564048434,4473.38630611693,3620.37959743139,4325.5893735457,8411.91965772816,2793.53473379777,5090.67004798987,4869.16016526818,2629.60709457369,4818.35977242501,2658.17657041643,3610.63206365208,3238.64653876438,1922.75217222614,11121.1267896201,1683.2136013972,2041.81393436177
"104","Isopentenyl pyrophosphate",36126.7276098159,70475.9777074563,58666.5492762534,53736.0469373829,19691.2377195828,20952.4784695715,31730.216150159,49403.5678284706,8652.28709771531,23963.6973349199,21018.9186770328,12176.8507262169,16303.9677274782,0,0,0,2913.95503563253,0,0,11725.7316948239,0,0,0,0,0,0,0,0,0,0,0,0,0,0,0,0,0,0,0,0
"105","Glutaryl-carnitine",470565.00977039,391700.071553148,1005153.07924492,643016.277247075,288142.88268527,168306.463617071,244370.53452067,303059.511257372,63957.4705567267,83954.1436559143,300101.12960979,125708.853691031,210470.164584853,119424.315741885,26389.018299056,36466.1163210705,16779.7959656665,32320.573162771,34549.9988849016,86618.3412899636,155192.110959714,186252.626787925,222836.318511971,29242.5725977589,66111.6276591956,11608.9669497861,143210.718021559,607470.7288416,136050.124856917,83622.0092799409,87302.9880035862,29143.8807596548,76794.1119004628,57069.7032606435,108881.715585028,62790.3200938318,31384.9260423792,224060.772596542,4053.74748308913,34783.9519254382
"106","Ophthalmate",97188.6394262987,76773.1172116992,211356.359637218,158607.53257754,41478.931400927,39149.3193961589,37383.4638588125,63946.2857889601,11488.6191469444,14931.4063637871,51025.3631661051,17814.845419914,26153.1854799424,16613.8502310227,2398.49970894957,5733.67775343831,1760.69675045921,3093.69663675885,3005.28009803527,7861.4274389551,2453.98808904363,0,2287.31844773346,1803.33462480538,2347.53758543687,0,0,6804.13809594949,0,1771.03122685751,3608.62645342955,1664.32560045984,4226.86503202401,2773.94799222864,0,0,0,0,0,3431.6869242681
"107","Deoxycarnitine",4205667.55760197,3809184.17675284,8207276.30254841,5843849.1771836,2446094.97025092,1701278.61220417,2469326.14531751,3029445.75982098,954498.726777751,1435975.63242981,3534922.90020558,1806305.24475479,7223744.8297311,3455036.62361529,779078.967610664,640543.294448008,245321.848188104,602604.948787848,397215.24652407,932507.461341404,188370.61186075,200338.376978268,297398.983638147,79244.6399545016,249689.823442274,60043.7464341673,533915.904137203,1097231.47923546,262436.951473551,208757.878570713,556405.072960527,244814.682255097,485526.338096242,313304.203935819,475824.372908691,124776.297901822,73907.9899215509,497815.274800101,67206.2988390493,217162.496111022
"108","S-Adenosyl-homocysteine",2472405.58409924,2313189.83939965,4310149.20076931,4428771.63396019,161197.388406071,1246462.11319137,1475323.19571019,1911510.36184421,298979.444353973,347969.866712369,200426.473107429,556863.524535383,212465.157487279,177934.685034017,5618.56859150536,49032.6176460508,17831.0253651449,0,30175.1591378177,85515.8171210411,6984.22162175436,18933.1681370085,18758.8297468771,0,7777.38355381662,0,22242.2164401943,0,17880.2940514161,9925.5208073019,0,0,0,7364.3048613438,0,6585.57516121238,3331.95985776227,38996.2549787259,0,0
"109","S-Carboxymethyl-L-cysteine",69677.0023456656,55204.3265903367,107857.951423094,76755.38684207,66043.8291105574,22564.6689124158,70998.7503748698,43452.5326737965,9488.39426455704,41894.9061901944,36120.2235937204,48581.4814347288,34710.9688016267,15060.7848583982,5691.67325959193,9341.13656628984,0,0,1982.66887996479,9053.56570935301,0,0,1066.45226781449,0,0,0,5026.12619639475,12305.4479164842,0,0,2625.98440303076,1169.28333410168,0,0,1359.6733850502,0,0,0,782.867010740481,0
"110","Diethanolamine",6890946.1278959,7714402.19695388,10782149.1814474,10195085.9794135,8324193.96579309,13352929.1681597,6187114.30690151,7482668.4673898,18306164.2804008,8864976.90479366,13693407.8838685,14169089.5648347,25547646.3915241,16853214.3684327,16332033.6057712,8291418.64936143,14280373.1225242,18028217.5583586,12822258.1373477,9473024.7601176,12298608.78961,9376343.85051226,19188607.6792836,16241269.1597984,12197602.812846,27563366.5939439,14909321.3498651,19296675.3665912,18634630.4200787,7320447.78710412,8046135.9302247,14856446.8496852,9801417.2999594,13046525.0820173,22263023.9242945,8763617.86832132,6240872.70299217,9389389.63280077,10007116.8422086,11644555.9223852
"111","Trigonelline",95717460.4023485,78498709.9636385,170682016.874305,127802414.034807,61338927.041062,55971615.9630822,75675278.2426511,94076475.1993537,41151740.6525292,43730475.8097285,81270779.517035,50748551.6144032,79848647.8658307,49640695.3429518,30812597.6267397,29883356.952799,9301440.04551556,26505442.0069615,23219719.2024728,40218645.7572023,13685487.296524,21025574.3089461,23089579.0394047,2899979.70067147,10647560.8006615,5236482.01503898,16004756.600496,40047974.5717224,14659145.6566284,20266737.2549694,24429517.6655475,17645502.4652772,24410747.1492724,22417385.1736274,17748867.7250855,10071650.0060154,9738734.86823262,25192284.1671862,4737498.21553174,16639440.8017995
"112","N-Acetyl-Glucosamine",44024.2900112203,34723.9787407253,53853.3222352898,40138.1025933535,5360.19362860723,12905.44852968,9888.25504119779,17665.1195812596,3693.07348958453,0,7480.58723646858,11073.3769469499,26208.3886266368,7296.83070220946,1848.43777901283,6642.17154176069,0,0,1533.80475940048,5671.02012262116,0,1522.97895319428,1698.70789443839,0,0,1160.86526004213,0,3887.22425097182,0,2909.4984197134,6533.14422279422,2881.28470097967,7197.42992330431,2571.28058154879,0,0,1531.16705586163,0,1009.23866443249,4657.33589984434
"113","Urocanate",0,0,10759.4192777774,8709.6753296933,11339.1777344153,11504.8052603686,7382.44553174649,6562.23014394722,27237.1656962037,11035.2915165047,13348.5009771048,4879.08627078316,10085.7463371272,9726.71807606114,7382.64788027768,47438.2253590414,4819.15762441313,47864.8026876966,72030.4232329581,12498.6533200492,20533.6012377123,24579.2821227347,77964.7439605374,39678.7597154871,26635.0107544852,131371.44053772,45054.9095364951,7228.23712943602,37283.312101582,77334.358282689,180285.938260787,211405.1056582,219781.037656114,438949.247580707,6625.1542011289,38721.6708556774,103939.418702489,10899.7312805763,241079.680591779,644100.246931715
"114","Inosine",92758.944104635,150600.569131077,16905.0515840352,65320.4053854134,8464.29322871617,3180.26691003995,0,0,11420.9149971085,0,0,0,0,8065.579268647,2686.99309631619,2905.89781255862,2643.18838292007,0,8326.54480028226,4530.74698031205,0,1560.74961775299,5522.71491452692,0,0,1626.07537574171,0,24908.8899891706,1993.11542394613,4733.19202733639,24914.4485594974,33607.6420037115,3648.35554063829,11628.820371518,0,0,0,0,0,15167.1031598344
"115","Riboflavin",19822.1610307624,17427.0749139845,40504.5850644157,35844.2848978924,11066.0064251697,4538.643582412,10891.8664629079,12822.1413055925,1596.79705285367,0,6704.13240944053,3046.52352058415,0,2255.35749226602,0,0,0,0,0,0,0,0,0,0,0,0,0,0,0,0,0,0,0,0,0,0,0,0,0,0
"116","Phenethylamine",4193854.28168579,4054026.58045951,5581323.99448866,3402362.32402855,645348.769843589,474321.792763933,731831.793528383,1030660.48967446,784317.645441697,1307967.06693912,2349027.80724793,483243.534130199,501004.945264544,140831.734847303,49885.4730145109,115007.642639569,60983.3336542107,329235.043968341,273716.365071862,241992.950001798,21020.8444858506,17117.4604895332,57681.7694057274,15775.0616078069,93880.6180521052,24813.0144279428,228643.056054809,769468.352062534,165159.534095976,105820.255306623,2102588.89685393,1038979.35344672,1224825.57704053,1293860.02452444,122703.326812665,77072.7632451241,54506.3721312895,365468.07791419,224409.927221166,463286.180169289
"117","Montiporic Acid A",691943.264217649,323052.339165171,786542.04475569,754128.132889324,460907.860448587,182908.662557079,269972.203003381,317288.629476792,107803.634833036,101596.393453788,273197.524155342,76408.4028346217,272884.682342412,110014.268082056,19467.6165016179,50810.2199847393,8539.36010350191,22387.4812939442,29646.0545403037,90567.5910951656,12640.050186943,37697.4924583921,39554.2747211442,16178.5625632993,29004.2218322866,12490.8965463095,16170.9539146433,29841.7266371595,13342.8418863349,15108.251904052,41729.9794951285,16117.46456641,32359.0286655492,9852.86499972289,10745.1161567803,14184.0791708511,7017.98864608338,56316.0062076532,14580.8600513426,18254.1113481567
"118","Montiporic Acid B",171625.094330555,40367.7775846069,273573.483922258,150838.746236751,173913.55392781,64180.6940365435,112936.329360743,42857.2083605596,69629.7296922633,39499.0086840213,120119.505397861,70296.7631677585,63617.2516220171,28241.9526169155,16393.8372679714,12994.6669481925,2402.25237167116,37825.9897915042,7148.90439256115,19173.8403340641,9235.81341848138,6087.65281265945,13342.7110197234,4602.95851900653,14149.525416462,0,11909.4256662374,43762.1253791771,6964.11651306505,7443.1192906733,29875.941786435,10510.8138357438,15399.2718848048,14287.201534374,4098.63950180547,2232.32219387016,0,19127.9596540493,3597.03411155842,4116.70415131464
"119","Montiporic Acid C",80299.1736319323,32635.263142421,128660.938958596,159415.297961232,43751.753888265,14279.7019495088,44941.4386538851,37765.7456132935,4088.2137058402,16628.9055276245,26581.1024296857,16310.3158985082,15446.4976254059,11508.7313551478,11609.7380833174,0,0,8202.81701173681,0,10086.1720944179,0,6941.4616263986,0,0,0,0,3236.29052540556,8961.22123013002,8800.72584393948,7170.20078385057,7680.95816133548,3843.36517720583,2450.08796090748,0,0,0,0,17102.9264097084,0,4178.33562811642
"120","Lysine-Glutamine",65857.0650851808,37723.9261108917,163130.023945254,59885.6079553067,8154.89347623047,5635.32612005985,15261.2061340632,26643.9612395873,2648.89072301087,2654.5018298287,8249.97291237348,2150.29348831718,11539.9924974945,6794.09312944715,0,0,677.766826932818,0,0,1456.781640353,0,0,0,0,0,0,797.492581559039,1853.48953577007,0,0,2673.15815726674,0,834.544398397308,2040.53989440569,1114.95256820884,0,0,0,0,0
"121","Arginine-Alanine",329155.978113418,333351.04823182,691538.395207372,541131.108775748,35638.4242676731,55041.6490907185,71890.0376793185,75349.2193224646,20467.0144094066,17088.2783016773,61065.1270837139,12320.344201479,55906.1043154517,38291.1478774295,3183.63701761675,3942.24478467679,4078.85361326843,4509.49068264398,10361.3317554003,4951.23435565354,1980.63328213606,3387.62648670864,8213.10288432939,0,2718.37385453259,0,2187.59801964704,16405.6611049672,1584.88773336355,1500.63701775779,13213.4323098148,9859.7849977131,10968.5475238347,8367.88657523939,1989.91268296203,4040.73058370702,1341.75955555147,7981.86093684601,1164.55474960525,3142.47290057313
"122","Arginine-Glutamine",2433378.74492717,2105327.52823967,2981765.53104186,2404680.00365678,308876.394571052,265317.602958265,464019.421206193,394158.101659666,40854.6184152221,39810.9660739323,177227.333200808,87859.5923344676,125100.469762945,111892.937360483,20904.481625104,20121.9982162312,11038.5128524932,20001.7434836046,30164.7632101025,71225.5861979906,26361.6005619604,43790.60094417,49521.4914278122,2576.59107890581,85183.4452592108,17430.5914464722,20621.7786422944,24115.203048332,6890.65512130416,6243.67648214789,92072.0633118943,24024.8226537171,73552.4004807936,86095.4000523976,8521.04864435302,3057.39717378901,4576.19639009326,14559.1416354275,3297.53996007629,16654.8215444696
"123","Arginine-Valine",150893.339610944,117283.099150964,163162.428723939,182199.754507774,25473.7594825572,48791.8776723732,56134.1716573073,56891.8639626454,15644.3203945461,17324.3919611376,33319.8607219188,16452.3265853928,29494.5343111347,33035.4670188133,2839.77803776215,14210.1824054204,10717.6694319719,7428.08570901338,19407.7203875101,19900.2283729962,6659.22061890306,11806.4956756296,17333.3659937602,1922.88282046917,6640.29644324027,2821.89628515161,5860.70890077371,8676.1441094859,4202.39836697298,4100.21768345754,13425.2934649876,6080.57597901991,19136.0799754079,17984.7820949187,5215.67613539285,3209.52771391296,3848.38715043184,4652.12065444696,1987.02880501541,5828.55097132041
"124","PosIS_Alanine-2H4-15N",40293083.7293095,39592917.1499122,43009555.7227102,32979316.5999016,43174655.4610446,40258594.4524473,47751918.1993661,49039543.229526,53003555.0336395,57141582.2401782,63158088.2091734,59162378.1447195,64387801.1776004,52544297.342965,50915078.2764021,45441455.6203234,32254628.213139,62634313.2705941,32233593.6971844,39273907.6008591,61171765.6596112,41340963.4209723,38157969.6280955,98695905.7858702,76750788.1519854,75735254.8063867,60564900.0811747,45043737.5781979,58389273.6106446,43585530.6366084,83085231.0860677,85094517.0388158,77359200.2743348,88344049.5163749,56789504.2345716,89257990.5567614,84956536.8194546,83798864.7368697,94091980.3864668,85915754.3449281
"125","PosIS_Glutamine-2H5-15N2",50473381.2861171,47869246.46021,54729473.6344185,45309034.339445,54082888.9568743,58945024.6501873,67950520.3975293,66389071.8752857,73777727.2266134,80323418.6461359,82043865.3392508,77215037.7863002,82564807.9171028,75551087.801575,61180632.133758,72253029.6339066,62895221.8933545,86692181.8526366,64816458.9229542,76783312.4386849,89393269.5414383,63935731.1501729,66350030.2670759,78914911.9765895,83782394.151862,71291885.2201943,84017421.2708804,73172729.5765304,76881270.3106312,63688734.4301147,77297042.0405048,74412111.1841944,69764530.6982877,70909202.599291,74708791.3638928,76716396.9442263,72664620.6134981,85563307.7186585,73265944.2414636,71444698.0593531
"126","PosIS_Inosine-15N4",4239441.41674707,4749823.15326403,1842201.71319962,5466486.54945783,6230678.80029016,5726909.69645175,3436420.24311244,2912508.91931244,4611415.91183856,1825387.88129124,1559643.17167417,2469334.42402284,1554756.25699918,3464865.91340391,7060903.01232381,5890550.07215384,5013185.28001019,2210996.36589129,6865064.58251102,4883816.59528032,1586273.17421714,7461282.51277071,7130276.18603725,1701644.6726359,2151493.24720402,4085880.26175816,2418112.93318767,4560563.66594886,3587720.89939632,7139186.26301036,2741418.89838779,3553497.72989024,4166364.44131044,3659407.09869714,4321349.89913292,2400753.48845935,3341646.64176661,1574737.95161769,3345659.24346205,3756148.9353577
"127","PosIS_Lysine-2H8",931695.661604204,861463.663847596,1070774.7708003,846701.825470425,690676.357193438,682247.166950676,835629.003502758,879390.599638765,570253.953166396,760083.816529509,755986.956599661,726670.052034923,690536.687744282,661285.158251506,457001.936219144,505208.9877452,795775.007484976,650489.083603079,566683.535967248,620778.455708387,689810.75470981,464176.800047801,498236.412890962,478308.486019232,578006.325903039,482186.723793382,639648.9759818,643842.023133705,597176.417028492,429443.777465026,513422.043805921,454035.529707389,480786.078996944,431734.685785796,534028.688623623,491449.425871151,470187.394480325,560836.874754341,431868.054923176,415222.552892363
"128","PosIS_Serine-13C3-15N1",835331.758918599,867364.6278784,1033163.15028819,866615.213715504,684171.397119512,777285.537868421,816719.112796213,861374.665856017,798411.004935462,959888.769937696,915483.865359146,886559.652351541,979473.036901882,887822.994434296,642995.752345822,755434.910924366,831016.761098223,881411.211031144,749943.978117301,831800.89378839,940322.738641933,654670.950780788,690113.043145159,804053.45735279,829101.717546239,735038.629049049,913962.85937349,827008.257278209,853333.55353145,734955.356423498,786858.781641347,712514.38731961,716559.722098492,716845.874859144,840080.938871089,804452.360899963,754242.35478363,847461.394775804,672629.919790426,746595.86136733
