sep=	
Culture:	en-US
Date pattern short:	M/d/yyyy
Time pattern long:	h:mm:ss tt
Decimal separator:	.
Software version:	1.0.4

File location:	C:\Users\dcone\OneDrive\Documents\Putnam Lab\E5 Project\Data\Larval Respiration\20201112\11122020_SDR 641_Run2_R_A5.csv
File creation time:	11/12/2020 11:32:17 AM
SDR name:	SDR-641
Serial number	SEBX0007000641
MUX channel	ON - 01

PARAMETERS
Sig LED current	045
Ref LED current	095
Frequency	060
Sending interval	0000
Pulse lenght	06
Red REF comp.	ON
Temperature comp.	ON

FIRMWARE
ver.4.039.A3.ST	04/30/07, 09:14:36

SETTINGS
Barometric pressure [hPa]:	1013.25
Temperature [°C]:	25.00
Salinity [‰]:	34.00
Organisms per chamber:	6
Chamber volume [µL]:	80.00
Oxygen unit:	millimolPerLiter

TREATMENTS
ID	Name	Color
X	Not set	#ff0e0ebe

CALIBRATION
Wells	A1	A2	A3	A4	A5	A6	B1	B2	B3	B4	B5	B6	C1	C2	C3	C4	C5	C6	D1	D2	D3	D4	D5	D6
Phase low [°]:	54.76	54.76	54.76	54.76	54.76	54.76	54.76	54.76	54.76	54.76	54.76	54.76	54.76	54.76	54.76	54.76	54.76	54.76	54.76	54.76	54.76	54.76	54.76	54.76
Phase high [°]:	47.47	47.47	47.47	47.47	47.47	47.47	47.47	47.47	47.47	47.47	47.47	47.47	47.47	47.47	47.47	47.47	47.47	47.47	47.47	47.47	47.47	47.47	47.47	47.47
Temp. low [°C]:	24.80	24.80	24.80	24.80	24.80	24.80	24.80	24.80	24.80	24.80	24.80	24.80	24.80	24.80	24.80	24.80	24.80	24.80	24.80	24.80	24.80	24.80	24.80	24.80
Temp. high [°C]:	24.80	24.80	24.80	24.80	24.80	24.80	24.80	24.80	24.80	24.80	24.80	24.80	24.80	24.80	24.80	24.80	24.80	24.80	24.80	24.80	24.80	24.80	24.80	24.80
Treatment ID	X	X	X	X	X	X	X	X	X	X	X	X	X	X	X	X	X	X	X	X	X	X	X	X
Normalization factor	1.0000	1.0000	1.0000	1.0000	1.0000	1.0000	1.0000	1.0000	1.0000	1.0000	1.0000	1.0000	1.0000	1.0000	1.0000	1.0000	1.0000	1.0000	1.0000	1.0000	1.0000	1.0000	1.0000	1.0000


Date [DD-MM-YYYY]	Time [HH:MM:SS]	Time stamp	Relative time [HH:MM:SS]	A1 [Phase]	A2 [Phase]	A3 [Phase]	A4 [Phase]	A5 [Phase]	A6 [Phase]	B1 [Phase]	B2 [Phase]	B3 [Phase]	B4 [Phase]	B5 [Phase]	B6 [Phase]	C1 [Phase]	C2 [Phase]	C3 [Phase]	C4 [Phase]	C5 [Phase]	C6 [Phase]	D1 [Phase]	D2 [Phase]	D3 [Phase]	D4 [Phase]	D5 [Phase]	D6 [Phase]	A1 [Amplitude]	A2 [Amplitude]	A3 [Amplitude]	A4 [Amplitude]	A5 [Amplitude]	A6 [Amplitude]	B1 [Amplitude]	B2 [Amplitude]	B3 [Amplitude]	B4 [Amplitude]	B5 [Amplitude]	B6 [Amplitude]	C1 [Amplitude]	C2 [Amplitude]	C3 [Amplitude]	C4 [Amplitude]	C5 [Amplitude]	C6 [Amplitude]	D1 [Amplitude]	D2 [Amplitude]	D3 [Amplitude]	D4 [Amplitude]	D5 [Amplitude]	D6 [Amplitude]	A1 [Oxygen]	A2 [Oxygen]	A3 [Oxygen]	A4 [Oxygen]	A5 [Oxygen]	A6 [Oxygen]	B1 [Oxygen]	B2 [Oxygen]	B3 [Oxygen]	B4 [Oxygen]	B5 [Oxygen]	B6 [Oxygen]	C1 [Oxygen]	C2 [Oxygen]	C3 [Oxygen]	C4 [Oxygen]	C5 [Oxygen]	C6 [Oxygen]	D1 [Oxygen]	D2 [Oxygen]	D3 [Oxygen]	D4 [Oxygen]	D5 [Oxygen]	D6 [Oxygen]
11/12/2020	11:32:11 AM	132496903315463842	0:00:00	45.87	50.01	49.86	48.66	49.70	47.27	49.95	46.03	48.52	48.33	46.99	34.19	49.02	49.80	45.68	47.10	46.70	47.80	47.94	47.15	48.65	45.79	47.11	47.28	50698	55225	56863	58765	65237	52588	61833	52983	57039	64286	68841	165	63199	63415	61469	54433	63007	67703	53278	57553	58521	58549	57863	59407	0.2624	0.1261	0.1306	0.1674	0.1354	0.2130	0.1279	0.2566	0.1719	0.1780	0.2226		0.1562	0.1324	0.2694	0.2188	0.2327	0.1953	0.1906	0.2171	0.1678	0.2654	0.2185	0.2127
11/12/2020	11:32:26 AM	132496903465473675	0:00:15	45.88	50.03	49.90	48.70	49.73	47.31	49.98	46.05	48.56	48.35	47.02	37.27	49.06	49.84	45.69	47.13	46.72	47.87	47.96	47.17	48.69	45.79	47.14	47.30	50709	55112	56945	58884	65136	52699	61861	53119	57114	64316	68929	166	63201	63426	61424	54480	61304	67882	53267	57632	58613	58644	57922	59324	0.2621	0.1255	0.1294	0.1662	0.1345	0.2117	0.1270	0.2559	0.1706	0.1773	0.2216		0.1549	0.1312	0.2690	0.2178	0.2320	0.1929	0.1900	0.2164	0.1665	0.2654	0.2175	0.2120
11/12/2020	11:32:41 AM	132496903615484544	0:00:30	45.89	50.05	49.94	48.71	49.75	47.35	49.99	46.05	48.59	48.38	47.03	35.52	49.09	49.85	45.69	47.16	46.74	47.92	47.98	47.19	48.72	45.80	47.16	47.31	50684	55165	57004	58933	65164	52650	61848	53113	57197	64397	68850	170	63328	63511	61493	54513	61460	67852	53447	57690	58600	58699	57813	59317	0.2617	0.1249	0.1282	0.1659	0.1339	0.2103	0.1267	0.2559	0.1697	0.1764	0.2212		0.1540	0.1309	0.2690	0.2168	0.2313	0.1913	0.1893	0.2157	0.1656	0.2650	0.2168	0.2117
11/12/2020	11:32:56 AM	132496903765498135	0:00:45	45.89	50.07	49.98	48.73	49.76	47.38	50.02	46.07	48.63	48.39	47.04	37.55	49.12	49.88	45.69	47.19	46.74	47.97	48.00	47.18	48.76	45.80	47.17	47.31	50701	55173	57086	59006	65233	52795	61794	53096	57315	64647	68944	171	63203	63605	61437	54577	61319	67928	53342	57676	58782	58646	57813	59311	0.2617	0.1244	0.1270	0.1652	0.1336	0.2093	0.1258	0.2551	0.1684	0.1760	0.2209		0.1531	0.1300	0.2690	0.2157	0.2313	0.1897	0.1887	0.2161	0.1643	0.2650	0.2164	0.2117
11/12/2020	11:33:11 AM	132496903915506971	0:01:00	45.89	50.10	50.00	48.76	49.78	47.41	50.04	46.07	48.65	48.42	47.07	36.30	49.16	49.92	45.70	47.24	46.75	48.01	48.00	47.22	48.78	45.81	47.19	47.32	50695	55232	57102	58944	65305	52855	62031	53111	57386	64515	68993	166	63439	63523	61375	54639	61359	68006	53445	57888	58803	58734	57816	59318	0.2617	0.1235	0.1264	0.1643	0.1330	0.2083	0.1252	0.2551	0.1678	0.1751	0.2199		0.1518	0.1288	0.2687	0.2140	0.2309	0.1884	0.1887	0.2147	0.1637	0.2646	0.2157	0.2113
11/12/2020	11:33:26 AM	132496904065522814	0:01:15	45.90	50.12	50.05	48.78	49.80	47.47	50.06	46.07	48.67	48.45	47.08	37.11	49.18	49.95	45.70	47.27	46.77	48.06	48.04	47.22	48.80	45.81	47.21	47.33	50709	55170	57136	59004	65258	52814	62087	53071	57364	64613	68936	163	63345	63629	61451	54726	61441	68008	53601	57817	58909	58698	57848	59485	0.2613	0.1229	0.1249	0.1637	0.1324	0.2063	0.1246	0.2551	0.1671	0.1741	0.2195		0.1512	0.1279	0.2687	0.2130	0.2302	0.1867	0.1874	0.2147	0.1630	0.2646	0.2151	0.2110
11/12/2020	11:33:41 AM	132496904215530911	0:01:30	45.90	50.13	50.08	48.80	49.82	47.53	50.08	46.07	48.70	48.47	47.10	35.78	49.22	49.99	45.72	47.30	46.78	48.09	48.05	47.23	48.84	45.82	47.24	47.33	50718	55151	57221	58971	65290	52872	61966	53031	57343	64592	68925	158	63357	63559	61371	54655	61396	68004	53576	57862	58910	58590	57918	59453	0.2613	0.1226	0.1241	0.1630	0.1318	0.2042	0.1241	0.2551	0.1662	0.1735	0.2188		0.1500	0.1267	0.2679	0.2120	0.2299	0.1857	0.1870	0.2144	0.1618	0.2643	0.2140	0.2110
11/12/2020	11:33:56 AM	132496904365523931	0:01:45	45.90	50.16	50.13	48.84	49.85	47.58	50.12	46.09	48.75	48.50	47.12	34.60	49.28	50.03	45.73	47.37	46.81	48.14	48.08	47.26	48.87	45.83	47.28	47.34	50752	55176	57294	59050	65292	52981	62062	53213	57327	64547	68959	170	63466	63613	61436	54882	61415	68005	53445	57750	58872	58738	57925	59397	0.2613	0.1217	0.1226	0.1618	0.1309	0.2026	0.1229	0.2544	0.1646	0.1725	0.2181		0.1481	0.1255	0.2676	0.2096	0.2288	0.1841	0.1861	0.2134	0.1608	0.2639	0.2127	0.2106
11/12/2020	11:34:11 AM	132496904515530924	0:02:00	45.91	50.18	50.16	48.84	49.87	47.63	50.14	46.09	48.76	48.53	47.14	37.96	49.30	50.06	45.73	47.39	46.82	48.16	48.07	47.27	48.90	45.83	47.29	47.34	50749	55132	57277	59116	65461	52932	62153	53142	57529	64583	69036	160	63376	63793	61471	54754	61439	68133	53407	57766	58962	58685	58049	59666	0.2610	0.1211	0.1217	0.1618	0.1303	0.2009	0.1223	0.2544	0.1643	0.1716	0.2175		0.1475	0.1246	0.2676	0.2090	0.2285	0.1835	0.1864	0.2130	0.1599	0.2639	0.2123	0.2106
11/12/2020	11:34:26 AM	132496904665541520	0:02:15	45.92	50.20	50.19	48.87	49.90	47.68	50.16	46.10	48.80	48.55	47.15	37.13	49.35	50.11	45.73	47.44	46.84	48.20	48.11	47.29	48.91	45.84	47.32	47.36	50766	55306	57366	59037	65426	52958	62296	53051	57777	64748	69127	163	63552	63731	61405	54840	61591	68388	53566	57759	59112	58770	57942	59453	0.2606	0.1205	0.1208	0.1608	0.1294	0.1992	0.1217	0.2540	0.1630	0.1709	0.2171		0.1460	0.1232	0.2676	0.2073	0.2278	0.1822	0.1851	0.2123	0.1596	0.2635	0.2113	0.2100
11/12/2020	11:34:41 AM	132496904815539275	0:02:30	45.93	50.21	50.22	48.89	49.92	47.74	50.18	46.12	48.82	48.57	47.18	35.97	49.39	50.16	45.74	47.49	46.85	48.22	48.12	47.31	48.95	45.85	47.36	47.37	50741	55333	57371	59164	65496	52946	62142	53065	57664	64834	69128	161	63664	63795	61483	54886	61404	68398	53479	57779	59115	58752	58017	59646	0.2602	0.1202	0.1199	0.1602	0.1288	0.1972	0.1211	0.2533	0.1624	0.1703	0.2161		0.1448	0.1217	0.2672	0.2056	0.2275	0.1815	0.1848	0.2117	0.1583	0.2632	0.2100	0.2096
11/12/2020	11:34:56 AM	132496904965550100	0:02:45	45.92	50.23	50.25	48.92	49.94	47.80	50.20	46.10	48.85	48.60	47.18	36.15	49.43	50.20	45.73	47.53	46.87	48.25	48.14	47.32	48.96	45.85	47.40	47.38	50763	55357	57395	59111	65420	53129	62376	53105	57495	64813	69170	163	63743	63963	61513	54928	61537	68386	53664	57886	58939	58763	58078	59690	0.2606	0.1196	0.1191	0.1593	0.1282	0.1953	0.1205	0.2540	0.1615	0.1693	0.2161		0.1435	0.1205	0.2676	0.2042	0.2268	0.1806	0.1841	0.2113	0.1580	0.2632	0.2086	0.2093
11/12/2020	11:35:11 AM	132496905115549674	0:03:00	45.93	50.25	50.29	48.94	49.95	47.86	50.22	46.11	48.87	48.63	47.20	38.38	49.49	50.24	45.75	47.59	46.88	48.28	48.15	47.33	48.98	45.86	47.43	47.39	50758	55292	57332	59083	65231	53037	62194	52969	57547	64693	69017	168	63563	63879	61563	54989	61495	68365	53600	57835	58884	58647	58019	59591	0.2602	0.1191	0.1179	0.1587	0.1279	0.1933	0.1199	0.2537	0.1608	0.1684	0.2154		0.1417	0.1194	0.2668	0.2022	0.2264	0.1796	0.1838	0.2110	0.1574	0.2628	0.2076	0.2090
11/12/2020	11:35:26 AM	132496905265550647	0:03:15	45.94	50.27	50.31	48.96	49.98	47.93	50.27	46.11	48.90	48.64	47.22	37.29	49.56	50.29	45.75	47.65	46.88	48.32	48.17	47.34	49.00	45.87	47.48	47.39	50769	55237	57427	59063	65454	53193	62277	53099	57653	64857	69071	166	63704	64048	61426	55016	61503	68559	53562	57959	59074	58681	58267	59574	0.2599	0.1185	0.1173	0.1580	0.1270	0.1910	0.1185	0.2537	0.1599	0.1681	0.2147		0.1396	0.1179	0.2668	0.2002	0.2264	0.1783	0.1831	0.2106	0.1568	0.2624	0.2059	0.2090
11/12/2020	11:35:41 AM	132496905415557862	0:03:30	45.94	50.29	50.35	48.97	50.02	47.98	50.28	46.12	48.92	48.65	47.22	37.51	49.61	50.33	45.75	47.73	46.90	48.34	48.19	47.34	49.01	45.85	47.50	47.39	50792	55342	57439	59180	65619	53362	62307	53046	57779	64952	69188	151	63813	64113	61507	55097	61615	68393	53714	58129	59092	58869	58143	59705	0.2599	0.1179	0.1161	0.1577	0.1258	0.1893	0.1182	0.2533	0.1593	0.1678	0.2147		0.1381	0.1167	0.2668	0.1976	0.2257	0.1777	0.1825	0.2106	0.1565	0.2632	0.2053	0.2090
11/12/2020	11:35:56 AM	132496905565556744	0:03:45	45.93	50.32	50.37	49.00	50.03	48.06	50.33	46.12	48.94	48.68	47.24	36.96	49.68	50.37	45.75	47.82	46.92	48.37	48.19	47.35	49.03	45.87	47.56	47.40	50789	55308	57489	59212	65757	53320	62306	53029	57698	64846	69330	160	63896	64007	61390	55191	61554	68402	53684	57954	59123	58803	58277	59701	0.2602	0.1170	0.1156	0.1568	0.1255	0.1867	0.1167	0.2533	0.1587	0.1668	0.2140		0.1360	0.1156	0.2668	0.1946	0.2250	0.1767	0.1825	0.2103	0.1558	0.2624	0.2032	0.2086
11/12/2020	11:36:11 AM	132496905715554844	0:04:00	45.94	50.34	50.40	49.02	50.05	48.14	50.37	46.13	48.96	48.70	47.26	38.85	49.74	50.41	45.76	47.91	46.94	48.41	48.22	47.37	49.06	45.87	47.62	47.42	50792	55427	57371	59226	65562	53365	62412	53136	57775	64890	69226	157	63956	64050	61527	55300	61538	68508	53552	57949	59180	58620	58450	59630	0.2599	0.1164	0.1147	0.1562	0.1249	0.1841	0.1156	0.2530	0.1580	0.1662	0.2134		0.1342	0.1144	0.2665	0.1916	0.2243	0.1754	0.1815	0.2096	0.1549	0.2624	0.2012	0.2079
11/12/2020	11:36:26 AM	132496905865568447	0:04:15	45.94	50.36	50.41	49.05	50.08	48.22	50.43	46.13	48.98	48.73	47.28	37.43	49.83	50.46	45.76	48.01	46.94	48.43	48.23	47.38	49.07	45.88	47.68	47.44	50797	55370	57338	59340	65476	53373	62440	53037	57787	64920	69294	169	64083	64123	61616	55404	61624	68549	53642	57931	58982	58615	58258	59562	0.2599	0.1158	0.1144	0.1552	0.1241	0.1815	0.1138	0.2530	0.1574	0.1652	0.2127		0.1315	0.1129	0.2665	0.1884	0.2243	0.1748	0.1812	0.2093	0.1546	0.2621	0.1992	0.2073
11/12/2020	11:36:41 AM	132496906015569306	0:04:30	45.95	50.40	50.45	49.08	50.11	48.30	50.47	46.15	49.02	48.76	47.31	38.86	49.89	50.51	45.78	48.10	46.97	48.46	48.26	47.38	49.11	45.90	47.74	47.46	50826	55361	57295	59335	65603	53498	62577	53029	57740	64869	69292	157	64042	64228	61372	55461	61620	68551	53597	57958	59035	58687	58420	59574	0.2595	0.1147	0.1132	0.1543	0.1232	0.1789	0.1127	0.2522	0.1562	0.1643	0.2117		0.1297	0.1115	0.2657	0.1854	0.2233	0.1738	0.1802	0.2093	0.1534	0.2613	0.1972	0.2066
11/12/2020	11:36:56 AM	132496906165581081	0:04:45	45.95	50.42	50.46	49.10	50.12	48.36	50.48	46.14	49.02	48.77	47.31	39.98	49.94	50.53	45.76	48.18	46.97	48.48	48.27	47.37	49.11	45.89	47.81	47.47	50817	55446	57328	59327	65775	53652	62670	53091	57724	65027	69366	159	66056	64241	61355	55529	61613	68622	53637	57988	59063	58808	58616	59753	0.2595	0.1141	0.1129	0.1537	0.1229	0.1770	0.1124	0.2526	0.1562	0.1640	0.2117		0.1282	0.1109	0.2665	0.1828	0.2233	0.1732	0.1799	0.2096	0.1534	0.2617	0.1949	0.2063
11/12/2020	11:37:11 AM	132496906315592343	0:05:00	45.95	50.44	50.47	49.13	50.14	48.43	50.52	46.14	49.04	48.80	47.32	37.12	49.98	50.58	45.76	48.26	46.99	48.49	48.29	47.37	49.12	45.89	47.88	47.48	50809	55545	57346	59319	65725	53626	62572	53031	57759	64992	69267	163	64199	64195	61483	55629	61581	68437	53600	58042	59270	58651	58537	59694	0.2595	0.1135	0.1127	0.1528	0.1223	0.1748	0.1112	0.2526	0.1555	0.1630	0.2113		0.1270	0.1095	0.2665	0.1802	0.2226	0.1729	0.1793	0.2096	0.1531	0.2617	0.1926	0.2059
11/12/2020	11:37:26 AM	132496906465602827	0:05:15	45.96	50.47	50.52	49.17	50.17	48.50	50.57	46.15	49.07	48.83	47.35	37.68	50.04	50.63	45.77	48.36	47.01	48.55	48.32	47.39	49.14	45.90	47.94	47.49	50840	55512	57425	59340	65804	53813	62695	53009	57719	65021	69358	154	64300	64371	61486	55728	61679	68834	53619	57948	59192	58703	58732	59646	0.2591	0.1127	0.1112	0.1515	0.1214	0.1725	0.1098	0.2522	0.1546	0.1621	0.2103		0.1252	0.1080	0.2661	0.1770	0.2219	0.1709	0.1783	0.2090	0.1524	0.2613	0.1906	0.2056
11/12/2020	11:37:41 AM	132496906615619025	0:05:30	45.97	50.49	50.54	49.21	50.20	48.57	50.60	46.15	49.09	48.85	47.36	35.22	50.09	50.67	45.77	48.45	47.03	48.59	48.34	47.39	49.17	45.92	48.02	47.51	50857	55513	57415	59338	65843	53776	62732	53023	57732	65130	69284	150	64407	64313	61560	55746	61738	68665	53836	57982	59240	58802	58829	59598	0.2588	0.1121	0.1106	0.1503	0.1205	0.1703	0.1089	0.2522	0.1540	0.1615	0.2100		0.1238	0.1069	0.2661	0.1741	0.2212	0.1697	0.1777	0.2090	0.1515	0.2606	0.1880	0.2049
11/12/2020	11:37:56 AM	132496906765661954	0:05:45	45.97	50.51	50.57	49.23	50.21	48.62	50.62	46.16	49.13	48.87	47.38	36.81	50.12	50.71	45.77	48.53	47.04	48.63	48.36	47.39	49.18	45.91	48.08	47.53	50840	55463	57281	59418	65722	53832	62694	52986	57912	65151	69353	157	64404	64356	61469	56064	61728	68695	53794	58011	59083	58786	58830	59725	0.2588	0.1115	0.1098	0.1497	0.1202	0.1687	0.1083	0.2519	0.1528	0.1608	0.2093		0.1229	0.1057	0.2661	0.1716	0.2209	0.1684	0.1770	0.2090	0.1512	0.2610	0.1861	0.2042
11/12/2020	11:38:11 AM	132496906915672105	0:06:00	45.99	50.54	50.59	49.26	50.24	48.68	50.66	46.17	49.13	48.90	47.39	36.99	50.17	50.75	45.80	48.61	47.06	48.67	48.39	47.39	49.21	45.93	48.15	47.53	50832	55565	57353	59478	65825	53999	62717	53108	57929	65195	69551	160	64481	64389	61702	56043	61917	68786	53911	57974	59287	58808	58971	59645	0.2580	0.1106	0.1092	0.1487	0.1194	0.1668	0.1072	0.2515	0.1528	0.1599	0.2090		0.1214	0.1046	0.2650	0.1690	0.2202	0.1671	0.1760	0.2090	0.1503	0.2602	0.1838	0.2042
11/12/2020	11:38:26 AM	132496907065680254	0:06:15	45.99	50.55	50.61	49.29	50.25	48.73	50.68	46.18	49.16	48.91	47.41	37.68	50.19	50.78	45.79	48.67	47.07	48.71	48.41	47.39	49.22	45.93	48.22	47.55	50860	55623	57448	59493	65841	53991	62712	53128	57945	65245	69526	154	64568	64525	61648	56040	61924	69005	54017	57941	59400	58781	58959	59660	0.2580	0.1103	0.1086	0.1478	0.1191	0.1652	0.1066	0.2512	0.1518	0.1596	0.2083		0.1208	0.1037	0.2654	0.1671	0.2199	0.1659	0.1754	0.2090	0.1500	0.2602	0.1815	0.2036
11/12/2020	11:38:41 AM	132496907215676463	0:06:30	45.98	50.58	50.63	49.29	50.28	48.77	50.71	46.18	49.17	48.94	47.42	38.98	50.22	50.81	45.80	48.74	47.08	48.74	48.44	47.38	49.24	45.94	48.29	47.57	50871	55682	57561	59476	65835	54112	62803	53085	57874	65108	69547	159	64666	64339	61625	56064	61815	69033	53840	57964	59330	58850	59040	59812	0.2584	0.1095	0.1080	0.1478	0.1182	0.1640	0.1057	0.2512	0.1515	0.1587	0.2079		0.1199	0.1029	0.2650	0.1649	0.2195	0.1649	0.1744	0.2093	0.1494	0.2599	0.1793	0.2029
11/12/2020	11:38:56 AM	132496907365678151	0:06:45	45.99	50.58	50.65	49.33	50.29	48.82	50.72	46.18	49.19	48.95	47.44	37.13	50.23	50.83	45.81	48.81	47.09	48.77	48.46	47.39	49.26	45.95	48.36	47.57	50883	55774	57500	59406	65870	54256	62827	53182	57833	65239	69629	163	64588	64559	61635	56158	61967	69085	53911	57968	59235	58803	59208	59792	0.2580	0.1095	0.1075	0.1466	0.1179	0.1624	0.1055	0.2512	0.1509	0.1583	0.2073		0.1196	0.1023	0.2646	0.1627	0.2192	0.1640	0.1738	0.2090	0.1487	0.2595	0.1770	0.2029
11/12/2020	11:39:11 AM	132496907515685156	0:07:00	45.99	50.60	50.66	49.34	50.32	48.85	50.75	46.19	49.21	48.98	47.45	38.98	50.24	50.84	45.80	48.87	47.10	48.78	48.48	47.36	49.28	45.95	48.43	47.58	50877	55823	57365	59477	65847	54209	62872	53105	57794	65175	69638	159	64680	64633	61538	56233	61845	69113	53865	58005	59316	58705	59074	59859	0.2580	0.1089	0.1072	0.1463	0.1170	0.1615	0.1046	0.2508	0.1503	0.1574	0.2069		0.1194	0.1020	0.2650	0.1608	0.2188	0.1637	0.1732	0.2100	0.1481	0.2595	0.1748	0.2026
11/12/2020	11:39:26 AM	132496907665699451	0:07:15	46.00	50.62	50.70	49.37	50.34	48.90	50.78	46.20	49.24	49.01	47.47	37.84	50.28	50.88	45.82	48.94	47.13	48.81	48.52	47.39	49.30	45.96	48.52	47.59	50886	55719	57475	59537	65862	54251	62877	53148	57854	65270	69678	157	64617	64465	61658	56288	61921	69020	54027	58047	59448	58763	59342	59842	0.2577	0.1083	0.1060	0.1454	0.1164	0.1599	0.1037	0.2504	0.1494	0.1565	0.2063		0.1182	0.1009	0.2643	0.1587	0.2178	0.1627	0.1719	0.2090	0.1475	0.2591	0.1719	0.2022
11/12/2020	11:39:41 AM	132496907815699446	0:07:30	46.00	50.63	50.71	49.38	50.36	48.93	50.79	46.20	49.25	49.02	47.49	35.00	50.28	50.88	45.82	49.01	47.14	48.83	48.53	47.40	49.31	45.95	48.58	47.59	50897	55615	57541	59568	65835	54289	62813	53122	57977	65294	69661	161	64767	64473	61553	56345	61817	69180	54052	57884	59273	58811	59290	59789	0.2577	0.1080	0.1057	0.1451	0.1158	0.1590	0.1034	0.2504	0.1491	0.1562	0.2056		0.1182	0.1009	0.2643	0.1565	0.2175	0.1621	0.1716	0.2086	0.1472	0.2595	0.1700	0.2022
11/12/2020	11:39:56 AM	132496907965707389	0:07:45	45.99	50.64	50.71	49.39	50.36	48.96	50.80	46.19	49.26	49.04	47.49	38.71	50.28	50.88	45.81	49.06	47.14	48.83	48.54	47.38	49.33	45.96	48.64	47.60	50877	55777	57556	59626	65870	54317	62836	53233	58004	65261	69662	154	64585	64519	61533	56409	62000	69173	54019	57975	59302	58839	59345	59738	0.2580	0.1077	0.1057	0.1448	0.1158	0.1580	0.1032	0.2508	0.1487	0.1555	0.2056		0.1182	0.1009	0.2646	0.1549	0.2175	0.1621	0.1713	0.2093	0.1466	0.2591	0.1681	0.2019
11/12/2020	11:40:11 AM	132496908115714909	0:08:00	46.01	50.67	50.73	49.42	50.39	49.01	50.83	46.22	49.30	49.06	47.50	36.65	50.30	50.91	45.81	49.12	47.16	48.87	48.57	47.41	49.35	45.97	48.72	47.63	50880	55610	57545	59652	65920	54395	62908	53258	57806	65325	69744	155	64638	64730	61600	56373	62047	69184	54064	58024	59404	58916	59438	59822	0.2573	0.1069	0.1052	0.1439	0.1150	0.1565	0.1023	0.2497	0.1475	0.1549	0.2053		0.1176	0.1000	0.2646	0.1531	0.2168	0.1608	0.1703	0.2083	0.1460	0.2588	0.1656	0.2009
11/12/2020	11:40:26 AM	132496908265720127	0:08:15	46.00	50.67	50.75	49.43	50.40	49.03	50.84	46.21	49.32	49.08	47.53	38.73	50.32	50.92	45.82	49.18	47.18	48.88	48.59	47.42	49.37	45.97	48.80	47.63	50917	55815	57593	59672	65944	54414	63029	53287	58034	65414	69674	154	64610	64684	61610	56573	61972	69393	54047	58064	59493	58913	59666	59964	0.2577	0.1069	0.1046	0.1435	0.1147	0.1558	0.1020	0.2501	0.1469	0.1543	0.2042		0.1170	0.0997	0.2643	0.1512	0.2161	0.1605	0.1697	0.2079	0.1454	0.2588	0.1630	0.2009
11/12/2020	11:40:41 AM	132496908415732425	0:08:30	46.00	50.68	50.76	49.45	50.41	49.06	50.86	46.22	49.35	49.11	47.53	35.64	50.33	50.95	45.83	49.22	47.17	48.89	48.62	47.43	49.39	45.96	48.86	47.65	50905	55769	57516	59692	65926	54397	62973	53170	58137	65403	69759	155	64730	64655	61563	56583	62089	68998	54045	58069	59450	58819	59542	59706	0.2577	0.1066	0.1043	0.1429	0.1144	0.1549	0.1015	0.2497	0.1460	0.1534	0.2042		0.1167	0.0989	0.2639	0.1500	0.2164	0.1602	0.1687	0.2076	0.1448	0.2591	0.1612	0.2002
11/12/2020	11:40:56 AM	132496908565730442	0:08:45	46.01	50.71	50.80	49.47	50.44	49.08	50.89	46.23	49.38	49.13	47.55	35.84	50.38	50.99	45.84	49.28	47.21	48.91	48.65	47.45	49.42	45.99	48.93	47.66	50905	55759	57648	59627	65917	54458	63079	53171	57973	65415	69790	158	64744	64634	61667	56676	61961	69163	54020	58050	59527	58826	59819	59881	0.2573	0.1057	0.1032	0.1423	0.1135	0.1543	0.1006	0.2494	0.1451	0.1528	0.2036		0.1153	0.0978	0.2635	0.1481	0.2151	0.1596	0.1678	0.2069	0.1439	0.2580	0.1590	0.1999
11/12/2020	11:41:11 AM	132496908715729094	0:09:00	46.02	50.72	50.81	49.50	50.45	49.11	50.91	46.23	49.41	49.15	47.57	37.02	50.40	51.02	45.84	49.32	47.23	48.93	48.66	47.47	49.45	45.99	48.99	47.68	50917	55813	57572	59812	65957	54411	63152	53202	58051	65470	69739	160	64755	64518	61711	56680	62091	69155	54063	58066	59628	58760	59710	59863	0.2569	0.1055	0.1029	0.1414	0.1132	0.1534	0.1000	0.2494	0.1442	0.1521	0.2029		0.1147	0.0969	0.2635	0.1469	0.2144	0.1590	0.1674	0.2063	0.1429	0.2580	0.1571	0.1992
11/12/2020	11:41:26 AM	132496908865732258	0:09:15	46.02	50.71	50.82	49.51	50.46	49.12	50.90	46.22	49.44	49.16	47.57	37.86	50.40	51.02	45.85	49.34	47.21	48.93	48.67	47.46	49.44	45.98	49.02	47.68	50920	55859	57624	59806	65927	54457	63158	53190	58084	65548	69776	157	64783	64730	61687	56702	61996	69323	54147	57958	59620	58789	59723	59792	0.2569	0.1057	0.1026	0.1411	0.1129	0.1531	0.1003	0.2497	0.1432	0.1518	0.2029		0.1147	0.0969	0.2632	0.1463	0.2151	0.1590	0.1671	0.2066	0.1432	0.2584	0.1562	0.1992
11/12/2020	11:41:41 AM	132496909015729192	0:09:30	46.03	50.73	50.84	49.53	50.48	49.13	50.92	46.24	49.45	49.20	47.59	42.07	50.43	51.05	45.83	49.39	47.24	48.96	48.69	47.48	49.47	45.99	49.07	47.69	50911	55819	57545	59747	66021	54446	63161	53156	58169	65493	69700	159	66793	64771	61632	56707	62248	69326	54219	58172	59401	58750	59716	59829	0.2566	0.1052	0.1020	0.1405	0.1124	0.1528	0.0997	0.2490	0.1429	0.1506	0.2022		0.1138	0.0961	0.2639	0.1448	0.2140	0.1580	0.1665	0.2059	0.1423	0.2580	0.1546	0.1989
11/12/2020	11:41:56 AM	132496909165732724	0:09:45	46.03	50.76	50.87	49.55	50.51	49.17	50.95	46.25	49.49	49.22	47.61	37.89	50.46	51.07	45.86	49.42	47.26	48.98	48.71	47.50	49.49	46.01	49.11	47.71	50942	55687	57712	59742	66059	54487	63083	53207	58216	65539	69862	157	64822	64695	61643	56704	62123	69221	54111	57933	59515	58865	59743	59850	0.2566	0.1043	0.1012	0.1399	0.1115	0.1515	0.0989	0.2486	0.1417	0.1500	0.2016		0.1129	0.0955	0.2628	0.1439	0.2134	0.1574	0.1659	0.2053	0.1417	0.2573	0.1534	0.1982
11/12/2020	11:42:11 AM	132496909315723893	0:10:00	46.03	50.75	50.87	49.56	50.52	49.18	50.95	46.24	49.50	49.24	47.62	38.30	50.47	51.09	45.85	49.43	47.27	48.97	48.71	47.51	49.51	46.00	49.14	47.71	50945	55844	57559	59915	65959	54507	63161	53179	58353	65566	69868	165	64740	64716	61512	56909	62118	69243	54179	58070	59669	58937	59883	59919	0.2566	0.1046	0.1012	0.1396	0.1112	0.1512	0.0989	0.2490	0.1414	0.1494	0.2012		0.1127	0.0949	0.2632	0.1435	0.2130	0.1577	0.1659	0.2049	0.1411	0.2577	0.1524	0.1982
11/12/2020	11:42:26 AM	132496909465741940	0:10:15	46.03	50.77	50.89	49.59	50.54	49.20	50.98	46.26	49.53	49.26	47.63	37.73	50.50	51.11	45.85	49.47	47.29	48.99	48.74	47.53	49.54	46.01	49.17	47.73	50934	55831	57600	59910	66074	54494	63153	53298	58321	65576	69902	154	64910	64636	61840	56993	62282	69168	54343	58185	59599	58838	59969	59827	0.2566	0.1040	0.1006	0.1387	0.1106	0.1506	0.0980	0.2483	0.1405	0.1487	0.2009		0.1118	0.0944	0.2632	0.1423	0.2123	0.1571	0.1649	0.2042	0.1402	0.2573	0.1515	0.1976
11/12/2020	11:42:41 AM	132496909615748292	0:10:30	46.04	50.79	50.91	49.61	50.55	49.20	51.00	46.26	49.55	49.27	47.65	38.16	50.52	51.12	45.86	49.48	47.31	49.01	48.76	47.55	49.55	46.00	49.20	47.74	50956	55999	57526	59959	66195	54560	63250	53304	58209	65796	69886	163	64808	64678	61665	57203	62114	69208	54247	58243	59624	58824	60082	59989	0.2562	0.1034	0.1000	0.1381	0.1103	0.1506	0.0975	0.2483	0.1399	0.1484	0.2002		0.1112	0.0941	0.2628	0.1420	0.2117	0.1565	0.1643	0.2036	0.1399	0.2577	0.1506	0.1972
11/12/2020	11:42:56 AM	132496909765746880	0:10:45	46.04	50.80	50.93	49.63	50.58	49.23	51.02	46.26	49.59	49.30	47.66	36.68	50.55	51.14	45.88	49.52	47.32	49.04	48.76	47.57	49.57	46.02	49.22	47.75	50951	55974	57570	59997	66115	54627	63272	53301	58270	65659	69929	155	64925	64866	61591	57080	62324	69417	54345	58167	59715	58801	59940	59982	0.2562	0.1032	0.0995	0.1375	0.1095	0.1497	0.0969	0.2483	0.1387	0.1475	0.1999		0.1103	0.0935	0.2621	0.1408	0.2113	0.1555	0.1643	0.2029	0.1393	0.2569	0.1500	0.1969
11/12/2020	11:43:11 AM	132496909915746501	0:11:00	46.04	50.81	50.95	49.64	50.57	49.23	51.05	46.27	49.60	49.31	47.68	36.02	50.55	51.15	45.87	49.55	47.33	49.05	48.77	47.58	49.59	46.01	49.23	47.76	50948	55745	57540	59921	66160	54585	63256	53230	58288	65572	69921	161	64991	64697	61706	57013	62191	69227	54243	58256	59747	58766	60160	59887	0.2562	0.1029	0.0989	0.1372	0.1098	0.1497	0.0961	0.2479	0.1384	0.1472	0.1992		0.1103	0.0933	0.2624	0.1399	0.2110	0.1552	0.1640	0.2026	0.1387	0.2573	0.1497	0.1966
11/12/2020	11:43:26 AM	132496910065754066	0:11:15	46.05	50.84	50.97	49.67	50.62	49.27	51.07	46.29	49.63	49.35	47.70	39.02	50.59	51.17	45.89	49.58	47.36	49.07	48.79	47.61	49.61	46.02	49.26	47.78	50974	55781	57652	59992	66320	54635	63277	53321	58369	65701	69964	159	65084	64926	61739	57008	62395	69451	54414	58364	59847	59023	60127	60082	0.2559	0.1020	0.0983	0.1363	0.1083	0.1484	0.0955	0.2472	0.1375	0.1460	0.1986		0.1092	0.0927	0.2617	0.1390	0.2100	0.1546	0.1633	0.2016	0.1381	0.2569	0.1487	0.1959
11/12/2020	11:43:41 AM	132496910215757453	0:11:30	46.05	50.84	51.00	49.69	50.63	49.27	51.10	46.28	49.65	49.37	47.70	41.04	50.59	51.19	45.88	49.59	47.36	49.09	48.79	47.61	49.63	46.03	49.27	47.79	50965	55747	57533	59982	66330	54613	63244	53338	58347	65701	69987	159	66879	64930	61856	57000	62365	69342	54433	58425	59827	58874	59983	60120	0.2559	0.1020	0.0975	0.1357	0.1080	0.1484	0.0947	0.2476	0.1369	0.1454	0.1986		0.1092	0.0921	0.2621	0.1387	0.2100	0.1540	0.1633	0.2016	0.1375	0.2566	0.1484	0.1956
11/12/2020	11:43:56 AM	132496910365764995	0:11:45	46.05	50.86	51.01	49.71	50.65	49.30	51.11	46.30	49.67	49.39	47.72	37.40	50.61	51.21	45.89	49.63	47.39	49.10	48.81	47.64	49.65	46.04	49.28	47.80	50993	55769	57644	60033	66291	54645	63293	53301	58271	65789	69979	149	64928	64933	61685	57091	62208	69377	54271	58281	59804	58914	59998	60010	0.2559	0.1015	0.0972	0.1351	0.1075	0.1475	0.0944	0.2468	0.1363	0.1448	0.1979		0.1086	0.0916	0.2617	0.1375	0.2090	0.1537	0.1627	0.2006	0.1369	0.2562	0.1481	0.1953
11/12/2020	11:44:11 AM	132496910515782985	0:12:00	46.06	50.85	51.04	49.74	50.66	49.30	51.14	46.31	49.71	49.41	47.74	38.49	50.64	51.25	45.90	49.64	47.41	49.12	48.81	47.65	49.67	46.04	49.31	47.84	50991	55895	57711	60130	66213	54611	63381	53346	58381	65802	70073	148	65015	64842	61777	57093	62457	69377	54357	58403	59794	58828	60051	59991	0.2555	0.1017	0.0964	0.1342	0.1072	0.1475	0.0935	0.2465	0.1351	0.1442	0.1972		0.1077	0.0905	0.2613	0.1372	0.2083	0.1531	0.1627	0.2002	0.1363	0.2562	0.1472	0.1939
11/12/2020	11:44:26 AM	132496910665778928	0:12:15	46.06	50.87	51.05	49.76	50.68	49.32	51.15	46.30	49.74	49.43	47.75	37.58	50.66	51.27	45.89	49.67	47.43	49.14	48.83	47.67	49.70	46.04	49.31	47.84	50988	55908	57772	60136	66287	54716	63396	53378	58431	65747	70067	151	65036	64903	61602	57099	62354	69278	54443	58385	59795	58947	60187	60068	0.2555	0.1012	0.0961	0.1336	0.1066	0.1469	0.0933	0.2468	0.1342	0.1435	0.1969		0.1072	0.0899	0.2617	0.1363	0.2076	0.1524	0.1621	0.1996	0.1354	0.2562	0.1472	0.1939
11/12/2020	11:44:41 AM	132496910815780164	0:12:30	46.07	50.88	51.08	49.78	50.70	49.33	51.18	46.32	49.77	49.46	47.77	41.15	50.67	51.31	45.91	49.68	47.45	49.15	48.85	47.69	49.72	46.05	49.32	47.85	50993	55849	57677	60100	66334	54660	63398	53313	58489	65819	70127	162	67108	65150	61751	57124	62378	69529	54442	58441	59870	58947	60205	60192	0.2551	0.1009	0.0952	0.1330	0.1060	0.1466	0.0924	0.2461	0.1333	0.1426	0.1963		0.1069	0.0888	0.2610	0.1360	0.2069	0.1521	0.1615	0.1989	0.1348	0.2559	0.1469	0.1936
11/12/2020	11:44:56 AM	132496910965781772	0:12:45	46.07	50.89	51.09	49.79	50.70	49.32	51.18	46.31	49.78	49.47	47.77	37.88	50.68	51.32	45.90	49.70	47.46	49.16	48.85	47.70	49.73	46.05	49.33	47.86	50985	55972	57582	60152	66239	54708	63314	53222	58586	65807	70082	157	65017	64946	61577	57105	62368	69498	54315	58570	59827	58940	60087	60089	0.2551	0.1006	0.0949	0.1327	0.1060	0.1469	0.0924	0.2465	0.1330	0.1423	0.1963		0.1066	0.0885	0.2613	0.1354	0.2066	0.1518	0.1615	0.1986	0.1345	0.2559	0.1466	0.1933
11/12/2020	11:45:11 AM	132496911115773981	0:13:00	46.07	50.90	51.10	49.82	50.72	49.34	51.20	46.32	49.80	49.50	47.79	36.70	50.70	51.35	45.91	49.73	47.48	49.19	48.87	47.73	49.75	46.06	49.35	47.88	51005	55973	57554	60181	66336	54709	63312	53347	58542	65879	70167	155	65098	65009	61879	57289	62393	69517	54378	58484	59909	58957	60149	60057	0.2551	0.1003	0.0947	0.1318	0.1055	0.1463	0.0919	0.2461	0.1324	0.1414	0.1956		0.1060	0.0877	0.2610	0.1345	0.2059	0.1509	0.1608	0.1976	0.1339	0.2555	0.1460	0.1926
11/12/2020	11:45:26 AM	132496911265776978	0:13:15	46.07	50.91	51.13	49.83	50.73	49.36	51.22	46.33	49.83	49.51	47.80	35.28	50.73	51.37	45.91	49.74	47.50	49.21	48.88	47.75	49.77	46.06	49.37	47.89	51016	55985	57707	60175	66257	54696	63429	53386	58507	65888	70077	150	65125	65000	61595	57214	62675	69405	54460	58424	59923	58944	60143	60199	0.2551	0.1000	0.0938	0.1315	0.1052	0.1457	0.0913	0.2458	0.1315	0.1411	0.1953		0.1052	0.0871	0.2610	0.1342	0.2053	0.1503	0.1605	0.1969	0.1333	0.2555	0.1454	0.1923
11/12/2020	11:45:41 AM	132496911415786338	0:13:30	46.09	50.93	51.15	49.86	50.76	49.37	51.24	46.34	49.86	49.54	47.82	39.17	50.74	51.40	45.90	49.77	47.51	49.23	48.91	47.77	49.79	46.06	49.38	47.91	51016	55833	57677	60216	66313	54710	63404	53313	58550	65916	70131	162	67038	65161	61813	57234	62448	69555	54413	58544	59898	59029	60427	60189	0.2544	0.0995	0.0933	0.1306	0.1043	0.1454	0.0907	0.2454	0.1306	0.1402	0.1946		0.1049	0.0863	0.2613	0.1333	0.2049	0.1497	0.1596	0.1963	0.1327	0.2555	0.1451	0.1916
11/12/2020	11:45:56 AM	132496911565800869	0:13:45	46.08	50.93	51.16	49.88	50.76	49.38	51.26	46.33	49.87	49.56	47.83	34.66	50.74	51.42	45.91	49.78	47.53	49.25	48.92	47.80	49.81	46.07	49.40	47.93	51033	55889	57598	60301	66504	54830	63642	53429	58565	65954	70248	156	65389	65302	61839	57410	62552	69595	54548	58625	59930	59184	60304	60359	0.2548	0.0995	0.0930	0.1300	0.1043	0.1451	0.0902	0.2458	0.1303	0.1396	0.1943		0.1049	0.0857	0.2610	0.1330	0.2042	0.1491	0.1593	0.1953	0.1321	0.2551	0.1445	0.1910
11/12/2020	11:46:11 AM	132496911715806344	0:14:00	46.09	50.94	51.17	49.91	50.77	49.38	51.28	46.34	49.90	49.57	47.84	39.70	50.77	51.45	45.92	49.80	47.56	49.26	48.93	47.80	49.83	46.07	49.42	47.95	51022	55933	57594	60192	66389	54734	63529	53287	58476	66015	70138	151	66949	65134	61619	57356	62504	69469	54465	58401	60034	59013	60172	60185	0.2544	0.0992	0.0927	0.1291	0.1040	0.1451	0.0896	0.2454	0.1294	0.1393	0.1939		0.1040	0.0849	0.2606	0.1324	0.2032	0.1487	0.1590	0.1953	0.1315	0.2551	0.1439	0.1903
11/12/2020	11:46:26 AM	132496911865819179	0:14:15	46.09	50.96	51.19	49.92	50.80	49.41	51.30	46.34	49.92	49.59	47.86	38.64	50.77	51.46	45.93	49.81	47.57	49.28	48.95	47.82	49.87	46.08	49.45	47.95	51045	56040	57634	60198	66411	54787	63565	53321	58526	66061	70221	151	65014	65133	61742	57415	62483	69573	54568	58566	59957	58925	60123	60217	0.2544	0.0986	0.0921	0.1288	0.1032	0.1442	0.0891	0.2454	0.1288	0.1387	0.1933		0.1040	0.0846	0.2602	0.1321	0.2029	0.1481	0.1583	0.1946	0.1303	0.2548	0.1429	0.1903
11/12/2020	11:46:41 AM	132496912015908181	0:14:30	46.10	50.97	51.19	49.95	50.82	49.43	51.33	46.36	49.94	49.62	47.88	37.04	50.78	51.50	45.94	49.82	47.61	49.31	48.97	47.84	49.89	46.09	49.47	47.97	51042	56015	57445	60321	66510	54839	63457	53386	58612	65990	70210	160	65176	65383	61763	57377	62558	69556	54571	58606	59909	58930	60433	60208	0.2540	0.0983	0.0921	0.1279	0.1026	0.1435	0.0882	0.2447	0.1282	0.1378	0.1926		0.1037	0.0835	0.2599	0.1318	0.2016	0.1472	0.1577	0.1939	0.1297	0.2544	0.1423	0.1897
11/12/2020	11:46:56 AM	132496912165911088	0:14:45	46.11	50.99	51.22	49.96	50.83	49.44	51.37	46.36	49.97	49.65	47.89	36.71	50.79	51.52	45.93	49.84	47.62	49.32	48.98	47.86	49.90	46.08	49.47	47.97	51045	56029	57535	60330	66437	54865	63495	53386	58645	66006	70230	155	65168	65200	61757	57513	62617	69524	54598	58613	59959	58917	60244	60259	0.2537	0.0978	0.0913	0.1276	0.1023	0.1432	0.0871	0.2447	0.1273	0.1369	0.1923		0.1034	0.0830	0.2602	0.1312	0.2012	0.1469	0.1574	0.1933	0.1294	0.2548	0.1423	0.1897
11/12/2020	11:47:11 AM	132496912315921189	0:15:00	46.10	51.00	51.21	49.98	50.84	49.46	51.37	46.36	49.98	49.65	47.90	35.86	50.78	51.54	45.94	49.84	47.64	49.32	49.00	47.89	49.91	46.09	49.49	47.98	51053	55919	57571	60305	66356	54815	63573	53341	58671	66052	70182	158	65131	65272	61720	57378	62571	69491	54501	58557	59871	58864	60296	60161	0.2540	0.0975	0.0916	0.1270	0.1020	0.1426	0.0871	0.2447	0.1270	0.1369	0.1920		0.1037	0.0824	0.2599	0.1312	0.2006	0.1469	0.1568	0.1923	0.1291	0.2544	0.1417	0.1893
11/12/2020	11:47:26 AM	132496912465917375	0:15:15	46.10	51.02	51.22	49.99	50.86	49.48	51.40	46.36	50.01	49.67	47.90	39.28	50.78	51.55	45.93	49.85	47.65	49.35	49.01	47.90	49.93	46.08	49.49	47.98	51062	56075	57468	60258	66528	54905	63611	53321	58730	66102	70273	165	67121	65298	61723	57458	62619	69574	54576	58522	60005	58886	60237	60190	0.2540	0.0969	0.0913	0.1267	0.1015	0.1420	0.0863	0.2447	0.1261	0.1363	0.1920		0.1037	0.0821	0.2602	0.1309	0.2002	0.1460	0.1565	0.1920	0.1285	0.2548	0.1417	0.1893
11/12/2020	11:47:41 AM	132496912615926635	0:15:30	46.12	51.04	51.25	50.03	50.89	49.52	51.43	46.39	50.03	49.70	47.93	35.68	50.81	51.59	45.95	49.87	47.68	49.37	49.04	47.94	49.96	46.10	49.52	47.99	51048	56112	57523	60244	66390	54955	63585	53449	58702	66132	70276	155	65225	65385	61812	57408	62640	69517	54519	58634	60089	58907	60452	60293	0.2533	0.0964	0.0905	0.1255	0.1006	0.1408	0.0854	0.2436	0.1255	0.1354	0.1910		0.1029	0.0810	0.2595	0.1303	0.1992	0.1454	0.1555	0.1906	0.1276	0.2540	0.1408	0.1890
11/12/2020	11:47:56 AM	132496912765937123	0:15:45	46.09	51.04	51.25	50.03	50.90	49.52	51.45	46.38	50.04	49.71	47.93	37.89	50.81	51.60	45.94	49.88	47.70	49.38	49.06	47.97	49.98	46.09	49.55	48.00	51039	55906	57524	60350	66537	54890	63577	53336	58834	66178	70291	157	65215	65332	61638	57367	62709	69652	54643	58554	60145	58905	60329	60164	0.2544	0.0964	0.0905	0.1255	0.1003	0.1408	0.0849	0.2440	0.1252	0.1351	0.1910		0.1029	0.0808	0.2599	0.1300	0.1986	0.1451	0.1549	0.1897	0.1270	0.2544	0.1399	0.1887
11/12/2020	11:48:11 AM	132496912915938053	0:16:00	46.11	51.06	51.26	50.05	50.91	49.56	51.47	46.39	50.07	49.74	47.95	40.88	50.84	51.62	45.95	49.89	47.72	49.38	49.09	47.99	50.00	46.10	49.54	48.01	51073	56095	57387	60348	66575	54968	63493	53378	58671	66226	70272	153	67090	65425	61741	57266	62709	69583	54521	58741	60154	58851	60322	60322	0.2537	0.0958	0.0902	0.1249	0.1000	0.1396	0.0843	0.2436	0.1244	0.1342	0.1903		0.1020	0.0802	0.2595	0.1297	0.1979	0.1451	0.1540	0.1890	0.1264	0.2540	0.1402	0.1884
11/12/2020	11:48:26 AM	132496913065934043	0:16:15	46.11	51.07	51.27	50.07	50.93	49.57	51.49	46.38	50.08	49.75	47.95	39.71	50.86	51.62	45.94	49.89	47.75	49.39	49.10	48.02	50.01	46.09	49.55	48.00	51090	56030	57530	60397	66708	54955	63792	53367	58745	66165	70326	151	67025	65320	61932	57494	62771	69675	54726	58845	60281	58996	60303	60287	0.2537	0.0955	0.0899	0.1244	0.0995	0.1393	0.0838	0.2440	0.1241	0.1339	0.1903		0.1015	0.0802	0.2599	0.1297	0.1969	0.1448	0.1537	0.1880	0.1261	0.2544	0.1399	0.1887
11/12/2020	11:48:41 AM	132496913215951052	0:16:30	46.13	51.09	51.29	50.09	50.96	49.59	51.51	46.41	50.12	49.79	47.98	39.18	50.89	51.65	45.96	49.92	47.79	49.41	49.14	48.05	50.04	46.12	49.58	48.02	51093	56116	57463	60377	66649	55047	63671	53418	58812	66268	70315	162	67248	65339	61756	57550	62826	69622	54648	58671	60123	58980	60567	60196	0.2530	0.0949	0.0893	0.1238	0.0986	0.1387	0.0832	0.2429	0.1229	0.1327	0.1893		0.1006	0.0794	0.2591	0.1288	0.1956	0.1442	0.1524	0.1870	0.1252	0.2533	0.1390	0.1880
11/12/2020	11:48:56 AM	132496913365952794	0:16:45	46.13	51.11	51.28	50.11	50.96	49.59	51.52	46.39	50.12	49.79	47.99	37.04	50.91	51.67	45.94	49.91	47.80	49.41	49.15	48.07	50.05	46.11	49.57	48.02	51099	55971	57631	60324	66744	55047	63750	53469	58722	66150	70383	160	65260	65418	61703	57478	62982	69794	54659	58726	60322	58975	60459	60118	0.2530	0.0944	0.0896	0.1232	0.0986	0.1387	0.0830	0.2436	0.1229	0.1327	0.1890		0.1000	0.0788	0.2599	0.1291	0.1953	0.1442	0.1521	0.1864	0.1249	0.2537	0.1393	0.1880
11/12/2020	11:49:11 AM	132496913515970893	0:17:00	46.13	51.13	51.31	50.14	50.99	49.62	51.57	46.41	50.16	49.84	48.01	38.93	50.92	51.69	45.97	49.95	47.84	49.44	49.19	48.09	50.08	46.13	49.59	48.04	51107	56023	57550	60342	66615	54997	63699	53477	58755	66332	70364	157	65284	65618	61802	57396	62883	69758	54717	58860	60283	58975	60438	60348	0.2530	0.0938	0.0888	0.1223	0.0978	0.1378	0.0816	0.2429	0.1217	0.1312	0.1884		0.0997	0.0783	0.2588	0.1279	0.1939	0.1432	0.1509	0.1857	0.1241	0.2530	0.1387	0.1874
11/12/2020	11:49:26 AM	132496913665969347	0:17:15	46.12	51.13	51.32	50.15	50.99	49.63	51.58	46.40	50.18	49.84	48.02	38.51	50.95	51.71	45.96	49.95	47.87	49.44	49.21	48.11	50.08	46.13	49.60	48.04	51090	56166	57499	60453	66678	55001	63761	53474	58858	66304	70418	148	65307	65448	61830	57411	62984	69770	54787	58870	60345	59039	60474	60237	0.2533	0.0938	0.0885	0.1220	0.0978	0.1375	0.0813	0.2433	0.1211	0.1312	0.1880		0.0989	0.0777	0.2591	0.1279	0.1929	0.1432	0.1503	0.1851	0.1241	0.2530	0.1384	0.1874
11/12/2020	11:49:41 AM	132496913815970357	0:17:30	46.14	51.15	51.32	50.16	51.01	49.64	51.60	46.41	50.19	49.86	48.02	37.90	50.96	51.72	45.97	49.96	47.89	49.44	49.24	48.13	50.11	46.12	49.60	48.06	51116	56221	57519	60416	66736	55240	63817	53486	58797	66314	70365	157	65287	65619	61788	57439	63033	69704	54737	58944	60367	59038	60475	60260	0.2526	0.0933	0.0885	0.1217	0.0972	0.1372	0.0808	0.2429	0.1208	0.1306	0.1880		0.0986	0.0775	0.2588	0.1276	0.1923	0.1432	0.1494	0.1844	0.1232	0.2533	0.1384	0.1867
11/12/2020	11:49:56 AM	132496913965981534	0:17:45	46.15	51.17	51.33	50.19	51.04	49.65	51.63	46.42	50.22	49.90	48.04	35.07	50.98	51.75	45.99	49.97	47.93	49.47	49.26	48.16	50.14	46.14	49.62	48.08	51113	56211	57568	60477	66750	55257	63757	53571	58781	66313	70439	161	65647	65563	62017	57647	63196	69970	54754	58933	60282	58993	60633	60239	0.2522	0.0927	0.0882	0.1208	0.0964	0.1369	0.0799	0.2426	0.1199	0.1294	0.1874		0.0980	0.0766	0.2580	0.1273	0.1910	0.1423	0.1487	0.1835	0.1223	0.2526	0.1378	0.1861
11/12/2020	11:50:11 AM	132496914115973405	0:18:00	46.13	51.18	51.35	50.20	51.03	49.66	51.65	46.44	50.24	49.91	48.05	38.05	50.98	51.75	45.97	49.98	47.96	49.47	49.28	48.17	50.16	46.14	49.61	48.08	51110	56147	57470	60327	66531	55059	63863	53441	58845	66366	70397	160	65262	65356	61697	57428	63026	69710	54732	58815	60220	58897	60497	60263	0.2530	0.0924	0.0877	0.1205	0.0966	0.1366	0.0794	0.2419	0.1194	0.1291	0.1870		0.0980	0.0766	0.2588	0.1270	0.1900	0.1423	0.1481	0.1831	0.1217	0.2526	0.1381	0.1861
11/12/2020	11:50:26 AM	132496914265986491	0:18:15	46.15	51.19	51.35	50.23	51.05	49.67	51.67	46.43	50.26	49.93	48.07	37.60	50.99	51.77	45.99	50.01	48.00	49.48	49.29	48.18	50.18	46.15	49.62	48.10	51113	56364	57533	60456	66700	55037	63865	53475	58843	66535	70457	151	65387	65551	61792	57579	63208	69836	54779	58836	60472	59040	60504	60229	0.2522	0.0921	0.0877	0.1196	0.0961	0.1363	0.0788	0.2422	0.1188	0.1285	0.1864		0.0978	0.0761	0.2580	0.1261	0.1887	0.1420	0.1478	0.1828	0.1211	0.2522	0.1378	0.1854
11/12/2020	11:50:41 AM	132496914415982997	0:18:30	46.14	51.20	51.35	50.24	51.07	49.68	51.69	46.44	50.27	49.96	48.09	37.43	50.99	51.78	45.97	50.00	48.04	49.49	49.30	48.19	50.19	46.14	49.63	48.10	51113	56305	57596	60561	66834	55080	63945	53579	58941	66393	70608	149	65406	65514	61706	57579	63227	69847	54805	58898	60400	59066	60490	60229	0.2526	0.0919	0.0877	0.1194	0.0955	0.1360	0.0783	0.2419	0.1185	0.1276	0.1857		0.0978	0.0758	0.2588	0.1264	0.1874	0.1417	0.1475	0.1825	0.1208	0.2526	0.1375	0.1854
11/12/2020	11:50:56 AM	132496914565984685	0:18:45	46.15	51.21	51.36	50.25	51.09	49.69	51.72	46.44	50.28	49.97	48.09	39.96	51.00	51.80	45.98	50.01	48.08	49.51	49.32	48.19	50.21	46.15	49.63	48.11	51116	56238	57508	60499	66706	55044	63851	53486	58799	66439	70517	156	67236	65474	61681	57616	63112	70031	54784	58923	60239	58941	60413	60410	0.2522	0.0916	0.0874	0.1191	0.0949	0.1357	0.0775	0.2419	0.1182	0.1273	0.1857		0.0975	0.0753	0.2584	0.1261	0.1861	0.1411	0.1469	0.1825	0.1202	0.2522	0.1375	0.1851
11/12/2020	11:51:11 AM	132496914715995126	0:19:00	46.16	51.23	51.38	50.28	51.10	49.70	51.75	46.46	50.30	50.01	48.11	34.47	51.04	51.81	46.00	50.02	48.13	49.53	49.35	48.21	50.24	46.17	49.65	48.13	51141	56327	57589	60610	66874	55061	63943	53543	58945	66319	70509	153	65506	65515	61662	57676	63189	69779	54819	59086	60321	58959	60426	60321	0.2519	0.0910	0.0868	0.1182	0.0947	0.1354	0.0766	0.2411	0.1176	0.1261	0.1851		0.0964	0.0750	0.2577	0.1258	0.1844	0.1405	0.1460	0.1818	0.1194	0.2515	0.1369	0.1844
11/12/2020	11:51:26 AM	132496914866003830	0:19:15	46.15	51.23	51.37	50.29	51.09	49.70	51.76	46.43	50.30	50.00	48.10	38.92	51.00	51.81	45.97	50.01	48.15	49.52	49.33	48.19	50.24	46.14	49.64	48.11	51107	56240	57644	60575	66946	55079	63831	53574	58892	66473	70606	157	65355	65504	61775	57670	63257	69967	54804	59029	60405	58972	60464	60287	0.2522	0.0910	0.0871	0.1179	0.0949	0.1354	0.0764	0.2422	0.1176	0.1264	0.1854		0.0975	0.0750	0.2588	0.1261	0.1838	0.1408	0.1466	0.1825	0.1194	0.2526	0.1372	0.1851
11/12/2020	11:51:41 AM	132496915016019435	0:19:30	46.17	51.25	51.39	50.32	51.11	49.73	51.79	46.45	50.34	50.05	48.13	39.07	51.04	51.84	46.00	50.06	48.22	49.56	49.36	48.22	50.27	46.17	49.67	48.15	51127	56167	57601	60657	66887	55057	63867	53509	59067	66515	70553	159	65469	65622	61708	57710	63371	69937	54896	58993	60369	59124	60391	60562	0.2515	0.0905	0.0866	0.1170	0.0944	0.1345	0.0756	0.2415	0.1164	0.1249	0.1844		0.0964	0.0742	0.2577	0.1246	0.1815	0.1396	0.1457	0.1815	0.1185	0.2515	0.1363	0.1838
11/12/2020	11:51:56 AM	132496915166014927	0:19:45	46.16	51.26	51.40	50.33	51.13	49.74	51.80	46.46	50.35	50.06	48.13	38.52	51.04	51.85	46.01	50.06	48.27	49.57	49.37	48.21	50.28	46.16	49.68	48.16	51127	56225	57560	60667	66869	55115	63832	53591	59051	66585	70490	148	65403	65572	61795	57596	63473	70006	55024	59087	60432	58958	60484	60387	0.2519	0.0902	0.0863	0.1167	0.0938	0.1342	0.0753	0.2411	0.1161	0.1246	0.1844		0.0964	0.0739	0.2573	0.1246	0.1799	0.1393	0.1454	0.1818	0.1182	0.2519	0.1360	0.1835
11/12/2020	11:52:11 AM	132496915316024314	0:20:00	46.17	51.27	51.42	50.34	51.13	49.74	51.82	46.46	50.37	50.09	48.15	37.06	51.06	51.86	46.00	50.07	48.33	49.58	49.38	48.23	50.30	46.17	49.69	48.18	51150	56325	57515	60514	66685	55103	63982	53582	58867	66556	70706	160	65454	65565	61884	57511	63429	70002	55012	59158	60363	59000	60578	60343	0.2515	0.0899	0.0857	0.1164	0.0938	0.1342	0.0747	0.2411	0.1156	0.1238	0.1838		0.0958	0.0736	0.2577	0.1244	0.1780	0.1390	0.1451	0.1812	0.1176	0.2515	0.1357	0.1828
11/12/2020	11:52:26 AM	132496915466025643	0:20:15	46.17	51.29	51.42	50.37	51.15	49.74	51.84	46.48	50.40	50.12	48.17	37.61	51.07	51.88	46.02	50.09	48.39	49.59	49.40	48.24	50.31	46.18	49.71	48.20	51150	56313	57638	60589	66987	55109	63901	53594	58948	66549	70659	151	65432	65672	61729	57657	63419	70110	54887	59001	60583	59052	60642	60289	0.2515	0.0893	0.0857	0.1156	0.0933	0.1342	0.0742	0.2404	0.1147	0.1229	0.1831		0.0955	0.0731	0.2569	0.1238	0.1760	0.1387	0.1445	0.1809	0.1173	0.2512	0.1351	0.1822
11/12/2020	11:52:41 AM	132496915616030601	0:20:30	46.18	51.31	51.44	50.40	51.17	49.79	51.87	46.49	50.43	50.15	48.19	39.75	51.12	51.90	46.03	50.11	48.45	49.63	49.43	48.26	50.35	46.19	49.73	48.22	51167	56342	57553	60586	66866	55114	63961	53670	58936	66617	70622	151	67254	65628	61712	57547	63468	70115	54958	58985	60514	58952	60630	60416	0.2512	0.0888	0.0852	0.1147	0.0927	0.1327	0.0734	0.2401	0.1138	0.1220	0.1825		0.0941	0.0726	0.2566	0.1232	0.1741	0.1375	0.1435	0.1802	0.1161	0.2508	0.1345	0.1815
11/12/2020	11:52:56 AM	132496915766041622	0:20:45	46.18	51.30	51.45	50.40	51.16	49.77	51.87	46.49	50.43	50.15	48.19	36.73	51.11	51.90	46.01	50.11	48.51	49.62	49.41	48.25	50.35	46.18	49.73	48.21	51142	56311	57538	60670	66875	55170	63991	53500	59087	66544	70651	155	65477	65605	61785	57547	63604	70065	54881	59058	60537	59100	60669	60389	0.2512	0.0891	0.0849	0.1147	0.0930	0.1333	0.0734	0.2401	0.1138	0.1220	0.1825		0.0944	0.0726	0.2573	0.1232	0.1722	0.1378	0.1442	0.1806	0.1161	0.2512	0.1345	0.1818
11/12/2020	11:53:11 AM	132496915916051788	0:21:00	46.17	51.33	51.45	50.41	51.16	49.79	51.87	46.48	50.44	50.17	48.21	36.57	51.12	51.91	46.01	50.14	48.59	49.64	49.43	48.25	50.36	46.19	49.75	48.23	51173	56336	57507	60636	67009	55135	64080	53574	59028	66580	70635	169	65543	65650	61749	57684	63634	70100	54953	59021	60484	58956	60699	60411	0.2515	0.0882	0.0849	0.1144	0.0930	0.1327	0.0734	0.2404	0.1135	0.1214	0.1818		0.0941	0.0723	0.2573	0.1223	0.1697	0.1372	0.1435	0.1806	0.1158	0.2508	0.1339	0.1812
11/12/2020	11:53:26 AM	132496916066044697	0:21:15	46.18	51.32	51.46	50.44	51.19	49.80	51.90	46.49	50.48	50.21	48.23	37.45	51.14	51.92	46.03	50.17	48.66	49.66	49.45	48.26	50.40	46.20	49.77	48.24	51156	56367	57442	60733	66911	55232	63983	53682	59127	66668	70652	149	65513	65753	61841	57781	63918	70199	55079	59130	60546	58917	60648	60332	0.2512	0.0885	0.0846	0.1135	0.0921	0.1324	0.0726	0.2401	0.1124	0.1202	0.1812		0.0935	0.0720	0.2566	0.1214	0.1674	0.1366	0.1429	0.1802	0.1147	0.2504	0.1333	0.1809
11/12/2020	11:53:41 AM	132496916216046741	0:21:30	46.18	51.34	51.48	50.46	51.20	49.81	51.91	46.49	50.50	50.23	48.23	40.08	51.17	51.93	46.03	50.18	48.73	49.68	49.46	48.27	50.41	46.19	49.79	48.25	51164	56445	57531	60717	66813	55141	64109	53611	59139	66633	70735	159	67461	65674	61807	57629	63935	68164	54818	59294	60547	58961	60582	60448	0.2512	0.0879	0.0841	0.1129	0.0919	0.1321	0.0723	0.2401	0.1118	0.1196	0.1812		0.0927	0.0717	0.2566	0.1211	0.1652	0.1360	0.1426	0.1799	0.1144	0.2508	0.1327	0.1806
11/12/2020	11:53:56 AM	132496916366061856	0:21:45	46.19	51.35	51.49	50.48	51.20	49.82	51.93	46.50	50.52	50.26	48.25	37.77	51.18	51.95	46.03	50.21	48.81	49.71	49.47	48.28	50.43	46.20	49.81	48.26	51176	56292	57435	60752	67055	55187	64112	53662	59126	66758	70738	154	65604	65783	61593	57768	64049	68361	54845	59170	60468	58956	60532	60395	0.2508	0.0877	0.0838	0.1124	0.0919	0.1318	0.0717	0.2397	0.1112	0.1188	0.1806		0.0924	0.0712	0.2566	0.1202	0.1627	0.1351	0.1423	0.1796	0.1138	0.2504	0.1321	0.1802
11/12/2020	11:54:11 AM	132496916516054062	0:22:00	46.18	51.34	51.49	50.48	51.20	49.84	51.94	46.51	50.54	50.27	48.25	38.81	51.18	51.96	46.02	50.23	48.86	49.72	49.47	48.26	50.43	46.21	49.82	48.27	51190	56350	57528	60823	66902	55201	64094	53597	59304	66697	70841	154	65514	65709	61684	57807	64096	68329	54899	59100	60586	58924	60703	60441	0.2512	0.0879	0.0838	0.1124	0.0919	0.1312	0.0715	0.2394	0.1106	0.1185	0.1806		0.0924	0.0709	0.2569	0.1196	0.1612	0.1348	0.1423	0.1802	0.1138	0.2501	0.1318	0.1799
11/12/2020	11:54:26 AM	132496916666063725	0:22:15	46.19	51.36	51.50	50.49	51.21	49.84	51.95	46.49	50.56	50.29	48.26	35.70	51.19	51.98	46.02	50.24	48.94	49.73	49.47	48.27	50.45	46.19	49.84	48.27	51187	56445	57660	60838	67110	55377	64203	53710	59346	66846	70793	155	65665	66021	61927	57875	64384	68397	54939	59073	60660	59254	60828	60520	0.2508	0.0874	0.0835	0.1121	0.0916	0.1312	0.0712	0.2401	0.1100	0.1179	0.1802		0.0921	0.0704	0.2569	0.1194	0.1587	0.1345	0.1423	0.1799	0.1132	0.2508	0.1312	0.1799
11/12/2020	11:54:41 AM	132496916816068536	0:22:30	46.19	51.37	51.50	50.51	51.21	49.86	51.96	46.49	50.57	50.32	48.27	36.72	51.20	52.00	46.03	50.26	48.99	49.76	49.47	48.27	50.47	46.20	49.85	48.29	51181	56455	57506	60876	66966	55231	64126	53614	59270	66687	70751	155	65636	65787	61655	57941	64201	68165	54906	58907	60467	58910	60624	60483	0.2508	0.0871	0.0835	0.1115	0.0916	0.1306	0.0709	0.2401	0.1098	0.1170	0.1799		0.0919	0.0699	0.2566	0.1188	0.1571	0.1336	0.1423	0.1799	0.1127	0.2504	0.1309	0.1793
11/12/2020	11:54:56 AM	132496916966080332	0:22:45	46.20	51.39	51.53	50.54	51.22	49.89	51.99	46.51	50.60	50.36	48.30	40.59	51.24	52.03	46.04	50.28	49.08	49.78	49.48	48.27	50.49	46.21	49.88	48.31	51204	56357	57508	60761	67035	55206	64152	53586	59382	66727	70860	145	67544	65723	61831	57773	64438	68455	54949	59121	60698	58971	60584	60424	0.2504	0.0866	0.0827	0.1106	0.0913	0.1297	0.0701	0.2394	0.1089	0.1158	0.1789		0.0907	0.0690	0.2562	0.1182	0.1543	0.1330	0.1420	0.1799	0.1121	0.2501	0.1300	0.1786
11/12/2020	11:55:11 AM	132496917116080897	0:23:00	46.20	51.38	51.53	50.54	51.22	49.88	52.00	46.52	50.61	50.37	48.30	36.56	51.24	52.04	46.04	50.31	49.12	49.81	49.49	48.27	50.50	46.21	49.90	48.31	51215	56394	57529	60855	67050	55258	64097	53614	59361	66814	70820	169	65691	65870	61818	57851	64436	68273	54963	58913	60509	59065	60739	60438	0.2504	0.0868	0.0827	0.1106	0.0913	0.1300	0.0699	0.2390	0.1086	0.1156	0.1789		0.0907	0.0688	0.2562	0.1173	0.1531	0.1321	0.1417	0.1799	0.1118	0.2501	0.1294	0.1786
11/12/2020	11:55:26 AM	132496917266085203	0:23:15	46.21	51.41	51.55	50.58	51.25	49.92	52.03	46.54	50.65	50.42	48.33	38.68	51.28	52.06	46.05	50.34	49.19	49.84	49.52	48.28	50.53	46.23	49.94	48.35	51218	56247	57697	60751	67045	55256	64179	53662	59297	66919	71059	151	65545	65839	61952	57748	64357	68285	54946	59112	60668	59114	60751	60595	0.2501	0.0860	0.0821	0.1095	0.0905	0.1288	0.0690	0.2383	0.1075	0.1141	0.1780		0.0896	0.0682	0.2559	0.1164	0.1509	0.1312	0.1408	0.1796	0.1109	0.2494	0.1282	0.1773
11/12/2020	11:55:41 AM	132496917416089503	0:23:30	46.21	51.42	51.56	50.60	51.26	49.94	52.06	46.55	50.68	50.44	48.34	39.08	51.30	52.09	46.05	50.36	49.24	49.85	49.54	48.29	50.55	46.22	49.98	48.36	51227	56453	57567	60851	66997	55266	64179	53674	59305	66905	70923	159	65786	65828	61909	57925	64513	68510	54911	59079	60593	59193	60955	60693	0.2501	0.0857	0.0819	0.1089	0.0902	0.1282	0.0682	0.2380	0.1066	0.1135	0.1777		0.0891	0.0674	0.2559	0.1158	0.1494	0.1309	0.1402	0.1793	0.1103	0.2497	0.1270	0.1770
11/12/2020	11:55:56 AM	132496917566102731	0:23:45	46.22	51.43	51.56	50.60	51.26	49.94	52.07	46.56	50.70	50.47	48.35	34.25	51.32	52.09	46.06	50.38	49.28	49.88	49.54	48.28	50.56	46.24	50.01	48.38	51199	56340	57530	60911	66950	55295	64140	53592	59389	66908	70949	150	65852	65727	61819	57796	64494	68435	54880	59142	60688	59039	60900	60456	0.2497	0.0854	0.0819	0.1089	0.0902	0.1282	0.0680	0.2376	0.1060	0.1127	0.1773		0.0885	0.0674	0.2555	0.1153	0.1481	0.1300	0.1402	0.1796	0.1100	0.2490	0.1261	0.1764
11/12/2020	11:56:11 AM	132496917716107614	0:24:00	46.23	51.42	51.58	50.61	51.27	49.96	52.09	46.54	50.71	50.50	48.36	36.73	51.34	52.11	46.06	50.40	49.33	49.89	49.55	48.28	50.58	46.24	50.03	48.39	51227	56442	57558	60874	66906	55325	64337	53606	59524	67066	70885	155	65728	65855	61917	57966	64741	68514	54844	59171	60725	59093	61025	60621	0.2494	0.0857	0.0813	0.1086	0.0899	0.1276	0.0674	0.2383	0.1057	0.1118	0.1770		0.0879	0.0669	0.2555	0.1147	0.1466	0.1297	0.1399	0.1796	0.1095	0.2490	0.1255	0.1760
11/12/2020	11:56:26 AM	132496917866119064	0:24:15	46.23	51.45	51.59	50.63	51.28	49.97	52.10	46.55	50.73	50.54	48.37	38.68	51.34	52.13	46.07	50.42	49.37	49.92	49.56	48.29	50.59	46.25	50.05	48.41	51230	56402	57548	60890	66983	55280	64350	53543	59338	66905	70942	151	65586	65766	61980	57857	64588	68429	55029	59011	60727	59160	60800	60677	0.2494	0.0849	0.0810	0.1080	0.0896	0.1273	0.0672	0.2380	0.1052	0.1106	0.1767		0.0879	0.0664	0.2551	0.1141	0.1454	0.1288	0.1396	0.1793	0.1092	0.2486	0.1249	0.1754
11/12/2020	11:56:41 AM	132496918016114977	0:24:30	46.23	51.46	51.60	50.65	51.28	49.98	52.12	46.57	50.75	50.56	48.38	37.62	51.35	52.14	46.07	50.44	49.41	49.95	49.57	48.29	50.60	46.26	50.07	48.43	51235	56420	57485	60902	67009	55377	64364	53603	59359	67026	70945	151	65794	65936	61758	57893	64753	68383	55039	58986	60845	59147	60833	60583	0.2494	0.0846	0.0808	0.1075	0.0896	0.1270	0.0666	0.2373	0.1046	0.1100	0.1764		0.0877	0.0661	0.2551	0.1135	0.1442	0.1279	0.1393	0.1793	0.1089	0.2483	0.1244	0.1748
11/12/2020	11:56:56 AM	132496918166122346	0:24:45	46.22	51.46	51.61	50.66	51.28	49.99	52.14	46.56	50.77	50.60	48.40	33.67	51.38	52.17	46.07	50.46	49.46	49.97	49.57	48.29	50.64	46.25	50.09	48.43	51244	56417	57560	61019	67120	55403	64472	53660	59457	67082	70892	156	65805	65924	61792	57922	64740	68601	54989	59048	60664	59091	61045	60673	0.2497	0.0846	0.0805	0.1072	0.0896	0.1267	0.0661	0.2376	0.1040	0.1089	0.1757		0.0868	0.0653	0.2551	0.1129	0.1426	0.1273	0.1393	0.1793	0.1077	0.2486	0.1238	0.1748
11/12/2020	11:57:11 AM	132496918316120030	0:25:00	46.22	51.46	51.62	50.68	51.29	49.99	52.15	46.56	50.78	50.62	48.40	38.06	51.38	52.17	46.06	50.46	49.49	49.98	49.57	48.27	50.65	46.26	50.10	48.43	51247	56548	57621	60980	67180	55318	64464	53739	59387	67121	70912	160	65734	65962	61946	57866	64730	68542	55013	58961	60889	59364	60997	60699	0.2497	0.0846	0.0802	0.1066	0.0893	0.1267	0.0658	0.2376	0.1037	0.1083	0.1757		0.0868	0.0653	0.2555	0.1129	0.1417	0.1270	0.1393	0.1799	0.1075	0.2483	0.1235	0.1748
11/12/2020	11:57:26 AM	132496918466119840	0:25:15	46.24	51.46	51.65	50.70	51.31	50.01	52.18	46.57	50.82	50.67	48.42	34.11	51.41	52.20	46.08	50.49	49.53	50.01	49.60	48.28	50.67	46.27	50.13	48.46	51255	56383	57640	60904	67159	55339	64312	53600	59489	67210	70950	162	65797	65799	61764	57941	64714	68350	55121	59001	60847	59228	60900	60528	0.2490	0.0846	0.0794	0.1060	0.0888	0.1261	0.0650	0.2373	0.1026	0.1069	0.1751		0.0860	0.0645	0.2548	0.1121	0.1405	0.1261	0.1384	0.1796	0.1069	0.2479	0.1226	0.1738
11/12/2020	11:57:41 AM	132496918616122328	0:25:30	46.23	51.49	51.65	50.71	51.32	50.01	52.20	46.58	50.83	50.70	48.43	40.09	51.43	52.21	46.08	50.50	49.57	50.04	49.61	48.29	50.70	46.27	50.15	48.48	51179	56431	57586	61023	67183	55328	64400	53643	59421	67267	70950	159	67701	65902	61915	57848	64878	68649	55194	59150	60786	59193	61017	60614	0.2494	0.0838	0.0794	0.1057	0.0885	0.1261	0.0645	0.2369	0.1023	0.1060	0.1748		0.0854	0.0642	0.2548	0.1118	0.1393	0.1252	0.1381	0.1793	0.1060	0.2479	0.1220	0.1732
11/12/2020	11:57:56 AM	132496918766121063	0:25:45	46.24	51.50	51.67	50.73	51.32	50.03	52.22	46.58	50.86	50.75	48.45	35.32	51.44	52.25	46.10	50.51	49.60	50.05	49.62	48.30	50.72	46.27	50.18	48.49	51258	56411	57642	60905	67077	55357	64425	53694	59508	67269	70888	150	65901	65890	61751	58061	64854	68496	55134	59045	60838	59355	61088	60721	0.2490	0.0835	0.0788	0.1052	0.0885	0.1255	0.0639	0.2369	0.1015	0.1046	0.1741		0.0852	0.0631	0.2540	0.1115	0.1384	0.1249	0.1378	0.1789	0.1055	0.2479	0.1211	0.1729
11/12/2020	11:58:11 AM	132496918916128162	0:26:00	46.24	51.51	51.66	50.73	51.32	50.02	52.22	46.59	50.86	50.77	48.45	35.52	51.45	52.25	46.09	50.51	49.63	50.07	49.62	48.27	50.73	46.27	50.18	48.51	51244	56382	57625	60892	67120	55295	64462	53748	59620	67280	70937	152	65798	65901	61820	57897	64897	68654	55046	59180	60880	59267	60955	60699	0.2490	0.0832	0.0791	0.1052	0.0885	0.1258	0.0639	0.2365	0.1015	0.1040	0.1741		0.0849	0.0631	0.2544	0.1115	0.1375	0.1244	0.1378	0.1799	0.1052	0.2479	0.1211	0.1722
11/12/2020	11:58:26 AM	132496919066139872	0:26:15	46.24	51.51	51.67	50.74	51.33	50.02	52.24	46.58	50.88	50.81	48.46	35.71	51.45	52.28	46.09	50.52	49.66	50.09	49.63	48.29	50.74	46.27	50.21	48.51	51258	56561	57585	61142	67068	55354	64494	53770	59601	67207	70960	155	65845	65956	61792	58073	65132	68657	55016	58974	61005	59274	61137	60657	0.2490	0.0832	0.0788	0.1049	0.0882	0.1258	0.0634	0.2369	0.1009	0.1029	0.1738		0.0849	0.0623	0.2544	0.1112	0.1366	0.1238	0.1375	0.1793	0.1049	0.2479	0.1202	0.1722
11/12/2020	11:58:41 AM	132496919216133269	0:26:30	46.25	51.52	51.69	50.76	51.33	50.03	52.26	46.60	50.89	50.86	48.47	38.95	51.46	52.31	46.10	50.53	49.69	50.12	49.65	48.29	50.76	46.29	50.22	48.55	51275	56451	57706	61046	67195	55394	64421	53805	59570	67359	70955	157	65847	65992	61911	57963	65011	68864	55084	59132	60942	59246	61006	60738	0.2486	0.0830	0.0783	0.1043	0.0882	0.1255	0.0629	0.2362	0.1006	0.1015	0.1735		0.0846	0.0615	0.2540	0.1109	0.1357	0.1229	0.1369	0.1793	0.1043	0.2472	0.1199	0.1709
11/12/2020	11:58:56 AM	132496919366135751	0:26:45	46.26	51.53	51.70	50.77	51.34	50.05	52.27	46.60	50.91	50.91	48.50	34.48	51.48	52.33	46.11	50.56	49.73	50.14	49.65	48.30	50.79	46.29	50.24	48.58	51273	56588	57795	61026	67204	55378	64468	53779	59628	67449	70978	153	66019	66155	61917	57893	65143	68846	55108	59250	61102	59274	61152	60765	0.2483	0.0827	0.0780	0.1040	0.0879	0.1249	0.0626	0.2362	0.1000	0.1000	0.1725		0.0841	0.0610	0.2537	0.1100	0.1345	0.1223	0.1369	0.1789	0.1034	0.2472	0.1194	0.1700
11/12/2020	11:59:11 AM	132496919516143043	0:27:00	46.25	51.54	51.71	50.79	51.34	50.05	52.28	46.60	50.92	50.96	48.50	38.68	51.49	52.35	46.09	50.57	49.76	50.16	49.66	48.30	50.80	46.30	50.26	48.60	51272	56615	57714	61064	67256	55350	64424	53717	59507	67506	71035	151	65763	66065	61973	57990	64984	68712	55047	59186	61130	59219	61128	60932	0.2486	0.0824	0.0777	0.1034	0.0879	0.1249	0.0623	0.2362	0.0997	0.0986	0.1725		0.0838	0.0605	0.2544	0.1098	0.1336	0.1217	0.1366	0.1789	0.1032	0.2468	0.1188	0.1693
11/12/2020	11:59:26 AM	132496919666148152	0:27:15	46.25	51.55	51.71	50.79	51.34	50.06	52.29	46.60	50.93	51.00	48.50	38.95	51.49	52.36	46.10	50.58	49.78	50.17	49.65	48.31	50.82	46.29	50.26	48.63	51281	56477	57740	60948	67262	55405	64537	53714	59704	67457	71169	157	65888	66086	62012	58010	65024	68795	55128	59226	61106	59142	61164	60996	0.2486	0.0821	0.0777	0.1034	0.0879	0.1246	0.0621	0.2362	0.0995	0.0975	0.1725		0.0838	0.0602	0.2540	0.1095	0.1330	0.1214	0.1369	0.1786	0.1026	0.2472	0.1188	0.1684
11/12/2020	11:59:41 AM	132496919816151255	0:27:30	46.26	51.56	51.73	50.81	51.37	50.07	52.31	46.62	50.95	51.06	48.53	39.99	51.52	52.39	46.11	50.60	49.81	50.20	49.68	48.32	50.84	46.30	50.29	48.65	51278	56448	57749	61048	67235	55374	64521	53790	59609	67525	70988	156	67842	66131	61861	58133	65282	68782	55139	59280	61130	59150	61035	60928	0.2483	0.0819	0.0772	0.1029	0.0871	0.1244	0.0615	0.2355	0.0989	0.0958	0.1716		0.0830	0.0594	0.2537	0.1089	0.1321	0.1205	0.1360	0.1783	0.1020	0.2468	0.1179	0.1678
11/12/2020	11:59:56 AM	132496919966146708	0:27:45	46.26	51.55	51.73	50.81	51.35	50.07	52.31	46.61	50.94	51.10	48.52	36.07	51.51	52.39	46.10	50.60	49.82	50.21	49.68	48.29	50.84	46.29	50.29	48.66	51292	56503	57803	61126	67164	55398	64571	53808	59592	67624	70940	161	66048	66184	61953	58001	65099	68710	55194	59255	61133	59305	61238	60913	0.2483	0.0821	0.0772	0.1029	0.0877	0.1244	0.0615	0.2358	0.0992	0.0947	0.1719		0.0832	0.0594	0.2540	0.1089	0.1318	0.1202	0.1360	0.1793	0.1020	0.2472	0.1179	0.1674
11/12/2020	12:00:11 PM	132496920116143608	0:28:00	46.25	51.57	51.74	50.83	51.37	50.08	52.33	46.62	50.95	51.17	48.54	38.95	51.52	52.41	46.10	50.63	49.84	50.25	49.68	48.32	50.88	46.30	50.30	48.69	51295	56393	57686	61146	67148	55352	64556	53737	59649	67662	70949	157	65872	66101	62038	58149	65229	68886	55250	59060	61124	59203	61211	60943	0.2486	0.0816	0.0769	0.1023	0.0871	0.1241	0.0610	0.2355	0.0989	0.0927	0.1713		0.0830	0.0589	0.2540	0.1080	0.1312	0.1191	0.1360	0.1783	0.1009	0.2468	0.1176	0.1665
11/12/2020	12:00:26 PM	132496920266153039	0:28:15	46.27	51.58	51.75	50.84	51.38	50.09	52.34	46.63	50.97	51.21	48.56	36.57	51.54	52.42	46.12	50.63	49.87	50.26	49.70	48.32	50.89	46.31	50.32	48.72	51264	56477	57709	61146	67115	55358	64532	53762	59650	67692	70950	152	66008	66167	61826	58031	65282	68945	55095	58943	61097	59135	61075	60968	0.2479	0.0813	0.0766	0.1020	0.0868	0.1238	0.0607	0.2351	0.0983	0.0916	0.1706		0.0824	0.0586	0.2533	0.1080	0.1303	0.1188	0.1354	0.1783	0.1006	0.2465	0.1170	0.1656
11/12/2020	12:00:41 PM	132496920416153908	0:28:30	46.26	51.58	51.78	50.85	51.39	50.09	52.35	46.63	50.99	51.26	48.57	37.62	51.55	52.43	46.11	50.64	49.88	50.28	49.72	48.31	50.90	46.31	50.33	48.74	51284	56520	57786	61204	67272	55373	64545	53717	59726	67678	70945	151	65936	65968	61868	58044	65167	68873	55121	59089	61036	59258	61209	61096	0.2483	0.0813	0.0758	0.1017	0.0866	0.1238	0.0605	0.2351	0.0978	0.0902	0.1703		0.0821	0.0584	0.2537	0.1077	0.1300	0.1182	0.1348	0.1786	0.1003	0.2465	0.1167	0.1649
11/12/2020	12:00:56 PM	132496920566156565	0:28:45	46.27	51.60	51.77	50.86	51.38	50.10	52.35	46.62	51.00	51.30	48.57	37.92	51.56	52.45	46.10	50.63	49.89	50.30	49.70	48.31	50.90	46.30	50.34	48.78	51304	56531	57848	61083	67162	55400	64554	53822	59659	67836	71039	157	65952	66103	61822	57978	65109	68997	55057	59187	61134	59221	61226	60939	0.2479	0.0808	0.0761	0.1015	0.0868	0.1235	0.0605	0.2355	0.0975	0.0891	0.1703		0.0819	0.0578	0.2540	0.1080	0.1297	0.1176	0.1354	0.1786	0.1003	0.2468	0.1164	0.1637
11/12/2020	12:01:11 PM	132496920716158503	0:29:00	46.27	51.61	51.79	50.88	51.40	50.11	52.38	46.63	51.02	51.35	48.59	35.52	51.57	52.45	46.13	50.66	49.91	50.33	49.71	48.32	50.92	46.31	50.36	48.80	51312	56556	57816	61109	67307	55468	64492	53833	59782	67822	71127	152	66033	66239	61827	58123	65446	69031	55279	59096	61221	59281	61247	61085	0.2479	0.0805	0.0756	0.1009	0.0863	0.1232	0.0597	0.2351	0.0969	0.0877	0.1697		0.0816	0.0578	0.2530	0.1072	0.1291	0.1167	0.1351	0.1783	0.0997	0.2465	0.1158	0.1630
11/12/2020	12:01:26 PM	132496920866154084	0:29:15	46.28	51.61	51.80	50.88	51.40	50.11	52.40	46.63	51.04	51.40	48.61	38.95	51.60	52.47	46.12	50.67	49.94	50.37	49.74	48.32	50.94	46.31	50.37	48.83	51315	56597	57913	61228	67288	55510	64605	53844	59773	67940	71080	157	65979	66145	61919	58140	65393	68881	55167	59087	61221	59218	61277	60952	0.2476	0.0805	0.0753	0.1009	0.0863	0.1232	0.0591	0.2351	0.0964	0.0863	0.1690		0.0808	0.0573	0.2533	0.1069	0.1282	0.1156	0.1342	0.1783	0.0992	0.2465	0.1156	0.1621
11/12/2020	12:01:41 PM	132496921016248798	0:29:30	46.28	51.63	51.81	50.90	51.42	50.13	52.40	46.64	51.06	51.45	48.62	39.74	51.61	52.48	46.12	50.68	49.96	50.38	49.74	48.32	50.96	46.32	50.38	48.84	51295	56721	57804	61132	67295	55395	64566	53740	59595	67943	71098	151	67778	66194	61992	58041	65310	69088	55078	58963	61055	59200	61304	61101	0.2476	0.0799	0.0750	0.1003	0.0857	0.1226	0.0591	0.2348	0.0958	0.0849	0.1687		0.0805	0.0570	0.2533	0.1066	0.1276	0.1153	0.1342	0.1783	0.0986	0.2461	0.1153	0.1618
11/12/2020	12:01:56 PM	132496921166260268	0:29:45	46.27	51.63	51.82	50.91	51.42	50.14	52.44	46.64	51.09	51.48	48.63	36.91	51.62	52.49	46.13	50.71	49.98	50.41	49.74	48.32	50.98	46.33	50.40	48.85	51315	56607	57858	61198	67292	55370	64607	53726	59654	67961	71107	157	66023	66027	61938	58078	65331	69205	55219	59052	61241	59229	61286	61205	0.2479	0.0799	0.0747	0.1000	0.0857	0.1223	0.0581	0.2348	0.0949	0.0841	0.1684		0.0802	0.0568	0.2530	0.1057	0.1270	0.1144	0.1342	0.1783	0.0980	0.2458	0.1147	0.1615
11/12/2020	12:02:11 PM	132496921316268009	0:30:00	46.30	51.65	51.85	50.93	51.44	50.16	52.45	46.65	51.11	51.53	48.65	36.09	51.63	52.52	46.14	50.73	50.00	50.44	49.76	48.33	50.99	46.34	50.41	48.87	51321	56697	57854	61190	67288	55397	64606	53808	59684	68051	70982	161	66083	66061	61949	58158	65291	69323	55330	59038	61263	59455	61291	61062	0.2468	0.0794	0.0739	0.0995	0.0852	0.1217	0.0578	0.2344	0.0944	0.0827	0.1678		0.0799	0.0560	0.2526	0.1052	0.1264	0.1135	0.1336	0.1780	0.0978	0.2454	0.1144	0.1608
