"% GC"	"AH10_S41_L002_R1_001"	"AH11_S42_L002_R1_001"	"AH12_S43_L002_R1_001"	"AH13_S44_L002_R1_001"	"AH14_S45_L002_R1_001"	"AH15_S46_L002_R1_001"	"AH16_S47_L002_R1_001"	"AH17_S48_L002_R1_001"	"AH18_S49_L002_R1_001"	"AH19_S50_L002_R1_001"	"AH1_S32_L002_R1_001"	"AH20_S51_L002_R1_001"	"AH21_S52_L002_R1_001"	"AH22_S53_L002_R1_001"	"AH23_S54_L002_R1_001"	"AH24_S55_L002_R1_001"	"AH25_S56_L002_R1_001"	"AH26_S57_L002_R1_001"	"AH27_S58_L002_R1_001"	"AH28_S59_L002_R1_001"	"AH29_S60_L002_R1_001"	"AH2_S33_L002_R1_001"	"AH30_S61_L002_R1_001"	"AH31_S62_L002_R1_001"	"AH32_S63_L002_R1_001"	"AH33_S64_L002_R1_001"	"AH34_S65_L002_R1_001"	"AH35_S66_L002_R1_001"	"AH36_S67_L002_R1_001"	"AH37_S68_L002_R1_001"	"AH38_S69_L002_R1_001"	"AH39_S70_L002_R1_001"	"AH3_S34_L002_R1_001"	"AH4_S35_L002_R1_001"	"AH5_S36_L002_R1_001"	"AH6_S37_L002_R1_001"	"AH7_S38_L002_R1_001"	"AH8_S39_L002_R1_001"	"AH9_S40_L002_R1_001"
0	0.03174786423458785	0.023266324065535825	0.014866094058624636	0.03504696204461186	0.021996418490692463	0.030583335196547833	0.029334704240341646	0.039701159547977094	0.04408112678897123	0.030935400028532192	0.0210251411672694	0.026383012154360553	0.028390335672686284	0.027249808559567903	0.03906728214139116	0.0417612800835124	0.027329347579600385	0.013244451462472419	0.024104309099309416	0.014182247634341588	0.009145187284893387	0.030310074944925998	0.011353327370068155	0.012741015754524245	0.02866854889176316	0.04245098449370126	0.032146315223238305	0.036251616801934186	0.05924686640026348	0.051198813023436845	0.03558794076532493	0.049546184517154895	0.035252816866414856	0.04496251873197849	0.031374685949550125	0.03360502493961156	0.026275938683840816	0.03604325190228274	0.03236998680547889
1	0.02338050448217056	0.0165840193629924	0.011155297082511862	0.02440314266875245	0.015895222121011344	0.02117077478847192	0.02024793574775311	0.0277889719634937	0.030546283524446646	0.021181206874067358	0.014951928100036675	0.018819882003443863	0.01989848102523768	0.019038773530029227	0.026284899505267783	0.02873785352859334	0.01929417746906551	0.009518719525498254	0.016839382449843135	0.010106091146429425	0.006723220102850193	0.02144288355307584	0.008314700165170396	0.008838362280165468	0.01972874436343934	0.030289905360964615	0.02270037654653039	0.02582423317583595	0.040943167534274974	0.03521551010572489	0.024418003152850677	0.033990332868033026	0.024984074385362976	0.030640525470585957	0.022134498708250527	0.023462331838090142	0.018198259588897793	0.02476485295868556	0.023390233291376208
2	0.011937095683100616	0.008278482748899956	0.006150302395594323	0.010919005841717266	0.008215207392509229	0.009552301495788604	0.009210781462090364	0.013245984649927484	0.014251393790293526	0.009730632301434726	0.007771562916122586	0.009075756181100032	0.009467270383979863	0.008887768685819333	0.0107634348756894	0.012617237812465449	0.009537185191987445	0.005022146498115644	0.008016084188840108	0.004938992532798679	0.003728422508456534	0.010151328971693623	0.0043576454449659185	0.00470614095437382	0.008828578344456646	0.015411553066191545	0.010941366325981711	0.012402427775237002	0.018031090585005686	0.015550659886742218	0.011063669707070158	0.014880733313536114	0.012220123450971393	0.013975772634606252	0.010288954013012214	0.01117814204924054	0.008418162661444979	0.01147322733225817	0.01231440999148829
3	0.011177577399976506	0.007304543601970549	0.006493894708197357	0.009149949989773875	0.007733533994902826	0.007995186518418674	0.008004473486027121	0.012105358193961505	0.010907491336705101	0.011827548221114365	0.009265680821158601	0.006695422195617723	0.007963982601796395	0.005880063546794177	0.008628751256377047	0.010053171375726998	0.008523630299625143	0.005641155252534549	0.007231292729792825	0.005107592679500643	0.0040701108245954085	0.010859818670917605	0.004416268477857836	0.005179624647954113	0.009398612536775895	0.014663021214007924	0.01066164604626143	0.009981405915002382	0.016343515512254977	0.013828250838919325	0.010709443355723193	0.012967898029376462	0.014640688916390683	0.01506059726520327	0.009118751088785505	0.010883980416365789	0.007631528214699075	0.010791327971944712	0.012540690252453742
4	0.033114997144211254	0.019397621343010683	0.02362769803000202	0.02684050850920779	0.019574671686060266	0.02053195838749964	0.021093478721629214	0.034365971286200746	0.021403629593802105	0.051975241784418896	0.035654597777010535	0.011092590888011148	0.016650920396551253	0.007053068551013988	0.01838914202178715	0.02184533830508354	0.017389182731613474	0.022120803412630303	0.016379718880972585	0.015937672691179672	0.013114801545918538	0.03754995405887107	0.01367870767478091	0.016356709414591934	0.03270049805694809	0.04347637059258293	0.03312533620225928	0.02440135190710157	0.0495498004053036	0.04398265378990397	0.03123095664375727	0.03623135067643576	0.045372273371625894	0.05185230920502551	0.024629459659903704	0.029686791989719876	0.02110998112312144	0.029310848694108608	0.037121872285753386
5	0.11559868269148976	0.06710711260995536	0.07961033883012315	0.09261990193730289	0.06633713070368202	0.0719067711344421	0.07250249153329635	0.1215871007657927	0.0683111501233064	0.19784048289381936	0.12648406754358846	0.035447042552280865	0.05029702556725302	0.016858187304235994	0.06015692753700718	0.07278394528840733	0.053510813714838644	0.07860243240074019	0.05051814734952941	0.05453718863024083	0.043032628520784044	0.12088605493009198	0.042677567945316436	0.05468019261316655	0.10334302808558465	0.15590995633495836	0.11933297471759009	0.07809919202642822	0.1696012948114466	0.16064117370666672	0.10897183321937084	0.1249812818753137	0.1436984150307945	0.16775543436551318	0.08592159772883484	0.09832058417205679	0.07055054314173345	0.10413577373929797	0.12610956228227224
6	0.27175564170180705	0.16064585151296712	0.17287274554767357	0.21753490126063904	0.15289116429023283	0.16568302249591957	0.16520782318907243	0.28709751868672684	0.16069309013077712	0.44573599805010383	0.2852582803154373	0.08454289672575092	0.11694660907047127	0.039912247194863804	0.14486271669610645	0.1692791584175445	0.12703628367765096	0.17545978335160772	0.11882863820631652	0.12227477698167653	0.09406478350176055	0.25585334263226067	0.09362098352839333	0.11641959665789382	0.21668250944623124	0.36417612687881495	0.28291554599246904	0.1815554024837348	0.3898038791119876	0.37143628670159806	0.2535788373842462	0.28726285179174066	0.2952983234971647	0.3454243193446736	0.20097683241082337	0.2242688289037102	0.16291551616486824	0.2403965840089188	0.2945930808021802
7	0.4391787885784653	0.26316647365988344	0.2696397938537749	0.35120672705109496	0.24903852637911122	0.2668256254811086	0.272084455087012	0.46983691525301813	0.26939645878076274	0.6821691582072406	0.44273185807642745	0.14290211961119648	0.19803234547435214	0.0711923806407254	0.2406534292277795	0.2801306049127767	0.21786545583898595	0.27592607213484205	0.20118689618004998	0.1909247896564405	0.14620240068200988	0.3838575050092436	0.15018243976361237	0.18335297334128978	0.3226671593986612	0.5879256275157848	0.45016675632060243	0.3018844363441678	0.6210276267722622	0.5901985619272174	0.41024134503996323	0.4560705656188299	0.4379517366970734	0.5094636523160141	0.3256917610427965	0.35959494649141066	0.2657298124358218	0.38374698286592557	0.4767963288290461
8	0.5594991432633766	0.3394583735026869	0.3449323226221866	0.44822961244212367	0.32397887915670764	0.34754606664771515	0.35554518356174264	0.6051483278922078	0.3572137065500016	0.8449746526452889	0.5568975146907262	0.19444866246922715	0.26416553241117147	0.09944977042186673	0.3150330078669521	0.372475076829966	0.29640985424470073	0.35341896054181254	0.26762509884168145	0.24526362517291433	0.18841095738151784	0.4699832840711589	0.19404223887224917	0.23638314702228258	0.39806460878761935	0.7526231427181591	0.5684776761699839	0.40075344748734565	0.7870460698907918	0.7469459483551565	0.5282341426736367	0.5815488096022831	0.5374828294469572	0.6182461732522638	0.41927487603024777	0.45559753699641437	0.34353617778783835	0.4877420472134128	0.6055974352680653
9	0.6196529912868063	0.38818238471434974	0.38472031242161797	0.5069524386385779	0.3638641124418379	0.39668502199125455	0.40155399524692104	0.6757843807580364	0.4123615581258488	0.9251522355067474	0.6185648126849105	0.23149041153394936	0.3034460978952479	0.12271436967222632	0.36236897414820984	0.4307631613720599	0.3434607819588206	0.3978474379344448	0.30559779415301214	0.2761075343636852	0.21356524724315315	0.5141199783025029	0.22404746120742927	0.2684222102878824	0.4333094058005289	0.8368996261852437	0.6379881656804733	0.46005786454616293	0.8736965592031841	0.8259155461212164	0.5897396448125145	0.6469321450750539	0.5831643380542535	0.66402808080097	0.4728061399885055	0.5036635478081487	0.3866954050451211	0.5442098085269891	0.6717308189070734
10	0.6088425143903398	0.3975700759361415	0.37854710387185014	0.5033455303182266	0.3677308794392894	0.4014362189734859	0.4102574509246858	0.6682967199906469	0.4228178880204031	0.8900230036388559	0.6091701432676337	0.24441222459799616	0.3123510697958157	0.13318118355603384	0.3676542450369892	0.44459896541188615	0.35663699555953055	0.39505605883432937	0.3142529228156479	0.27793238301034173	0.21398733281014823	0.5027287923571674	0.23044714229813038	0.2724683436693867	0.4191280673574647	0.8324597043770862	0.6398493813878429	0.4671828894067658	0.8604296228620208	0.8112301722964137	0.5857605021323836	0.6363646677944268	0.563895783886797	0.6376806911025338	0.47398738256296075	0.49965118313573714	0.3872824456770211	0.537672233707476	0.6649185921032714
11	0.5365996670271848	0.3591130065650262	0.33471617786078967	0.442853648269829	0.3348968095024528	0.3638458663787734	0.37625534946854805	0.5919299390436344	0.39017503073537324	0.763418759881569	0.5413436398088045	0.2296611893579137	0.2896640473120239	0.12779739135717882	0.33411656504200954	0.4151756683804023	0.33871050661991775	0.35153857545763434	0.29202090191149416	0.2557366695798127	0.19397846700331006	0.4426732201963845	0.2109256723451216	0.24989895427539274	0.37113396901878065	0.746132448712238	0.5712641204948897	0.4310905503587944	0.7592400252305455	0.7115835028804229	0.5218816834394813	0.5613140128218099	0.4961945938429772	0.5589732019464524	0.4225426124978997	0.44423113150213406	0.34775112952487985	0.4701966684345539	0.5900317352111261
12	0.44615369814515504	0.30200229714369353	0.2770155754976534	0.3709218717121974	0.28318381834276524	0.30925700861443917	0.3226366510184847	0.4933761338079934	0.3408126611824013	0.6093190006381457	0.4539968621374184	0.2050253188973308	0.25016544772213456	0.11611245689206609	0.2853660493744606	0.36460516994492714	0.29846138703887987	0.29213709385434095	0.25264679328043615	0.2178710601616895	0.16410083865387265	0.37358440437049584	0.18228832077741958	0.21728597138121075	0.3106408282680234	0.6236295714788447	0.4749112426035503	0.3760547771061802	0.6249479934797292	0.583333414964094	0.4332542503324709	0.463271827865078	0.42073053305543395	0.46623223671796693	0.3552559443548638	0.3693375797722224	0.29443609933572834	0.3893970061370942	0.4914449983547043
13	0.3708094844592432	0.25652474975512873	0.22614100707823068	0.309515977473629	0.24078317953680145	0.2609764628097062	0.27987472435299054	0.40864782505071423	0.29287012322678624	0.48086522991799524	0.3795166969288245	0.18126888217522658	0.21950296715729312	0.10779615218266154	0.2391745821421113	0.31606561522172	0.2595921674920219	0.24235944647069238	0.2209860635611572	0.18567834979730294	0.1394892302355167	0.32053623814110016	0.15858507447812067	0.18857564196138754	0.2623547611966881	0.5183531807066633	0.3961269499731039	0.3269866103687057	0.5129449340359358	0.4795317398355826	0.35774499977034324	0.3786569964716628	0.3564522571719649	0.39201407502254765	0.2986225386823824	0.3073283075622249	0.2480951118535479	0.32769052592841136	0.4080071294955486
14	0.31944073124394917	0.23072888929409566	0.19422128123740878	0.2708129666683342	0.21736850048649012	0.23396650685609702	0.25394473982079	0.3537413789566745	0.26181960044346514	0.39755405360353235	0.32974859692654573	0.1641492387328415	0.20078646049514629	0.10272816902340415	0.20768156898731638	0.28341819504701066	0.23413118013569179	0.2092599972249721	0.20233044944894746	0.16786624018102497	0.12421375257283765	0.2851228233314514	0.1417407230271762	0.17029630179104532	0.23164243117636565	0.44995992791125566	0.34272189349112425	0.2932622005963147	0.43844498524734854	0.41317409457609305	0.30812969549167857	0.3249850887925949	0.3164436156466205	0.3489096069876555	0.26103252965415646	0.2695579539011068	0.22164306098013714	0.2871553972875559	0.35454544047060577
15	0.29609820267593484	0.2211518210159565	0.17731653945733947	0.25209045890193327	0.20912653346078056	0.22265746025763467	0.24246790318871164	0.3270286432459874	0.24927996624250856	0.34310492225095207	0.30138185483021446	0.158931265217868	0.19014869122732891	0.10032200491218403	0.19297025536988666	0.2675641406931179	0.22472832149570418	0.18901957889651994	0.19240844314527822	0.15705599548072266	0.11795281666241064	0.264875516145816	0.12899021337318398	0.15835877351653613	0.21714131745468332	0.41396887584050895	0.31385691231845075	0.2744674256287038	0.3974888363663601	0.3747341694282353	0.28201140585236245	0.29887113650639574	0.2954262829050283	0.32334698404326834	0.24463864906475397	0.25134346559350224	0.2111585152944044	0.26485837058524286	0.326046037076378
16	0.29060435376133703	0.2202049357342196	0.16894434010691217	0.24547615563327826	0.20723997932015548	0.2157602394283871	0.24166745584010893	0.31757248198201143	0.24555124961767386	0.30761049716109395	0.2873973412010644	0.1599748599208627	0.1893798341173572	0.10466813883807538	0.18884234306989106	0.2621440596610025	0.2221639055029803	0.18003811225221547	0.19191514565673423	0.15072853115155488	0.1159830840164336	0.2574474444555146	0.12377276344580325	0.15019476679995472	0.21276178646491348	0.393153538033211	0.3003657880580957	0.2681069339871225	0.3734344009063057	0.35088166119250785	0.26721655191110427	0.28437484557840154	0.28614922583491914	0.31005211197467514	0.2411611592427595	0.24668394532876622	0.2070022676205529	0.2594897660976956	0.3135529847736012
17	0.29081955060822223	0.22535869705338768	0.16813117163375166	0.24942704703595187	0.21227079036182234	0.2190441549896352	0.24698873962236922	0.31720453796395787	0.24995670840573478	0.2878900631748933	0.2843983563413159	0.16432512548053724	0.19426838827926682	0.11211220905716264	0.18805791113749318	0.2644669515319091	0.22549764629352131	0.17684963319643507	0.19536822807654225	0.15076820177430827	0.11372191133610281	0.2587094417322573	0.12418312467604667	0.14916171146850682	0.20757586564210667	0.3827151075465956	0.2945669714900484	0.2697740411452665	0.3609593267146639	0.33766564105779096	0.26289499042467135	0.27788620824193844	0.28602126642705555	0.30806711371443374	0.24098452483910263	0.25359086046866536	0.21082977254054044	0.26262866791501155	0.3118737470474892
18	0.2988198098571295	0.23586912368066754	0.1669056923854675	0.2537710619612795	0.22474077943318815	0.23332769045512472	0.2592547496967319	0.32505094414894964	0.26201864225617877	0.27900762158254244	0.2875155807475061	0.17361194575887218	0.2076143706508651	0.12106013184576248	0.1972782012281375	0.2745708965004428	0.2351325235233268	0.17990963873714738	0.2049763177965926	0.15514188793287095	0.11596298470371955	0.2650304982675213	0.12635217689304765	0.15300697298000737	0.209341581310998	0.384037855614153	0.29771920387305	0.2808066802364234	0.3615434873167699	0.3403676192323378	0.2670748613705655	0.2772673497676515	0.28750346290147527	0.31260260392533407	0.24519063157618168	0.2671222955809039	0.21978801258333336	0.2708655792356233	0.3206153108132072
19	0.3128582394568735	0.25825619712744763	0.17070811397827443	0.2671176055553858	0.24577385112866781	0.2530212023163483	0.28386568718968574	0.34315378983718386	0.28396631947139805	0.2788191347583016	0.29928579014329343	0.1872138542473425	0.2258718581428796	0.1369558535055104	0.21301827803559725	0.29471531944650187	0.2502503663756706	0.19015248171121116	0.22257806909236738	0.16331403622007198	0.12258570824299948	0.2785582234620792	0.13287887455501454	0.16013792436514088	0.223620242664946	0.39839326099849637	0.30847767616998384	0.3038807175271683	0.3669567088962856	0.3553223745669896	0.2813029531496686	0.2851718602801347	0.29650327458788006	0.3245241341743417	0.2606461418961571	0.2845366642470892	0.23304339005163374	0.2884217818138523	0.34011114171849377
20	0.3388211061016661	0.2904773505716955	0.18234444029843055	0.29525542168935204	0.2786881999651054	0.28268623893649847	0.32557914056757353	0.3763791346674186	0.3181749723497748	0.2851098825173405	0.32287995418325066	0.21390173676437566	0.252781856991889	0.16247623161013885	0.23544531557825235	0.3256618242621867	0.27481991388691096	0.20379403312934855	0.24817348196386663	0.181522852063884	0.13265546391273922	0.3039531511186388	0.1449356783197857	0.17623636994687084	0.24352972957716948	0.43105180824787764	0.3364712210866057	0.34038717873544294	0.3905957412615091	0.3793626335520058	0.30812969549167857	0.30599738560424544	0.3199518360788801	0.3478017009819394	0.2895037875935969	0.3140587257223992	0.2579339128441907	0.3151349186591477	0.36786024740530976
21	0.3831136806458539	0.33734817201767325	0.2052505944719662	0.3369854836190833	0.3290765892813754	0.335159017372612	0.38343682779333577	0.4310832115515289	0.3651223012418219	0.3022504030967443	0.36064136569685873	0.25297204631918874	0.2973755693702475	0.20277948047307592	0.2791548916146541	0.37496298287749436	0.31324951926358763	0.227269648155424	0.28864629863759084	0.20523596681473066	0.14892585755476384	0.3432079085162676	0.1622001615064556	0.1984470595730009	0.26869465367711676	0.4862380880896893	0.3816568047337278	0.3970475850784777	0.43647182054690153	0.42206368440111264	0.35169953670735504	0.34785472241056253	0.35241087254027365	0.38828643294081533	0.33085831734975973	0.3595714135607807	0.29809923287878387	0.35626535626535627	0.4132711229348502
22	0.44319157684097105	0.40146583252385915	0.2351889379767773	0.3970056174402961	0.3980361640386923	0.40423104072773963	0.4593440390347732	0.5042120851396702	0.4326372841142739	0.33349209421466786	0.41292474332344276	0.3069927294281394	0.3574038013443065	0.2561662466907724	0.3339365314837543	0.44259340849602147	0.3683234055835152	0.26298528534434873	0.3425054153413501	0.2354054754186937	0.1752157585847431	0.3967985121716316	0.19030013527264839	0.2308161266250355	0.3070954936572573	0.5583842540070038	0.4432275416890802	0.47693068794928933	0.4993145199867954	0.4894498772436623	0.4101941148597837	0.4069088234872169	0.39896677043463763	0.440738857898937	0.3841687883034464	0.42159245223609315	0.3477041662743278	0.414605634869952	0.47902340297644286
23	0.5231688520539399	0.480124945571005	0.2741294000717879	0.470509888088544	0.4816733976064043	0.49074075552815744	0.5550144080522748	0.5991968334001918	0.5163410010874318	0.3775626698074855	0.4859322887263537	0.3748732882555142	0.4306862118559373	0.3186062053769346	0.3997516565659267	0.5260651950702395	0.4339113974736106	0.31324178855688734	0.4082260943832811	0.2812448800102509	0.21082169105768514	0.46710504466806146	0.22844418867432317	0.2775331843916244	0.3620134219416727	0.6537349073420106	0.5233674018289403	0.5763306249390099	0.5800584965445602	0.5793253446205818	0.48916297612006665	0.47932464162233934	0.4624879531549138	0.5063822887376161	0.4534315538373935	0.5042871704698432	0.4093199509985444	0.4892032601283703	0.5589003350972476
24	0.6110957519636079	0.5754357126441244	0.32846279777141446	0.5581567774642726	0.5817811854089354	0.5930312317338435	0.6574152991418303	0.702156768252024	0.6157822907191447	0.4346270558464077	0.578137636851526	0.455171451470208	0.5218818454819832	0.39772388905899136	0.4780791139468397	0.6268634701897448	0.5176334738836823	0.3759835815519507	0.4912009742176947	0.338985471427829	0.2590399422586944	0.554592452370673	0.27500064729598817	0.3353699349619929	0.42715025586888433	0.776688954458912	0.6236471221086606	0.7012468581135716	0.6875180846386402	0.6943594124021941	0.5957260701502782	0.5706156432232137	0.5427931448732957	0.5974844763326465	0.5412298921050824	0.605031646496788	0.4896623318803687	0.5796144562664386	0.6468876281505507
25	0.7201752360582824	0.678700316083834	0.39710108875241407	0.6635925062400988	0.6956166650432489	0.7082078325278923	0.7847653449138899	0.8109302185891022	0.7467385340305105	0.5061813664988466	0.6888420994699859	0.5599999530968673	0.6313005401622839	0.49458703306129637	0.5718637382579541	0.7522488576258953	0.6204177091730015	0.4583234253001258	0.5957688304824662	0.4105512748749682	0.3196594694042734	0.6637773571120189	0.33736578378750715	0.40731076040476827	0.5146157462074304	0.9235652592627227	0.7485637439483593	0.8508192876015754	0.8226149598856914	0.8297277026393837	0.7170367879415682	0.6877955576650919	0.6496072605874147	0.708748245094198	0.6454331506124025	0.7178602824022274	0.5850916570020211	0.688545173126671	0.7557284336749331
26	0.8635849465501668	0.8052582974542718	0.48534704770596016	0.796153758079057	0.8421390366317971	0.8589086141197589	0.9547645782882603	0.9606190437337341	0.9016461421384123	0.6023921098472939	0.8194215549403278	0.6948816370131381	0.7718407345775583	0.6256177074429272	0.6929748848042417	0.9089107782309744	0.750238215928467	0.5620132313705227	0.7288021940975385	0.5089046663363427	0.39312245737413126	0.8055970686238695	0.4208449826255986	0.5026818546844108	0.6247435715089125	1.097563026381954	0.9036040882194729	1.0269486279336442	0.9781314935130262	0.9901729625207056	0.8701334169937258	0.8353089139905803	0.78301560656918	0.8451014686101954	0.7716936302763733	0.8532922981777628	0.700609512547289	0.8228468757103119	0.8981301747467179
27	1.0621230257588095	1.0029544173483451	0.595456930818146	0.9931577833690863	1.0632137463165365	1.0739202405782566	1.169893258654978	1.199764258267633	1.1146739595586845	0.7226938254190268	0.9762716878200798	0.8994379245832804	0.9818190539546051	0.7964252822881659	0.8591329995339703	1.1194815609985693	0.9464282508765723	0.6816571121302825	0.9133851452654597	0.6243164255816804	0.4949254762708017	0.9718043240011955	0.524412340734654	0.6262180547367237	0.7487051534288738	1.3185439845519433	1.1009575040344273	1.2397755627787428	1.1810169612978023	1.1912540150089583	1.0695274301669315	1.0538503452058205	0.9392113904346504	1.011206584654694	0.9283793859702384	1.0167991001948644	0.8483911212217772	0.9866001363798721	1.0885390596054363
28	1.2448124901262623	1.1854327380716465	0.7196197395157959	1.1726284995487435	1.2511734099158356	1.2615126693262722	1.3537593968009163	1.3940111039985488	1.3072800869945418	0.8548348696383892	1.1562322775043459	1.0722994202186507	1.158105366243937	0.9556381538224624	1.0222305437733594	1.3077246563294171	1.11817085336071	0.8234685139445154	1.072159668737283	0.7580064242606487	0.6168981554760226	1.162952630821516	0.6454005101180912	0.7651066048536096	0.9036988406477757	1.533516180182486	1.3005379236148467	1.4650686365006635	1.38211100323612	1.3942778795985464	1.258696109331255	1.2404830584210838	1.1158593529903154	1.2066481284755504	1.1008076828900215	1.1946962892921988	1.0097098868678775	1.1586119559687842	1.2748272618170995
29	1.4048176751044086	1.3294404624912362	0.8648791162072723	1.3241677894438275	1.4087608898327308	1.4216859003638058	1.5162614824735852	1.5316589611523788	1.4673760516871779	1.0095943327666554	1.351026555742207	1.2151077335644094	1.3027078803148826	1.1279345427115184	1.1814187878906341	1.476166050465651	1.255257205428893	0.9842005607051374	1.2089376087426666	0.909706885669662	0.7552618241995523	1.3819423687910286	0.7950358015747123	0.9209401320043841	1.101014090828136	1.7439664231169605	1.5072834857450241	1.6868151255676793	1.5732872962853486	1.6045342295737797	1.4479120186757577	1.3961540946349003	1.3214581315751142	1.423982356596859	1.2921910592522314	1.3781119506222637	1.1856107418103723	1.3484072779226963	1.4456926778208545
30	1.6259134473218373	1.5419350466455979	1.050808369633861	1.5394029180969402	1.6281229829926476	1.6424269114185237	1.7349639911432193	1.7477340857543207	1.7065048854812932	1.2164821832240365	1.5714573174585633	1.4463636294347646	1.5263305445241135	1.3566404414829911	1.3872485831358965	1.7107019690380092	1.4662475841064335	1.1784758743089878	1.421694573290385	1.0921223267454976	0.9262868760834159	1.6299801844287247	0.9859221671762799	1.1210802544817025	1.3194484126702752	2.0056347016905747	1.7598278644432492	1.9504516639269123	1.8178428870203538	1.8701035829046901	1.6986216226140938	1.6438381340029258	1.560774214131965	1.6744729800767342	1.5180512632782153	1.6002745822345905	1.3978494118674725	1.582406996503913	1.669960235412456
31	1.890782789923319	1.8123654831096632	1.273879952052838	1.8115918170945635	1.9011916599856782	1.9141434749695763	1.9883450356480918	2.026129728414081	1.988520595188098	1.4502176257092259	1.8171375968650612	1.7386170494060011	1.8005944986781968	1.6377706408276724	1.6404400637421674	1.9991086695782783	1.7400050970820733	1.4048228490380137	1.693680870383058	1.3026543216978075	1.1342745640484198	1.9170845648876933	1.205064834631752	1.3518246411531651	1.5751852159268664	2.2925479860186555	2.0531038192576654	2.2616166840686462	2.103224813169213	2.1627825118176855	1.985332431394326	1.9374020902601332	1.8374224539330137	1.9561696227176124	1.785188719508762	1.8756687029319326	1.6568047754111692	1.849657426749938	1.9450098473596726
32	2.1833618912207786	2.101408978826157	1.4964017867716501	2.1261889160984966	2.2103992216157895	2.2152955004966794	2.2655365702973156	2.3292696062879426	2.2910376116044033	1.6698636780824105	2.065268659597805	2.069858698449793	2.11241769642836	1.9464063036687387	1.925433186460242	2.328959315247018	2.0532912508598424	1.6263111890153743	1.9909038185373797	1.506561322650299	1.3423325996079227	2.2155579909888967	1.4200843487738262	1.5755959043373544	1.8459236507325425	2.6009636168402848	2.3723292092522863	2.591863179135124	2.411376021453493	2.467861153259794	2.2997083182147557	2.2487816692619655	2.1301189361369524	2.234392518403069	2.095005463522898	2.1664180608653365	1.9497850139797854	2.1393455930900864	2.236232543222209
33	2.4906503299347422	2.3965395942109597	1.6885844202876144	2.4529433600405075	2.5126091391640077	2.523783933128699	2.5472602152865154	2.6343227930556825	2.627657125265638	1.8611542438338597	2.282324219715735	2.4163086882776756	2.452550901496437	2.2838858587930564	2.1995342789038737	2.6815438370949582	2.385517448469587	1.8186243616618212	2.300201343854472	1.6999556085731389	1.5249147563023657	2.4890128745862534	1.605548083832891	1.7842013413362598	2.085560463874361	2.9258879638539095	2.713136094674556	2.930381498890737	2.745347128350859	2.800033044131875	2.6447956296969677	2.580649214420115	2.401680789475424	2.506164169742741	2.431107614731221	2.4726873865492123	2.261937999586254	2.4600222970267023	2.5346842979482216
34	2.8284460863541905	2.733509012115938	1.882026892283123	2.810105908459812	2.833577559585675	2.858264208075278	2.851666959788231	2.977255816482034	2.9677134275597274	2.034467878723336	2.486265939228313	2.7915572015949413	2.820603947587814	2.663864287531799	2.4903656327253687	3.037009760334679	2.7370744580625788	1.9988026268395656	2.6275714953427673	1.8854554405680517	1.7085923255397244	2.7482315432898274	1.7773917342500674	1.9859053948014647	2.3128233640609572	3.2754523388236603	3.084690693921463	3.2870256270473166	3.112096135699729	3.1570288492903513	3.015812310097777	2.94831678465141	2.6414020768238426	2.7454372449147404	2.7890130751409377	2.8005246431554647	2.606284293446114	2.809057355312862	2.865803776665193
35	3.183812032389911	3.0978704685283063	2.1010097261821237	3.1891457809148163	3.173050266365389	3.1986036271995246	3.1591853024338112	3.360635086092921	3.309123214180269	2.2283619187346124	2.703654719886215	3.19222721284583	3.2189866853456865	3.0654681162201327	2.8157891488116245	3.4091548088114014	3.1221154136177085	2.2029470422827364	2.979090801156603	2.082370494260256	1.9256448035387654	3.027110801146868	1.986167895389152	2.2021296148697984	2.567600841481694	3.651235836341816	3.4763851533082297	3.642055740630407	3.5016923132643014	3.528775332882079	3.409830088246049	3.3502466104136817	2.8930769055235173	2.9560778742515144	3.167684117630564	3.13768094029119	2.967948285947022	3.1607983634415353	3.21753857810486
36	3.522354648454431	3.4299566637660415	2.336141398773467	3.51995922522823	3.482592323410504	3.529610337965817	3.433084856438077	3.689623031235044	3.6644791971449444	2.4535447715698724	2.8805303323133202	3.5774895449985724	3.5961512619641915	3.467252407216808	3.1468065647436685	3.754339079507765	3.487300462486319	2.427098287845144	3.333816540645975	2.2976034580088442	2.173469329303019	3.274473337539991	2.240943596337428	2.4341222767334276	2.8117979281620666	3.9742734729334983	3.8306831629908555	3.968277817780091	3.845178747302638	3.902146268608956	3.7637258283317556	3.7273189541254275	3.134056460382594	3.1595748179889314	3.531407473710729	3.469848256133358	3.306060208296105	3.4936193702713525	3.5538863217988754
37	3.7766413696443832	3.6620923540501464	2.5684098020931185	3.762408329737072	3.723469161663507	3.8187047039245683	3.6696790544349294	3.895809660351797	3.939581521223497	2.663236363537836	2.952495219897609	3.8941091424172583	3.8785628063881235	3.7886257013216453	3.4371492560498993	3.996668744575952	3.7579928877754165	2.609448923368585	3.611677562374945	2.5002905873116688	2.3926322351370355	3.3966546002014772	2.4808290469311576	2.6335019557028745	2.976774165383047	4.147071538317038	4.054222700376546	4.2069502228348865	4.031435109947464	4.182898943404088	4.000974830918906	4.014225493462275	3.284024886398704	3.3058184107434565	3.8098384921250865	3.7542437227966676	3.5761928254711766	3.759527649395491	3.8118696382743296
38	3.933722409232502	3.80831849541552	2.7753554519739265	3.9239133009314373	3.8794778232215816	4.012335943963025	3.86035463199715	4.009449170327633	4.12480983213477	2.827019633376634	2.928406599572532	4.10654515628417	4.059026193125661	4.004939854920335	3.679152936964593	4.127880401786672	3.9294790486602817	2.752042845683687	3.788008991916312	2.6652707896873835	2.5932434753359828	3.425237731504544	2.68128073739959	2.780726688424916	3.0787129628973084	4.167015297940287	4.13463152232383	4.284582200116358	4.059526744235406	4.311214335928866	4.089555033845738	4.1899813001597686	3.3503931659439448	3.3800942758766737	3.9801692555014445	3.9341647439281804	3.7734854410401044	3.9247421229800086	3.9691582386201576
39	4.012788262505722	3.9101627709326237	2.9184845563272637	4.000297201383127	3.9614693393474716	4.101710351061553	3.9854837182244953	4.016274531862527	4.235689391270425	2.911155439547151	2.8665350696344936	4.22537424302741	4.133915170732754	4.153009178914544	3.8395113992105276	4.11756066904871	4.004091342543821	2.863686330277844	3.8834396333364616	2.7791949005794687	2.7793329620990277	3.3731637386115816	2.8509553355997648	2.8657241854179363	3.1082157081680757	4.054468919727034	4.093501882732651	4.203679719620184	4.003239624885813	4.2923331410112615	4.05545484375607	4.229335073138288	3.337842480689326	3.3650913820492687	4.057777996608178	3.9856430296812615	3.932726082849279	4.000411304376062	4.027002619015378
40	4.004724710066554	3.9656231945772147	2.988187983477333	4.010459444443735	3.9778328550494892	4.10881718352237	4.043149749042845	3.945758060802565	4.262493688715855	2.875307601661841	2.7973971821151293	4.282525710245345	4.1414545606021775	4.246022460338896	3.9009542807350717	4.008905180442367	4.029185984758332	2.936612569194667	3.9081045077636616	2.8430646032124476	2.9114557942248447	3.2463551526020393	2.968260024416493	2.8769156181752886	3.0606387080188933	3.8803481062759375	3.9841850457235073	4.0457505173075985	3.877021990790773	4.140565230977502	3.9501669645907076	4.187862178717514	3.2345685752594324	3.2559049370484345	4.064810253803767	3.9592155485837943	4.048643126024239	4.0160841658639015	4.016605636498387
41	4.007383024057488	4.029078035386186	3.0409866688473324	4.0414375780288765	4.011817589213941	4.096799449979079	4.087625309468729	3.9130386389971537	4.2506838744948485	2.8128595607055393	2.7474248501689966	4.326837444881491	4.162626819824533	4.338193584324322	3.953331186647477	3.8919735962085324	4.060679455449927	3.0488166654909397	3.9210199329182682	2.9232686847641403	3.0616780574496643	3.1298196672312444	3.090235014853611	2.90262721753577	2.99660023265737	3.747540098748783	3.905250134480904	3.9009245648876867	3.773314011896885	3.9605040993335336	3.868529598150277	4.153196727513894	3.119959598949624	3.1121425921192105	4.075066088866093	3.9501083044299916	4.15422825407776	4.036876684453777	3.9993487892279163
42	4.0384599804753165	4.1032597337439745	3.1467329295894597	4.094204582857121	4.107857912770018	4.121633437566876	4.111582360395218	3.9125787089745874	4.18848994274894	2.799583020023073	2.7759098318117696	4.361979617071099	4.19847621701187	4.419010621409928	4.019995041361424	3.79467869899269	4.102088667980055	3.222232552011919	3.94768041991276	3.062651417808222	3.2602291180954217	3.063664441566205	3.2783660979092586	3.007023197974867	2.986951361206893	3.6607206577564715	3.8672404518558365	3.797383406294933	3.72458203633453	3.799520076432514	3.8373694867767894	4.130486496836274	3.0464469191320003	2.9882417704799598	4.093590621949607	3.9523909987011	4.273855394046327	4.047841193215643	3.9709922996827194
43	3.990103983116415	4.10990145764873	3.256029644228485	4.061978282087553	4.1064797916602	4.083683750746617	4.032980685543695	3.8347401519553603	4.089871359276443	2.8159342520259685	2.837082673520834	4.350898751966267	4.208127095063903	4.443794111755495	4.029703993967333	3.699757467240561	4.1034807795189625	3.3596524954929152	3.9610555086362376	3.187951079774846	3.4449820005629816	3.0135498654976587	3.4456566927718293	3.1277471918471274	2.978247912319287	3.5770901675316824	3.808940290478752	3.70678621984089	3.6616744301610686	3.6550581194689036	3.7952755886917253	4.081230988269162	2.9964041273733537	2.8845025300072304	4.033446607504445	3.8937234026405596	4.295270636298038	3.9899663379839594	3.881278130953627
44	3.84326378171242	4.015185875609845	3.295714556334136	3.9281492068880355	3.995788568926928	3.931316057608463	3.852868758201767	3.676248266178798	3.9389047790602705	2.8150860613168844	2.860171632225995	4.265253631621623	4.135521737828218	4.398227378899264	3.9641974978421692	3.5842856237999183	4.038075960199775	3.422055585584618	3.9234191525216415	3.242567609650593	3.540684878050938	2.936069874796586	3.518437188107145	3.1716950874058067	2.908286642666837	3.453244034508754	3.7005056481979564	3.5795339129415407	3.5734791605897738	3.4982454284325164	3.7017598319361267	3.973165171357692	2.917879704081073	2.778408989272354	3.8890921411158748	3.7618330929248365	4.190871330320954	3.8631979997618764	3.71838016203334
45	3.6515866843279983	3.8623044834071205	3.2590876158106528	3.7547915614856495	3.8434459771173026	3.738682968196525	3.6258686544818284	3.4858740312378957	3.7291943251852246	2.7691659587612034	2.8146816539949704	4.10407101603325	3.987430678064266	4.256790044736606	3.8464941293628563	3.426976339886554	3.917145428885753	3.404057614064626	3.801810110288986	3.2276117848725603	3.504194575818577	2.819434758061838	3.499951391735227	3.1236293185120503	2.8034420610990454	3.286280416027851	3.541742872512103	3.406282190697733	3.4329690637632067	3.3012214247441123	3.543715841510157	3.807404866684289	2.7835223258243196	2.636966322542598	3.706231374730108	3.5771819527366975	4.025889431131798	3.673911396378357	3.5270185181810834
46	3.4393899346611736	3.6566680540790535	3.1341001855627546	3.5571585385593734	3.6361792381639466	3.5293807633217176	3.386410884280116	3.28049687896086	3.526145137308995	2.6609863020734608	2.678824415133458	3.91673990395411	3.8079312315840075	4.089155598813039	3.695047328250557	3.252556355197331	3.7527419407426965	3.273902263890206	3.650984403166656	3.094685445681595	3.3616803990195963	2.6544894999612545	3.3845714924984502	3.0014418295869056	2.6437907774307057	3.0897344085942122	3.3426035502958578	3.188719397301474	3.241000908564456	3.082295887997372	3.349174729350404	3.6037254154954845	2.61563958270731	2.45672386423766	3.483981136328861	3.3519129742812135	3.806582791866622	3.4530625940317567	3.3236402015228186
47	3.2067241672641544	3.4150635109775793	2.9575280961160555	3.3127438164372607	3.4215134606306923	3.30421794499152	3.138790805903919	3.0565845467743773	3.3309381968536798	2.503446658287642	2.5123108865945163	3.7113276342118486	3.5999381701177837	3.9169043255010685	3.532837092262569	3.0839245600880716	3.575882717777838	3.093723998712462	3.5102264493332465	2.902441607818604	3.166737165006011	2.469208373462633	3.1940661766106797	2.837071247960971	2.4446263919435536	2.8882460401639634	3.132060247444863	2.973057318435837	3.025406702347196	2.8538440414932422	3.1424128080691816	3.3643865888867834	2.412002848376419	2.2605783384756712	3.21603778563163	3.0931919349352124	3.5281846425944	3.1891025987942285	3.099825204453148
48	2.9554881778447504	3.14486303236765	2.7967383468949216	3.045557414265411	3.1811049159586964	3.041404885029018	2.885195557178998	2.8225813498927765	3.1187994328635282	2.38004669054245	2.372347510756574	3.4757801016977172	3.3765909174106317	3.7061694649352708	3.3548996390069967	2.912576377763654	3.395592061984621	2.9433165507991284	3.3515864615401174	2.739811889841028	2.969512658999382	2.3339864722748054	3.0139664490612255	2.6936630807690007	2.287853085782777	2.6931048116857923	2.9303496503496502	2.7862669871051913	2.8095139251555263	2.63881229202523	2.9405392104365475	3.1125111898519964	2.2423180102653304	2.097739237010523	2.921047291874442	2.810902665563286	3.227478949309981	2.891902715691262	2.860944705798146
49	2.693226514681995	2.8760828816803263	2.665463177326389	2.786842824006756	2.90537365546223	2.759357462493492	2.634159485188342	2.575782899783364	2.8793919405316144	2.3070669482816895	2.2673615425660216	3.2160422784838327	3.1163844253418516	3.4419726455233017	3.1639354718576684	2.7559017637603733	3.2063259502168697	2.799881710930854	3.1765106983332263	2.5980092488089888	2.7879254182842845	2.263724220384577	2.8712975280132604	2.5881336090634535	2.1594980696000623	2.496128142090623	2.724862829478214	2.6120383613037457	2.6147937244535213	2.431396692517496	2.7367291754165497	2.864949046850118	2.1210018283266727	1.9840057611112298	2.635308025008782	2.5267660611369065	2.9224996002253296	2.5892584615051577	2.608642214821667
50	2.4079134716264226	2.5918414470354985	2.5380133355048367	2.505199304289302	2.6044214406744284	2.4514080311997932	2.3521539925411834	2.283957300464649	2.566524749854202	2.2312245623777707	2.1488962660811155	2.874693004339126	2.791777543703502	3.0806119115951245	2.9162993124775602	2.540431329286932	2.941812546319764	2.6373276761383573	2.9290211060693867	2.4541040647710193	2.6015645907995997	2.1639378743094992	2.7215059084689277	2.4740957788641755	2.021966893248307	2.2632834667565724	2.4836578805809575	2.4054551144139893	2.3797145168193468	2.202789747568301	2.4915573101042714	2.570419296307281	1.9953136999526764	1.8570235758935811	2.3499551459011214	2.24522984554514	2.5927001732239496	2.2804229940793816	2.332211102333819
51	2.089017061818712	2.24457803342478	2.3816101148079354	2.1817962383779173	2.266674730236138	2.1153906042883746	2.049765277270452	1.964140359972511	2.209072193128944	2.12449389815138	2.0061703844763086	2.4601748431529926	2.414326080103665	2.673894984170448	2.572370918510639	2.248508557444799	2.5774212452584253	2.454147802472204	2.59518203069723	2.296324080425047	2.4000488815285204	2.0200591146092792	2.5555636433628712	2.335436796598723	1.9127566839637284	1.9747808339752249	2.1883378160301237	2.1321451071307482	2.077093362235004	1.9286083489982762	2.204976384319533	2.220370439306065	1.8647631140798642	1.7262445044688428	2.0496876993346844	1.9499621649307797	2.2375758133624064	1.9760794033921787	2.024219848185
52	1.7741081229974036	1.9193635199459356	2.214486813957819	1.8764965106847533	1.9442345299884507	1.8110444967564099	1.772111512462176	1.6649190858909197	1.8704888002489348	2.0079501386379492	1.891821994017509	2.068897184229056	2.032663115617863	2.276516981202444	2.212355240159623	1.950619888447878	2.2050680431149154	2.279680769009759	2.2481808814261948	2.1835801705598756	2.239857359197531	1.9148483942745174	2.3893771156197654	2.2142536670235966	1.8561981694672725	1.6803002002373972	1.8806132329209253	1.8495651345668722	1.7696820907133912	1.6433986346765512	1.9178050812825496	1.866777211043023	1.7607427787707666	1.6445018144846015	1.7698104867403868	1.684993132502519	1.9235912609844106	1.6996503912803471	1.7308058066373242
53	1.5589239347502906	1.6973595021764158	2.170884949488494	1.6713056880354527	1.7058195779898806	1.5927489547366638	1.5968022692118637	1.466836423771796	1.6011586887390767	2.0094933745114214	1.92213431410529	1.7740171888255631	1.7391777337144876	1.933533325673711	1.948618936855544	1.7242458249191972	1.9168276855327495	2.240975202742886	1.9842555137485933	2.2216838037145195	2.2262903231155464	1.9372322407093752	2.339381439068441	2.2275542544159888	1.9263401816685066	1.4316748328415583	1.639160839160839	1.6240384534724726	1.5103537274184606	1.4296974666056723	1.6841101497539133	1.5747228943973335	1.771747287847034	1.6869830853912784	1.5749606602064106	1.52420438397318	1.705634815172605	1.5251058026388422	1.531714905449984
54	1.4650474749561504	1.5739262422357099	2.3122960922788165	1.5569657114715114	1.5729044798837133	1.4816947160301395	1.5432624881060288	1.3835982882876336	1.4472728286031047	2.2145552588589688	2.1279571173112584	1.59260759725218	1.5583356561615922	1.722873657736389	1.8263118531008464	1.6003836452672473	1.723336393129368	2.382611413400208	1.8459416247447888	2.4353696131757245	2.400631761597228	2.101900745021199	2.4603500674409142	2.416244680303093	2.1609579132633194	1.2676438186034569	1.4820871436256051	1.472501598352261	1.3418558470776587	1.3019045109484808	1.5419827300484663	1.3762381037351203	1.9351941048247734	1.890156889877028	1.4898118379935745	1.4690196616458766	1.5962808862622864	1.4690276981025878	1.4341047465619394
55	1.3430814973244702	1.4365602417208747	2.397117581183419	1.4301735473275021	1.4401365597601479	1.364821259171008	1.4431952956243714	1.2763426070250263	1.3020917304098072	2.337943446177646	2.2076075754142575	1.4207076158375462	1.3946379446131405	1.5538255903974802	1.701741490328083	1.4723199508105431	1.5527538835943198	2.450597261692141	1.709656982227949	2.587050239273361	2.539909949049247	2.178694386326149	2.5685486451484314	2.5338264642088655	2.3257812144814825	1.1299857348285924	1.3340828402366864	1.331434600925871	1.1966465027408166	1.1768543488461165	1.4028071966042446	1.2038766420026559	2.061692642781906	2.0248020916342133	1.4014173586135434	1.3885958712179198	1.4914471702175973	1.384818539003561	1.326240519005934
56	1.13244176013805	1.2298551847177044	2.2668159231672615	1.2217492837043715	1.2283875822457326	1.1576650781432163	1.22904744510735	1.062815494748105	1.0988169618125012	2.194234023120501	2.0181233277165966	1.196346480476864	1.184453066609534	1.3173748508930176	1.4575774067143257	1.2842291762581157	1.3389670703342376	2.265572041173192	1.4925724533489126	2.5349825469095197	2.5084444749954	2.0266015741755505	2.5563745953178763	2.4533342363002157	2.302006617679875	0.9604073817955413	1.1473803119956965	1.1599349339756544	1.0214113034557253	0.9991605092583976	1.2130363326426312	1.0033758729772353	2.012183015222691	1.9428747506490194	1.230413176573244	1.2161583220267407	1.2980759860697606	1.1993419129983007	1.126542233960213
57	0.9643856813587883	1.0709678344422486	2.1634060901508345	1.0520771713268675	1.05594850590264	0.9981306635066548	1.0517765421576453	0.8849053634187665	0.9238592084372497	2.0654386200314137	1.857468031251357	1.0123689423871232	1.0085110186978017	1.1088205765530135	1.2480183449052047	1.1164097586337638	1.1454635664261283	2.0965592923959093	1.2996146561823012	2.438602768930127	2.4397048255133438	1.8436673198056082	2.4744293658404564	2.3539887485926414	2.240067536538844	0.8163303810416774	0.9956750941366326	1.0153850629959444	0.8794083517571096	0.8625840837649152	1.073305844581299	0.8527682242803122	1.9036627740703909	1.8263830504229952	1.0873724285618713	1.0877038201829943	1.13892927076169	1.0466613990843066	0.9633941658041221
58	0.8970417269217839	1.0099884222983908	2.202701597635535	0.9804107531470275	0.9793089164168208	0.953603164057634	0.9776055124892334	0.8193009449998201	0.8235686737379588	2.0938647892122395	1.8634122557224717	0.9123362860809676	0.9227088603208108	1.0111603906888667	1.1616793941819326	1.024598409441045	1.0266578369346486	2.0894815696567046	1.1946656154945638	2.393308835401429	2.4060284270609507	1.7485304373816877	2.3852441918008846	2.3257232068849696	2.2019030521994214	0.7224972991330155	0.9128886498117267	0.9196272773135067	0.8021563574652675	0.8062180435980096	1.0121427612487235	0.7837655043973176	1.819977321327613	1.7596201728910403	1.032715120280301	1.0512160112412103	1.0665471608484287	0.9953565900702465	0.9023699522679655
59	0.8032665362320602	0.9084552662310003	2.069857356506115	0.867181350534584	0.8596532165614299	0.8566328306912951	0.8775270461012576	0.7283267865360821	0.7194299973262049	1.9504498768179703	1.7420232377255527	0.7986430923704433	0.804144208675623	0.88958894896947	1.0333540457655592	0.9035033905970608	0.8818049678599301	1.9282473082462712	1.04370537269354	2.1903142587722657	2.205668428270929	1.5577031649563282	2.1569758722252375	2.132283596071348	2.0093705279253493	0.6219889537206339	0.7886820871436255	0.7954543403241048	0.7055102311835055	0.70835908783829	0.8904660095610415	0.681963285377115	1.6340416384178502	1.5810049515319973	0.9317023206890331	0.9445059372995656	0.9473544309474672	0.8984619381095151	0.8004247399593196
60	0.6640341762973585	0.7566289747707827	1.7389550533152192	0.7125756971627981	0.6927667641074111	0.6869971317143596	0.7255660628362443	0.5953334212106296	0.5792116749965665	1.6167103936464862	1.4659231477345087	0.6428777886110986	0.6317595593324163	0.7127659638461812	0.8496812377255691	0.7277886792912667	0.7023202713787119	1.6053583266488176	0.8380900104231518	1.8291330739139078	1.846152021754692	1.3003221414101158	1.7885594220159777	1.7820204467476477	1.6695467296651771	0.5047052917305482	0.6291447014523938	0.6360597826750614	0.5720360242756376	0.5701582102096572	0.7097633401939106	0.5382380930457467	1.3653695350402977	1.312326204458283	0.7731067055056281	0.7723037174146864	0.7745061872908521	0.7397417441470304	0.6514251428572789
61	0.5565876565114009	0.6297869278158238	1.4760038564801168	0.5925059452561735	0.5702745431327824	0.5612800603042682	0.5998169117613901	0.5013789162006579	0.4691813609284902	1.3668004255561275	1.2538873938155126	0.5194639206445898	0.5114276838822189	0.5817503279902454	0.7170608029908204	0.5879455113034077	0.5622176776428963	1.3756710405280215	0.6848762950040064	1.5539082109064857	1.5768011320736894	1.1336056590614727	1.5144674317298144	1.5204422280306078	1.405259413523797	0.4127794279658062	0.512522861753631	0.5138937453855907	0.4714954939798356	0.4712951960950456	0.5751337115919747	0.434682441681731	1.1756377230305821	1.130987380835188	0.6484028165238835	0.6461554427726781	0.6420345982963142	0.6217839786121724	0.5395355085535726
62	0.465356852070143	0.5210303897420401	1.2542379248490312	0.49321277152181753	0.4728159590170865	0.4690209978951	0.49959188459127574	0.4291147110549424	0.3962259018418666	1.1590408235366325	1.069702427608375	0.43303317282690457	0.4274845531442641	0.4928576026063569	0.5998460970267715	0.4851543726662394	0.4610331494728477	1.1866047439896585	0.5700164593191576	1.3269624957899553	1.348332244453067	0.9890848305713306	1.300415197630457	1.2975318442892916	1.2190111686382203	0.34302241165888603	0.41959117805271656	0.4216400702903347	0.39404877948729133	0.3937622997148474	0.47007017578246535	0.3604663079850465	1.032653748027026	1.0046976368711118	0.5411857335041683	0.5438342603935247	0.5386567430187367	0.523276580545303	0.44749898977772967
63	0.389797441537346	0.43606772610504557	1.0318077147469134	0.41253399658513257	0.38776046488975563	0.39062624768828313	0.4236057560056099	0.3687350976923563	0.33112595963033953	0.9342702856293994	0.9031566519204037	0.35925454506013277	0.35219393376330427	0.40877720544490875	0.4919416979324946	0.40212685502907997	0.38164615724095213	0.9649996099076905	0.4725117261858115	1.1136634749005954	1.113723016798302	0.8699478595861978	1.0693525134869615	1.0784667220594761	1.0838713552396084	0.27467017430743373	0.33410435718128023	0.33686183111439955	0.31126673149551215	0.31804160621908845	0.38020295044574076	0.28938197323399595	0.9096207773661987	0.904928392918865	0.45017485701997006	0.4634222364308828	0.4509176501749733	0.4480187035253115	0.37196902056494563
64	0.36887271283727674	0.40613262426956254	0.9525066089981329	0.38339371546839834	0.3525046481482869	0.3713020515588717	0.4055449580836163	0.34813943128180935	0.29080008837456484	0.8399208496703306	0.8755208452020756	0.3166195974186861	0.31764126573159107	0.35065330363324765	0.45844259655714115	0.3594008766822402	0.33260475425628944	0.8551664339349476	0.42460581326425373	1.0329932635315502	1.0156886190355163	0.8481618013350604	0.9348321940109733	0.9933974851128836	1.0691338858772084	0.2310194880780409	0.2809897794513179	0.28148626531999804	0.25500557483934605	0.2775854012853906	0.3343660605814437	0.24581808730161483	0.8812137888204851	0.8986156368237951	0.4290560061327465	0.45649178836035365	0.4224461795278268	0.44575652945697	0.35228263786095126
65	0.38526564911470546	0.4290201942224036	1.0393438394700065	0.3996100607778794	0.3706209198249278	0.40193529428674557	0.42444002507316764	0.35603183046905784	0.2808081893763423	0.9330333408453186	0.9503987252487007	0.3082591140115487	0.3215544041569694	0.3278248216280467	0.47342396051195373	0.3414777984214744	0.31172308117268055	0.9004825465225957	0.40896604061609715	1.1009093696853762	1.0864281501326203	0.8634164701714766	0.9596785894516646	1.0566864721547826	1.145435048010087	0.21208060683169638	0.26396987627756857	0.25367636947809247	0.23559846150271294	0.2748589338826757	0.3214249912122346	0.23730409495839444	0.9234403934154648	0.946924954948041	0.46820260584319856	0.5109352233728126	0.46137871423543003	0.4889867841409692	0.3782095919726244
66	0.45005255866519217	0.5180003568404818	1.3249721289369094	0.47609224211023204	0.45629188551586686	0.4971788270692062	0.49945659771545564	0.4137898427030124	0.30566187705718006	1.2388178718965792	1.140097953939892	0.3538020558815649	0.37314815887984637	0.34363031213362394	0.5322306363620464	0.3693778876687571	0.3279399594504774	1.1097425437475679	0.44390047185025905	1.3804583305729192	1.3676677832839845	0.9092358274384778	1.1941804915248193	1.3308478787284868	1.3633132389328906	0.21881739350134902	0.27629908552985477	0.25242338448025176	0.2559142691092888	0.3019929986929282	0.348440654274963	0.2671687046645145	1.0600797144457854	1.0652977872462708	0.590731683729918	0.6505678672657994	0.5791155833692798	0.5861520310859518	0.4553711609618436
67	0.6408308927479168	0.7333626507052469	1.9325464153128555	0.6766343791041481	0.6625952776740098	0.7266436745997017	0.7011242339380657	0.5841663202627047	0.42328231891673485	1.842776778470375	1.5843346789710322	0.5033057914229414	0.5267703996438929	0.4688410770712411	0.7333666995527967	0.5075709138903983	0.42952746727652547	1.5738823154571393	0.6091214965928279	1.9854749981850688	1.9960325966633732	1.1306499285975224	1.7384855814207976	1.9412544476977716	1.8909007388338297	0.27757201696726885	0.35190962883270577	0.30992265366082394	0.3448105314031109	0.3956316441316789	0.4666341801743998	0.36902718354601594	1.411019053795628	1.4064751335690326	0.864371493945083	0.9576255461257794	0.8323531711582711	0.828605136975181	0.6488646030621436
68	0.8223431037765275	0.9195338240273222	2.4302284270412646	0.850797927727975	0.8313415246354535	0.9232394219989204	0.8788235453278677	0.7529238441429613	0.5573303450522518	2.2909984465151556	1.9520811665040696	0.6603023024161563	0.6776040989493854	0.6181134831210595	0.9475037575575517	0.6516663702758186	0.5437905170094659	1.9493052853069748	0.7893993060425467	2.4657870631718963	2.535076064341518	1.3450012730674281	2.2154816590513717	2.4582699451060224	2.340532587116866	0.3386542668776501	0.4377084454007531	0.3730072627470252	0.4234515297932941	0.4816051611538149	0.5845561325378039	0.46673180933495495	1.725010114124863	1.7125110862729869	1.1005648105849932	1.2190764054248582	1.0339429241527067	1.0435224972669905	0.8204922262607294
69	0.7745567451299687	0.8388050902929514	2.2115204669923463	0.7748562912392718	0.7542737810184288	0.8446450416667998	0.8109320814787758	0.7230559884774651	0.5413539222184404	2.0325241083483525	1.77453911299702	0.6304836357901389	0.6364989322640329	0.6010297179313967	0.8946381891298825	0.6179653980503702	0.5204909659898603	1.7683912172702039	0.7629854677923267	2.2044766710952306	2.336806394073758	1.2360931221148417	2.0503894279222483	2.2524480183057407	2.1048443035023316	0.32165336535819194	0.4141151156535772	0.34737416287594464	0.38990772988569533	0.43718170125688516	0.5459926904211645	0.4315787726667465	1.5728983680270388	1.5557539271517178	1.0150847988653007	1.117825971389369	0.9277120514040955	0.9538906146835662	0.7615879014851964
70	0.5441695325823216	0.5797643310749218	1.4787182357496806	0.5293113389895291	0.5149222418578464	0.573128108241051	0.574033488011328	0.5264451024305554	0.394328369893997	1.3287025262064422	1.2404618307695416	0.43590598970593497	0.4467289318520632	0.42053733253849707	0.6198169624532298	0.4344823270451508	0.3800708731311361	1.214740443789567	0.542033038150843	1.4497331555560493	1.5897651887742523	0.914239535939247	1.3829271164258317	1.5120056094904497	1.3687494186693985	0.2467078953909305	0.2992684238838085	0.258274187309152	0.2822534215909134	0.3097724101743274	0.3831902593421001	0.29969628113877833	1.0777381127309587	1.059839042030607	0.6774481362752087	0.7519947982810136	0.6190226055258369	0.6478152160971544	0.5295315391214157
71	0.3156811157424848	0.34363819567492565	0.8192500570935892	0.30943735276909823	0.29703192852394933	0.32731355344817126	0.351700781507186	0.32197861159820257	0.23529396153583315	0.735558051173466	0.7511865875937909	0.24965364967932915	0.2630179844858406	0.2342851918043644	0.3648637248840326	0.2549088226860475	0.23284897213932984	0.7181435904096156	0.31593461879932067	0.8048772650437944	0.8930828114798028	0.5931387200690778	0.7545272858463968	0.8524284763423873	0.7281144061404639	0.1629748665562531	0.18586336740182896	0.17035286712168426	0.17327501593135775	0.19551383461803826	0.22551230281252183	0.17570892347974368	0.6294003374289586	0.6044435109310508	0.36985036195701204	0.41941565615282	0.3484203558452457	0.373962268235396	0.3071218615672147
72	0.16260020577882017	0.17626945866162635	0.4115205128046547	0.16031577253833668	0.15091095143340652	0.1667510436662951	0.1865042322244319	0.16740532961390991	0.116452729891635	0.3946325078277989	0.3997571574697081	0.12500857447895017	0.13043029719310925	0.1167440749712614	0.19312456984839116	0.12971383622292196	0.1169373692682097	0.3761704521193225	0.16019835940466617	0.41058102784203315	0.4443254565131773	0.3237908626969103	0.36758595724329096	0.4390485158653624	0.35832905460107267	0.08574278558848548	0.09826788596019366	0.09368717488092129	0.09062278140671325	0.10826687773116117	0.1171426543904408	0.0902220642361969	0.3207729089460048	0.307455457273778	0.18394265210816474	0.20674856204969003	0.17545470406225072	0.19332388054855015	0.15584755236810036
73	0.08131909084648818	0.08523320228891931	0.2097402006899792	0.07988269980331048	0.07170243716035335	0.07981212409647405	0.09307737056428156	0.078473260450369	0.0528787749109122	0.23586769968441415	0.20234011111077668	0.05786673999189748	0.058938061444994645	0.055236504878196965	0.09536634771578566	0.06001438669752178	0.05112957029302361	0.18908965535928438	0.07514938785705629	0.21094853649122072	0.21721327250075348	0.15721829231842183	0.18061756433999993	0.2240008310356222	0.18117355024663712	0.040379704573960284	0.04949973103819257	0.045510963565638524	0.04478564616146121	0.05686398780632351	0.058411925337114264	0.04613308626502689	0.15146128577451803	0.14935957839560207	0.08967507880654316	0.09857944640898657	0.08389984711113783	0.09465412549112989	0.07351726583893346
74	0.0545713886424674	0.05451353836285429	0.14754999210882988	0.05397585966040614	0.047739185629434744	0.05159440588477669	0.06162317193609048	0.04970003823858207	0.03365133580277876	0.17134630366146258	0.13298724259788192	0.03848402039582727	0.03836252714381174	0.038859550396205	0.06572510830304483	0.04006036472448789	0.029930398086506056	0.12421053024990669	0.04829830865108138	0.14646393920556403	0.1464335427782215	0.0984579278890328	0.12087092331765331	0.1555752633179126	0.1253241026723342	0.02473231270502595	0.032071005917159764	0.028372677239240817	0.02744256695226928	0.037427703716909747	0.037512570607643424	0.03193684793062634	0.09760103834794168	0.10107334164647526	0.061325257019616795	0.06863379218233691	0.05556926621564726	0.06295121713623916	0.047566492752421884
75	0.04862182875799519	0.048642849616085365	0.1326266326647714	0.047921757411533206	0.04150419109375184	0.04818073074208107	0.055535262524182526	0.04399690595875219	0.03041358898263758	0.1328596502367807	0.11148914324484573	0.0380618922013575	0.03610185773090988	0.04108525219908361	0.06440057569588115	0.03700125575788409	0.02773232723559986	0.10002247118572646	0.044609788793559146	0.13289658622390021	0.1320122859058896	0.08425492344990203	0.10669391986329109	0.13987856147619016	0.1170794617931802	0.01990274417929327	0.025067240451855835	0.022713007715095847	0.022730338095280748	0.03039929523266563	0.03238809605815736	0.026967226849231165	0.08732163258290117	0.0951414282408703	0.057947124049679305	0.06512738551846989	0.05171827967038373	0.057809912435463094	0.041647477505062425
76	0.040684862699348234	0.04056727085612903	0.10665105383198198	0.03973496005226184	0.033636858932847236	0.04075449008077833	0.046279385436818775	0.03698757241483223	0.0257162022025967	0.09599869567117626	0.08432629471228449	0.03414548061933242	0.031924783282705434	0.036197731348167735	0.05473020170959867	0.03175888230059211	0.024288682902513483	0.07529715924035245	0.0409100576294791	0.10915371850598848	0.11447563556287975	0.0683249753689128	0.0922140307389873	0.11511392950286937	0.0986993349091303	0.015852469088710665	0.02111888111888112	0.01779663437611063	0.017914258464584484	0.024497391244154013	0.02748796486452436	0.02105056476930597	0.0732674242858852	0.07846513471733105	0.04972258462940667	0.05530238698045319	0.04246651931164085	0.04894522075138816	0.03441841864158719
77	0.02374760498568055	0.023455701121883207	0.0580212885215658	0.022250791382221323	0.02055139829787325	0.02321698357283625	0.02506189374568773	0.02047608460467957	0.015458914120756014	0.05133909875260598	0.043297172097014905	0.02008626658685317	0.01911814843601267	0.02115920565304196	0.03059284536351862	0.018925856718698175	0.014177556988344974	0.04184732768081012	0.025001213623934884	0.06194567742943886	0.07025714759196666	0.03829165421274617	0.055926373378889935	0.06518292181622032	0.05452863664088027	0.009413044387733757	0.01349112426035503	0.01068222803243872	0.010592778918189086	0.014391503086785579	0.016518755517813396	0.012639715505133386	0.04154415441970728	0.043612258287511994	0.02891284394858261	0.03211068384460782	0.02233102563747329	0.027535745597419607	0.01895990397142104
78	0.007797721040074211	0.008508440603036066	0.018909030270253677	0.007891954717280797	0.007800433077903715	0.007955260493357905	0.007722625828068419	0.006291842708715554	0.005586440210161615	0.01706983802031346	0.01158747555128651	0.006742325328336586	0.006506596736626161	0.007804994835770277	0.009387464109024208	0.00643555288824948	0.004970082423993457	0.01416712488887041	0.00780306936424156	0.02173950126886487	0.02563667336677256	0.012509271251923438	0.020762324149221023	0.022956785143286928	0.017240058499411404	0.0036196129290523055	0.005121032813340505	0.004502251178681926	0.004686266163561594	0.005681500934998731	0.005821119707135098	0.004969621081395173	0.01384094261724334	0.014818242826452872	0.009251226891528151	0.01100164506951569	0.0068683753932291675	0.009275996060137029	0.0056093685744593655
79	0.0017595506892375246	0.002624224923670901	0.005130978534871986	0.002535646721118861	0.0025287853374336227	0.0026251361477454575	0.0022773290763063074	0.001646549480789597	0.0017117595893369319	0.004323416531024873	0.001408125507623871	0.0021575441050677075	0.0018016502427695015	0.0024212026369152496	0.002443312576321369	0.001992863517663054	0.0011845159585438954	0.0035505407800631526	0.0017265412099040235	0.006347299640544486	0.007497043642341172	0.0030332215248026744	0.006692796255160659	0.006241375960831134	0.0037538837055169994	0.0016611254801883102	0.0018396987627756858	0.0019644256322079155	0.0019472020070200526	0.0022938243717451775	0.0019718600224980965	0.001884705353510245	0.0031350054926575824	0.0032775552669101365	0.0018767405388541594	0.002647454695872759	0.001960715710545762	0.002294645466451634	0.0013457720783734786
80	0.0007342010070199743	0.0012715316640467254	0.001889757719316691	0.0011990267440949653	0.0014450201928192128	0.001696856065082615	0.0012175818823815902	0.0009382572460365301	0.001035017426110703	0.0014018707552914437	0.0005159543844728688	0.0014422713311050437	0.0009754157365312587	0.0014436984667320742	0.001273094447662187	0.0010789388471424176	0.0007571132930899125	0.0012029792774556078	0.0007511575393738284	0.002241390185567272	0.00280385412361017	0.0009298927302314768	0.0024817083924245364	0.0019800227186084975	0.0013486174793894406	0.0013022403455797246	0.001441635287789134	0.0011043257608087742	0.001557761605616042	0.001510169070366042	0.0010862941441306877	0.0012095870179244855	0.0010876549668403857	0.0012348535688710728	0.0008942116685128641	0.001164880066184014	0.0008218568846599004	0.000952494344564829	0.0007622071948309966
81	0.0005190041601348094	0.0008657236861594725	0.0007559030877266764	0.0007469346930427653	0.0009499669786126308	0.001417373889657243	0.0008117212549210601	0.0007634838374610979	0.0007430894341307612	0.0005418996196924908	0.00033322053997206105	0.0012663845834093065	0.0006770532759452266	0.0010376582729636782	0.0008230105520240401	0.0006981369010921526	0.0006838442647263725	0.0005606117021152347	0.0006166218606800083	0.000991765568835076	0.001105462199272827	0.0005202971228676121	0.0010649850975365137	0.0008608794428732597	0.0008202931060203814	0.0009638629329487726	0.0011511565357719205	0.0008600998713991414	0.0014019854450544379	0.0013060921689652257	0.0009446036035919024	0.000965794285629628	0.0007890830151587113	0.0005770343779771367	0.00054094286119914	0.0007883531761043328	0.0005870406318999288	0.0006927231596835121	0.0005597459087040131
82	0.0004177350557182613	0.0007169274276008132	0.00043521692929717734	0.0007371066049764131	0.000789409179410496	0.0013075773207401327	0.0007328039106926237	0.0006806964333990512	0.000650203254864416	0.00030629108939140784	0.0003117224406190249	0.0010201431366352748	0.0005737739626654464	0.0007970418618416659	0.0006429769937687814	0.0006346699100837752	0.0005739407221810627	0.0004554970079686281	0.000571776634448735	0.0005851416856126948	0.0005828800687074906	0.0004206657589142396	0.0006350828563291136	0.0006887035542986078	0.0005422276463524554	0.0008920859060270554	0.000774610005379236	0.0007432961851597518	0.0011553398574985646	0.0011101783436204419	0.0008501432432327121	0.0008907811372312103	0.0006504603233065052	0.00045008681482216665	0.0003974274082279396	0.0005530238698045319	0.0004813733181579416	0.00043295197480219507	0.0004882889841886072
83	0.0004177350557182613	0.0005140234386571868	0.00034359231260303475	0.0005307167555830175	0.0006288513802083613	0.0010979656891711037	0.0006989821917375796	0.0005335188261776347	0.0005705865297789773	0.0002709498098462454	0.00029022434126598867	0.0008208048225801062	0.0005967249211720642	0.0008120803875367917	0.0005272411348904007	0.0005585095208737222	0.000488460189090266	0.0005372528811937666	0.0005045087951018251	0.0005851416856126948	0.0004823835051372336	0.00039852545581349003	0.0004494432521713727	0.0005021796750094015	0.0004310014624852851	0.0009125936280046889	0.0006777837547068316	0.000658348049712923	0.0009346569633696252	0.0009632429746118539	0.0006139923423347366	0.000834521275932397	0.000501174347465668	0.000565493690417594	0.00022079300457107756	0.00042359275133964147	0.0004578916928819445	0.00043295197480219507	0.00047637949676937284
84	0.0003924177796141242	0.0005410773038496703	0.0003550453896898026	0.00044226396298584783	0.0004816733976064043	0.0009282800826628424	0.0004847779716889664	0.0003863412189562183	0.0006103948923216967	0.00022382810378602882	0.00023647909288339818	0.0007739016898612429	0.0005049210871455927	0.000661695130585534	0.0003214884968843907	0.0005204293262686956	0.0004396141701812395	0.00040877936612569195	0.00042602964919709666	0.00047604747304083654	0.00039193659792400226	0.0004649463651157384	0.0003908202192794545	0.0003156557957201952	0.00037538837055169994	0.0007485318521836212	0.0004948897256589564	0.0005096888126809727	0.0007658994560945541	0.000914264518275658	0.0004723018017959512	0.0007876380581833861	0.0004371946435338806	0.0004847088775007949	0.00017663440365686206	0.0003647604247646913	0.00037570600441595443	0.0005195423697626341	0.0004406510345116699
85	0.00034178322740585014	0.0005681311690421539	0.00041231077512364175	0.0004127796987867913	0.00041477431460551484	0.0007885389949501563	0.0005524214095990547	0.00045073142211558793	0.000530778167236258	0.00022382810378602882	0.00023647909288339818	0.0005628375926263585	0.0004131172531191213	0.00048123282224402477	0.00027005033738288815	0.0005712029190753976	0.0004029796559994695	0.0002919852615183514	0.00034755050329236836	0.0003074473263388736	0.0003718372852099509	0.0004649463651157384	0.00035173819735150904	0.00035869976786385825	0.00036148509756830363	0.0006870086862507208	0.00048413125336202255	0.0004459777110958511	0.0005322352152521477	0.0007591660732110374	0.00043687916666125483	0.0007220015533347705	0.0004158680755566181	0.0004039240645839957	0.00017663440365686206	0.0003765268900796813	0.00019959381484597582	0.0004221281754321402	0.00039301308483473266
86	0.00029114867519757604	0.0005140234386571868	0.00040085769803687387	0.00032432690618962177	0.00034787523160462533	0.0007386314636241971	0.0005524214095990547	0.0003863412189562183	0.0005042392588744451	0.00030629108939140784	0.00020423194385384388	0.00044557976082920046	0.00033278889834595886	0.0004361172451586475	0.0002957694171336394	0.0004823491316636691	0.000244230094545133	0.0002569470301361492	0.000302705277061095	0.00029752967065052284	0.0003517379724958995	0.0002878239403097428	0.0002735741534956182	0.0004017437400075212	0.0002780654596679259	0.0006562471032842707	0.0005164066702528241	0.00035041105871816874	0.00048030982839827966	0.0005469260957541883	0.00041326407657145734	0.0006376117613865505	0.0003625516556134619	0.00033467993922673935	0.0001545551031997543	0.00027062870224477093	0.00016437137693198008	0.0002814187836214268	0.00028582769806162375
87	0.00022785548493723341	0.00044638877567597797	0.0002519676959088921	0.0003046707300569174	0.00030773578180409163	0.0006188533884418948	0.00032694328323209365	0.00023916361173480176	0.0005440476214171644	0.0002591693833311913	0.0002579771922364344	0.00042212819446976887	0.000309837939839341	0.00042107871946352166	0.0002829098772582638	0.0003173349550418876	0.00021980708509061975	0.00022190879875394703	0.0003139165836189133	0.00031736498202722434	0.0002311420962115911	0.0001771224248059956	0.00023449213156767274	0.00033000378643474956	0.00016683927580075553	0.000379392856586219	0.0004195804195804196	0.00028669995713304715	0.00045434713497134564	0.00044080610702576365	0.0003188037162122671	0.0005344686823387262	0.00026658209971578084	0.00021927306363131197	0.00011039650228553878	0.00017649697972485062	0.00017611218956997866	0.00023812358614120726	0.00028582769806162375
88	0.00016456229467689079	0.00024348478673235166	0.0001832492333882852	0.00025553028972515653	0.00029435596520391375	0.0003992602506076741	0.00041713453377887813	0.0002483622121861403	0.00035827526288447414	0.00014136511818064977	0.0002579771922364344	0.00034004771221175827	0.0002868869813327232	0.0003458860909878928	0.00027005033738288815	0.00022848116763015904	0.0001831725709088498	0.0002569470301361492	0.00021301482459854833	0.0002281060808320675	0.0002311420962115911	0.0002103328794571198	0.0002442626370496591	0.0002869598142910866	0.00019464582176754812	0.0003178696906533186	0.0002474448628294782	0.00023360737247877915	0.0003634777079770765	0.0003510122704094044	0.0002597659909877732	0.00038444238554189076	0.0002239289637612559	0.00021927306363131197	0.00013247580274264656	0.00016473051440986058	0.00018785300220797721	0.0001840045892909329	0.0003096466729000924
89	0.00012658638052068523	0.00013526932596241758	0.0001832492333882852	0.00020638984939339564	0.00018731743240249057	0.0002295746440994126	0.0003607650021871378	0.000156376207672755	0.00027865853779903544	0.00015314554469570392	0.0001289885961182172	0.00030487036267261086	0.00018360766805294282	0.00031580903959764126	0.00021861217788138565	0.00016501417662178155	0.0001831725709088498	0.00017519115691101085	0.00011211306557818333	0.0001289295239485599	0.0002110427834975397	0.00015498212170524613	0.0002442626370496591	0.0002869598142910866	0.00016683927580075553	0.00028710810768686843	0.00022592791823561055	0.00019113330475536478	0.0002596269342693404	0.0002693815098490778	0.0002361509008979756	0.00028129930649406645	0.00019193911179536219	0.0002654358138694829	0.0001435154529712004	0.00015296404909487054	0.00015263056429398148	0.00017318078992087802	0.00019055179870774915
90	0.00008861046636447966	0.00009468852817369231	0.00010307769378091044	0.00015724940906163478	0.00008027889960106738	0.0002295746440994126	0.00019165640741191698	0.00012878040631873942	0.00023885017525631608	0.0001649259712107581	0.00011823954644169909	0.00021106409723488443	0.00012623027178639817	0.00031580903959764126	0.0001414549386291319	0.00011424058381507952	0.00013432655199982317	0.00007007646276440434	0.00012332437213600166	0.00006942358981845532	0.0001507448453553855	0.00011070151550374724	0.00019541010963972726	0.00022956785143286924	0.00012512945685056666	0.0001743156368098844	0.00021516944593867672	0.00019113330475536478	0.0002206828941289393	0.0002612184337930451	0.0001180754504489878	0.00022503944519525312	0.00011729612387494357	0.00017311031339314103	0.0000993568520569849	0.0001176646531499004	0.0001056673137419872	0.00016235699055082314	0.00008336641193464025
91	0.00010126910441654818	0.00006763466298120879	0.00010307769378091044	0.00013759323292893044	0.00012041834940160107	0.0002595191628949882	0.00014656078213852474	0.000156376207672755	0.00017250290435178386	0.00010602383863548733	0.0000967414470886629	0.00014070939815658963	0.00011475479253308925	0.00021053935973176083	0.00011573585887838064	0.00016501417662178155	0.00009769203781805323	0.00008175587322513839	0.00011211306557818333	0.0000991765568835076	0.00010049656357025698	0.0001439119701548714	0.0001563280877117818	0.0001578278978600976	0.00006951636491698147	0.00014355405384343422	0.000193652501344809	0.00016989627089365758	0.00016875750727507124	0.00022040305351288183	0.00008265281531429147	0.00015002629679683542	0.00009596955589768109	0.0001038661880358846	0.0000993568520569849	0.00010589818783491037	0.00005870406318999288	0.00008659039496043901	0.00008336641193464025
92	0.00006329319026034262	0.00009468852817369231	0.00011453077086767826	0.00013759323292893044	0.00012041834940160107	0.00011977807518230223	0.00013528687582017667	0.00011958180586740088	0.0001592334501708774	0.00003534127954516244	0.00010749049676518098	0.00017588674769573705	0.00009180383402647141	0.00010526967986588041	0.00011573585887838064	0.00016501417662178155	0.0001221150472725665	0.00009343528368587244	0.00010090175902036501	0.00015868249101361217	0.00010049656357025698	0.00012177166705412196	0.0001367870767478091	0.00018652387928920627	0.00006951636491698147	0.00011279247087698401	0.0001828940290478752	0.000106185169308536	0.000051925386853868074	0.00015509844506462055	0.0001180754504489878	0.00014064965324703322	0.00013862269185220603	0.00006924412535725641	0.00008831720182843103	0.00008236525720493029	0.00008218568846599004	0.000054118996850274384	0.00008336641193464025
93	0.00006329319026034262	0.00008116159557745055	0.00010307769378091044	0.00009828088066352175	0.00013379816600177897	0.00009981506265191853	0.0001578346884568728	0.00011038320541606236	0.0001326945418090645	0.00004712170606021659	0.00011823954644169909	0.0001289836149768738	0.000057377396266544626	0.00018046230834150927	0.00007715723925225377	0.00007616038921005302	0.00004884601890902661	0.00007007646276440434	0.00007847914590472833	0.0001289295239485599	0.0001105462199272827	0.0001328418186044967	0.00011724606578383637	0.0001434799071455433	0.00013903272983396294	0.00010253860988816729	0.00012910166756320603	0.00006371110158512158	0.0000649067335673351	0.00010611998872842458	0.0001180754504489878	0.00010314307904782436	0.00009596955589768109	0.00008078481291679915	0.00003311895068566164	0.000047065861259960164	0.00008218568846599004	0.00006494279622032927	0.00008336641193464025
94	0.00007595182831241114	0.00006763466298120879	0.0001488900021279817	0.000049140440331760875	0.00012041834940160107	0.00010979656891711037	0.00011273906318348056	0.0000919860045133853	0.0000796167250854387	0.00007068255909032488	0.0000752433477356267	0.00007035469907829482	0.000057377396266544626	0.00018046230834150927	0.00007715723925225377	0.00003808019460502651	0.00004884601890902661	0.00007007646276440434	0.00006726783934691	0.00010909421257185839	0.00014069518899835978	0.0001439119701548714	0.00011724606578383637	0.00012913191643098895	0.00016683927580075553	0.00011279247087698401	0.0000968262506724045	0.00009556665237768239	0.00009086942699426913	0.00008979383661635926	0.0001298829954938866	0.0000656365048486155	0.00008530627190904987	0.0001038661880358846	0.000022079300457107758	0.00009413172251992033	0.00005870406318999288	0.00006494279622032927	0.000059547437096171606
95	0.00003797591415620557	0.00008116159557745055	0.00019470231047505302	0.000029484264199056524	0.00006689908300088948	0.00009981506265191853	0.00013528687582017667	0.00008278740406204677	0.00003980836254271935	0.00014136511818064977	0.0000752433477356267	0.0001289836149768738	0.00009180383402647141	0.00010526967986588041	0.00006429769937687814	0.00006346699100837752	0.00006105752363628325	0.0001051146941466065	0.000033633919673455	0.00011901186826020914	0.0001105462199272827	0.00009963136395337251	0.00017586909867575452	0.0001578278978600976	0.00013903272983396294	0.00012304633186580074	0.00007530930607853684	0.000106185169308536	0.0000649067335673351	0.00011428306478445725	0.00008265281531429147	0.0000656365048486155	0.00013862269185220603	0.00005770343779771367	0.000044158600914215516	0.00009413172251992033	0.00007044487582799146	0.00007576659559038413	0
96	0.00003797591415620557	0.000054107730384967034	0.00013743692504121388	0.000029484264199056524	0.0000535192664007116	0.0001497225939778778	0.00019165640741191698	0.00007358880361070824	0.00006634727090453225	0.00015314554469570392	0.00005374524838259049	0.00017588674769573705	0.00009180383402647141	0.00018046230834150927	0.0000900167791276294	0.00007616038921005302	0.00006105752363628325	0.0001284735150680746	0.000033633919673455	0.00011901186826020914	0.0001607945017124112	0.00011070151550374724	0.00022472162608568635	0.0001578278978600976	0.00009732291088377406	0.00012304633186580074	0.00007530930607853684	0.000106185169308536	0.0000649067335673351	0.00006530460844826128	0.00004723018017959512	0.00009376643549802214	0.00009596955589768109	0.000034622062678628206	0.00005519825114276939	0.00008236525720493029	0.00007044487582799146	0.00007576659559038413	0
97	0.00006329319026034262	0.000054107730384967034	0.00010307769378091044	0.00007862470453081739	0.00008027889960106738	0.0001297595814474941	0.00016910859477522086	0.00011958180586740088	0.0000796167250854387	0.00014136511818064977	0.0000322471490295543	0.00014070939815658963	0.00008032835477316249	0.00010526967986588041	0.0001285953987537563	0.00003808019460502651	0.00006105752363628325	0.0001284735150680746	0.000044845226231273334	0.0001289295239485599	0.00020099312714051397	0.0001439119701548714	0.0001563280877117818	0.0002008718700037606	0.00009732291088377406	0.00008203088791053383	0.00008606777837547069	0.00008494813544682879	0.00010385077370773615	0.00003265230422413064	0.00003542263513469634	0.00007501314839841771	0.000042653135954524934	0.00008078481291679915	0.000022079300457107758	0.00009413172251992033	0.00008218568846599004	0.00008659039496043901	0.00004763794967693729
98	0.00007595182831241114	0.00006763466298120879	0.00012598384795444606	0.00009828088066352175	0.00009365871620124529	0.00009981506265191853	0.00012401296950182862	0.000156376207672755	0.0001061556334472516	0.00012958469166559565	0.00010749049676518098	0.00008208048225801061	0.00006885287551985355	0.000030077051390251548	0.00010287631900300501	0.00003808019460502651	0.00003663451418176996	0.0001518323359895427	0.00008969045246254667	0.0001289295239485599	0.0001607945017124112	0.00012177166705412196	0.00009770505481986363	0.00012913191643098895	0.00013903272983396294	0.00008203088791053383	0.00006455083378160302	0.00007432961851597518	0.00009086942699426913	0.000040815380280163304	0.00008265281531429147	0.000037506574199208854	0.00006397970393178739	0.00013848825071451282	0.00003311895068566164	0.00008236525720493029	0.000046963250551994304	0.00008659039496043901	0.00008336641193464025
99	0.00005063455220827409	0.000027053865192483517	0.0000458123083470713	0.000049140440331760875	0.0000535192664007116	0.00007985205012153482	0.00006764343791008833	0.00007358880361070824	0.00009288617926634515	0.00005890213257527074	0.00008599239741214479	0.000023451566359431605	0.000057377396266544626	0.000030077051390251548	0.000038578619626126886	0.00003808019460502651	0.00003663451418176996	0.00009343528368587244	0.00010090175902036501	0.00007934124550680609	0.0000803972508562056	0.00005535075775187362	0.000048852527409931814	0.00004304397214366299	0.00009732291088377406	0.00006152316593290037	0.000021516944593867672	0.000053092584654268	0.000025962693426934037	0.00002448922816809798	0.00007084527026939268	0.000018753287099604427	0.00010663283988631233	0.00008078481291679915	0.00003311895068566164	0.000035299395944970125	0.000011740812637998576	0.000043295197480219505	0.00003572846225770297
100	0.000012658638052068523	0.000013526932596241759	0.000011453077086767825	0.000019656176132704348	0.0000133798166001779	0.000029944518795575557	0.000022547812636696114	0.00002759580135401559	0.00001326945418090645	0.000023560853030108296	0	0	0.000022950958506617852	0	0.000025719079750751253	0	0.000012211504727256653	0.00002335882092146811	0.000022422613115636667	0.000029752967065052284	0	0.000011070151550374725	0	0.000028695981429108655	0.000013903272983396293	0.00001025386098881673	0.000010758472296933836	0	0.000012981346713467018	0.00001632615211206532	0	0.000009376643549802214	0.00006397970393178739	0.00002308137511908547	0.000011039650228553879	0.000011766465314990041	0.000011740812637998576	0.000021647598740109753	0.000023818974838468644