"Position (bp)"	"AH10_S41_L002_R1_001"	"AH11_S42_L002_R1_001"	"AH12_S43_L002_R1_001"	"AH13_S44_L002_R1_001"	"AH14_S45_L002_R1_001"	"AH15_S46_L002_R1_001"	"AH16_S47_L002_R1_001"	"AH17_S48_L002_R1_001"	"AH18_S49_L002_R1_001"	"AH19_S50_L002_R1_001"	"AH1_S32_L002_R1_001"	"AH20_S51_L002_R1_001"	"AH21_S52_L002_R1_001"	"AH22_S53_L002_R1_001"	"AH23_S54_L002_R1_001"	"AH24_S55_L002_R1_001"	"AH25_S56_L002_R1_001"	"AH26_S57_L002_R1_001"	"AH27_S58_L002_R1_001"	"AH28_S59_L002_R1_001"	"AH29_S60_L002_R1_001"	"AH2_S33_L002_R1_001"	"AH30_S61_L002_R1_001"	"AH31_S62_L002_R1_001"	"AH32_S63_L002_R1_001"	"AH33_S64_L002_R1_001"	"AH34_S65_L002_R1_001"	"AH35_S66_L002_R1_001"	"AH36_S67_L002_R1_001"	"AH37_S68_L002_R1_001"	"AH38_S69_L002_R1_001"	"AH39_S70_L002_R1_001"	"AH3_S34_L002_R1_001"	"AH4_S35_L002_R1_001"	"AH5_S36_L002_R1_001"	"AH6_S37_L002_R1_001"	"AH7_S38_L002_R1_001"	"AH8_S39_L002_R1_001"	"AH9_S40_L002_R1_001"
1	36.037994350818956	36.05209935333748	36.03508223346998	36.061722744742085	36.04495979056678	36.074378785815625	36.05155816948067	36.08787418822342	36.05659501882289	35.891948293836094	36.0387442929983	36.07861509612306	36.05473983920112	36.07190327346081	36.0425875359012	36.04024368289027	36.07430739092415	36.058143715302556	36.036020887836195	36.03564082610401	36.04110035101035	36.03493648977871	36.015411697756875	35.97311675673473	36.03515362538101	36.03061652941011	36.04110719894085	36.04347371716744	36.04803326286703	36.07355443079483	36.06450735941738	36.09973780162286	35.96316402103085	36.00661845576753	36.07408965468964	36.01627504824472	36.0429638640799	36.02114398722735	36.033482265693586
2	35.978476139110136	35.99708000757596	35.98605072028021	35.99491405699992	35.98119554317459	36.03189339398758	35.989077817142004	36.00385571450416	36.003762188689706	35.92230266618155	35.975858321230426	36.02891302894657	35.998177894262774	36.023750271106366	35.9902688297206	35.99325535081342	36.014490441970324	36.00278221949166	35.983590947886704	35.992515607032274	36.00234509404597	35.96601989474677	35.98810920605837	35.953868564624734	35.99440813624936	35.980119901287686	35.96631841632211	35.98058774375507	35.97066489375516	35.99401101382951	35.989171735170096	36.01483958779069	35.93053779509705	35.949132684016064	36.00512651324888	35.965270858914984	35.996297870641534	35.96931419745041	35.96643459264756
3	35.73431706566698	35.75704266890338	35.760217303905904	35.76321779966024	35.74490688095283	35.79237567829717	35.76330076200227	35.76312307354581	35.76676341346488	35.70846191694363	35.75227823185343	35.78414605686113	35.76369919141476	35.78891244911397	35.75963939954803	35.75951016610749	35.77551600658534	35.778624798662854	35.75039502193869	35.77020691876885	35.77811333998115	35.73012684329333	35.76252337237588	35.72385622743814	35.76176608004984	35.7354875525545	35.738279396387114	35.74187737977554	35.72443709194035	35.75215127636246	35.751437883503506	35.7827591342689	35.701045036635904	35.72872503996284	35.773009741368895	35.73466472063721	35.7674473766407	35.735360231134074	35.73370298416616
4	35.98275366557405	35.997737222327444	36.00125580857281	36.00155448594131	35.99062185790624	36.02892683594962	36.001778155634284	36.002117386026505	35.98959604716685	35.95484806554324	35.98796990379664	36.021021708460914	35.99594926934432	36.018127201752165	35.98358930957799	35.9986978931922	36.01062985778981	36.01918236385871	35.9919907984444	36.002613288973144	36.02259306256579	35.97994050442364	36.011682670360386	35.97039620477262	36.001261485749886	35.97578549455743	35.97607361527501	35.9765315845572	35.96420190414851	35.984762983185966	35.9830229246495	36.01435075607598	35.949907223749356	35.96775615233807	36.01030381685087	35.970195951609114	36.003815560497785	35.976171443492404	35.99002752727416
5	36.067799541431334	36.09767255607565	36.08983429603591	36.08995198924855	36.07939171874887	36.120729208637	36.08638701777254	36.09865119915592	36.0957679159869	36.05094220288467	36.08327153771647	36.11875376007524	36.09391580117792	36.12187046996683	36.09094292979507	36.0941064177767	36.113161892944206	36.115468883409584	36.087345708220624	36.091512722178656	36.110162134499895	36.07398793525018	36.10154535178943	36.06469575878002	36.092205263977576	36.08095152237549	36.074260887118385	36.08278655757915	36.06347187667184	36.083776402473454	36.08516904446025	36.11318067377742	36.04438072839222	36.05458309823517	36.10267004886253	36.061513642800975	36.092612885119856	36.06351358783082	36.070629434767746
6	35.98212620386935	36.00183581806867	35.99838957784261	36.00573844569886	35.994209648925846	36.033460530482394	35.993231958542026	36.00715461923025	36.00091738687022	35.95157919839234	35.9944514021997	36.02062133740819	35.996433832863005	36.01916139168635	35.99561018211377	35.98611382312829	36.01386732585236	36.02376496669396	35.993652738601995	36.00753696026527	36.02052535171888	35.98358535028829	36.00994166286247	35.970934288625884	36.00472334082364	35.98173830406568	35.9831338140848	35.98154294630602	35.967555200049866	35.986401242150414	35.99856465557048	36.020787915689844	35.95088415265602	35.962492877795434	36.01710398264825	35.974412348766705	36.00666824797033	35.97770999896506	35.977702788818995
7	36.19272468535125	36.20888741578506	36.21039214810386	36.214810022236996	36.20440051694593	36.23595556991337	36.209287452332575	36.215366514608164	36.20581770864579	36.17287033493635	36.208336119421595	36.23087665311378	36.20693479028339	36.226302596514614	36.19808947099672	36.20694128559686	36.22349032960913	36.22732415193114	36.202122959800825	36.213162176857416	36.22223359002	36.19724661345989	36.21730153804304	36.1861417149292	36.21749755267315	36.19520419463745	36.197505225692005	36.19317245771046	36.18033990037761	36.19967130306583	36.19745091143309	36.22961547364342	36.16779329890761	36.17854085536638	36.21674253199627	36.186393751804985	36.21440293652788	36.188948512303895	36.195699265423194
8	36.17288848881242	36.18342487621418	36.166884405821804	36.18768073331945	36.17456131453494	36.21947458100213	36.18923274332092	36.190402998897234	36.17209922855621	36.12884926073457	36.17078015129803	36.18834256469675	36.160311332634606	36.16946967835129	36.15310907919293	36.180587842314054	36.17757319354949	36.182400300881504	36.16837689600439	36.17018732009338	36.17510497848572	36.16829267536558	36.169719015577414	36.13956747241495	36.177424522215055	36.17575423415396	36.16242890465665	36.16462067392227	36.16280885278429	36.175887480089244	36.17253633651068	36.19378819818431	36.14324486723046	36.151128794391994	36.194669486193746	36.16891502738163	36.18911812573243	36.162618341677096	36.17760463878046
9	36.17710802950944	36.19997077843015	36.18161598876599	36.20351419591477	36.192627659497596	36.23134840025892	36.19134307691961	36.20062467211982	36.1844000698658	36.15109838837686	36.18422991624535	36.207210900787956	36.18695153768004	36.190065640077236	36.17118540517389	36.189246547880735	36.201958504521315	36.197880747671846	36.18957016500099	36.18524854512565	36.186405328812654	36.17425994792698	36.18332463057576	36.1537803475706	36.18006763521481	36.193338826467226	36.188950219648	36.185740909645105	36.18014408368696	36.19951061259324	36.19248708083727	36.21834233151344	36.148695618601835	36.155842608744635	36.201595965391014	36.17319685707299	36.202868422226864	36.171639654979046	36.185639601158265
10	36.073236530020296	36.085771260044915	36.07155085028228	36.09200720564294	36.08604489529276	36.12718104309915	36.097736544311815	36.102521450333064	36.08174246168662	36.02982911968691	36.07539896604771	36.102712648746525	36.07959719022022	36.08413787875552	36.06893750458211	36.08830610073096	36.09175464222729	36.0822588538704	36.08532092645259	36.07231693041895	36.0661424258206	36.06242163913546	36.06152719325125	36.03325157328544	36.075019467372684	36.08014150050347	36.06610745180559	36.06659526897543	36.06583362333595	36.08421552511655	36.07882372142272	36.10751971740049	36.03360976724136	36.04950151494024	36.10008040333723	36.06670470226902	36.088787695891824	36.061676674710924	36.080438959371364
12	36.12338687521286	36.136312670797366	36.12245851673934	36.142526917456536	36.1329321266266	36.171703971929304	36.13903372970681	36.149332481496565	36.13625318603469	36.09168333462152	36.12933562813838	36.16370133304562	36.13176914117716	36.15792423220121	36.12610906247227	36.138535734173175	36.15199318993439	36.13871221314932	36.138420486333345	36.1269502219431	36.12405521372878	36.112092739405036	36.12253886536886	36.09167026106681	36.128011046343474	36.136692678029945	36.128917977779324	36.121801813206815	36.12042622593195	36.141785826381785	36.13667303836458	36.17065178937543	36.085295278895074	36.09366726353126	36.14744086181071	36.10866366759708	36.14148409263308	36.10757611909017	36.12376219579742
14	36.03986382207232	36.05353851565248	36.032789386332944	36.0622466735436	36.043582053123174	36.094559686357066	36.05342675509712	36.06800752447636	36.057913231553655	36.00415819130225	36.04944803201833	36.079693541407444	36.043452791668905	36.07199050879558	36.04125708538215	36.05499826952849	36.069970004445594	36.05121900225544	36.04716290601595	36.041987385038794	36.03858601301249	36.024059747128305	36.03459033462363	35.99639986029908	36.04189601085723	36.059357844853636	36.04918402161681	36.043056971024455	36.04337028053208	36.06744019097344	36.05929670721076	36.09086942640869	35.99973507735763	36.009240858413804	36.064651923772956	36.02958703833288	36.06043108529881	36.02638754709742	36.0449858313749
16	35.98738328465315	35.99968208014286	35.97204222375705	36.0092129881655	35.987483945799355	36.04505342719514	36.002851701594594	36.022158489849446	36.00380067859022	35.95429913056428	35.99807002022109	36.026306277991665	35.98710214029709	36.01848095607521	35.989811969681575	35.998084293133495	36.01531177789611	35.993360166606124	35.99604114686653	35.98520409104497	35.979910622309205	35.97111913597224	35.97505917354029	35.936164027472984	35.985593031793	36.00605649805125	35.98697961781055	35.98265511898931	35.99169609976782	36.010939934750525	36.006474756762614	36.03697873113093	35.94339315565314	35.95338684490724	36.010665532496	35.970077208036145	36.00482610748011	35.9677304986037	35.98556265343388
18	36.01624031935218	36.028417976676856	36.002125734339906	36.03668769655931	36.01532277942204	36.07077301418509	36.03206656187914	36.05410963705976	36.03161374615034	35.99292841199791	36.030746589236706	36.05572487214278	36.01497659358503	36.04493296566146	36.019378479988575	36.02630938799203	36.04053246994338	36.02362106684451	36.0282693531597	36.00913738651663	36.00462536484433	35.99802168572571	35.99927234915046	35.96112609614855	36.01169210403364	36.04156105511656	36.02310236847106	36.01916533096908	36.0301490180598	36.051391801585154	36.039142718868774	36.06892348977074	35.97201205334032	35.97987879092901	36.04408679938848	36.00460240203302	36.02985176452353	35.9901770399717	36.024234483300795
20	36.01318960965957	36.0267967206905	36.00088974106107	36.03459286603602	36.012366183771654	36.0700918718546	36.030094917654594	36.055275607039505	36.031491640259055	35.996435162755276	36.035121912413985	36.051585007311985	36.01902973443349	36.045252277067846	36.020988808729726	36.03039332614398	36.043792532377125	36.02260255492314	36.02835883016994	36.00562470083753	36.002569211630714	36.00155979916589	35.99865061659298	35.961181913380265	36.007656517676374	36.04778103441167	36.02672812606997	36.01894962979263	36.035191167992025	36.052275027622755	36.0419665234314	36.068374914041776	35.979154939431474	35.985222060411076	36.04696650199551	36.00708224798883	36.02545155222177	35.990781441548094	36.02434049487154
22	35.98826990981821	36.005611082550935	35.974326480448724	36.008698004489865	35.98612520978514	36.04510154541342	36.00467349364171	36.03198730488427	36.002420085675865	35.97808030403858	36.01378732059294	36.021580633017834	35.98677515747741	36.01273304994885	35.994433304479465	36.002800748457496	36.01426181136021	35.998339078036466	35.99823198809844	35.97628937166607	35.97536334686548	35.973487400037996	35.96952894891534	35.93405617365846	35.98234893318798	36.0237298050922	35.999631570690326	35.987023943998835	36.00841050865593	36.02938986284807	36.01277969080928	36.04323947239189	35.95097182029372	35.96152047177853	36.02165082338891	35.98110153081531	36.0021058737603	35.96773623625076	36.00157540340976
24	35.978400681649276	35.991436186044	35.95941003112032	35.996549933756924	35.97136484591045	36.030868935157805	35.989107020839484	36.01866472010188	35.986148148423425	35.96742090340629	36.002010928632785	36.00740956176139	35.97242831283292	36.00486051220377	35.984701362477026	35.989617678791475	36.004312960131315	35.98827262947775	35.98455433945559	35.96865501312496	35.970128040486685	35.960642529195304	35.964223458673885	35.92852668049327	35.97068380537077	36.013761551631866	35.986140429672076	35.97518385047098	35.9973481641536	36.01395230954995	36.00102342396135	36.03007281078986	35.94267325716843	35.95077217625944	36.01203146175298	35.965816326170355	35.98803923825001	35.9566173257888	35.98794481680843
26	35.90826828925529	35.92160502178089	35.8869062140991	35.92914614939855	35.9034150653502	35.96992691221999	35.91910485593218	35.95583096315027	35.921874394447684	35.902649050162225	35.9357819734535	35.94465567972192	35.90099226488799	35.93590428900043	35.91384638338429	35.91832352224969	35.93657772219427	35.92842068747218	35.91460563063801	35.89731285893298	35.90225156766733	35.89644884394612	35.89736400247638	35.8580009625244	35.903568786570844	35.94679649579902	35.92036030320527	35.90402274728743	35.92640668581549	35.95200090666006	35.93705234058926	35.96704540807694	35.87094171893841	35.880816082284205	35.94472066299518	35.89318150631812	35.9200479557736	35.88533691247035	35.91852534331669
28	35.871230703590186	35.884401634243346	35.860820124091845	35.89725127094511	35.87270741732839	35.93233660071343	35.88360206748648	35.92019118117092	35.88242742264725	35.86767474017785	35.908768276649425	35.9128567893619	35.86516555269852	35.893196877215665	35.88151659011603	35.8765621536359	35.9012403699126	35.902144598324355	35.8851838404968	35.8706952590447	35.86820820704526	35.86730845626384	35.863669283226294	35.823249641923134	35.8697532649565	35.90402256164238	35.88428274539232	35.8637979295236	35.8864915050876	35.909452551728776	35.902143852358634	35.932178632539234	35.835082348921034	35.8456387405449	35.904996865351904	35.85378323613777	35.88873497272251	35.8437379969506	35.88414221750001
30	35.81013459534671	35.82359127682026	35.82001321783193	35.840254010119594	35.81976689260526	35.84508748930318	35.79130879922063	35.83476495027814	35.78774226737899	35.815432483943155	35.8375596231847	35.85619525535675	35.7886515728918	35.810388284475025	35.80430647179803	35.776635866897664	35.83495385863007	35.8757214556778	35.83037805045966	35.840864706256916	35.85255977457189	35.80611080774302	35.834845242040885	35.781723056419594	35.82471216098961	35.810618158068934	35.820396952452604	35.7678921523855	35.80302269292099	35.822942778188036	35.83771963285226	35.867224790183144	35.76929802538778	35.76662278680668	35.81730974982659	35.75764707433018	35.82943737685206	35.776306245721116	35.810221897702405
32	35.74922168667682	35.76492735193052	35.75358845810669	35.78627125671548	35.77456222446255	35.76939274009892	35.7081235891457	35.761740249526596	35.70681658792606	35.747050431795856	35.7537819670034	35.80039661830707	35.71897519521414	35.72196474429067	35.73704000483613	35.68594747949143	35.77695789386264	35.828774830608154	35.77366061437293	35.782773676757145	35.79449703893435	35.73482174135058	35.77172692935445	35.71907230326004	35.77469158119563	35.73769157509564	35.76575557168629	35.68389783814531	35.732781895526344	35.7504800301262	35.77988448748614	35.80847907308803	35.69442239718303	35.68404584621948	35.73881635069546	35.67180876941882	35.775074270388835	35.71397223152034	35.74636862724545
34	35.70755701406218	35.71718769447226	35.71566267268227	35.74341761607874	35.73337461906817	35.70026143566395	35.63651815252223	35.69793087940799	35.632238822134724	35.69895623412931	35.69623173947584	35.751375439921475	35.65227689763659	35.651847990323496	35.676604315732476	35.60725762035918	35.72788609505757	35.79965263136994	35.72538272165294	35.747560926985614	35.76577199864846	35.6908862909951	35.73356781272082	35.674562006917895	35.740532182348105	35.66715239262082	35.71454066958154	35.6145353068097	35.66905628820892	35.68617265015496	35.727315735857886	35.755494479728114	35.6392935310882	35.62075495830105	35.66115878411428	35.595017806828565	35.72956842152233	35.65920130220772	35.689060916154375
36	35.719508538973905	35.73058564896236	35.735148093551096	35.75375788670124	35.74508458446149	35.71010091248914	35.64418012028766	35.70558425372862	35.64322782145571	35.711269155580354	35.710455732372125	35.77007372972491	35.66084662497263	35.6606262714926	35.687352745597636	35.61595111310072	35.740842684553265	35.81353324355166	35.73612691472953	35.76164965701326	35.7769046125409	35.693513414405686	35.74327301592761	35.68375434448903	35.74845220481901	35.67254296613231	35.7241444724951	35.62527459152719	35.679456128231365	35.69383394403334	35.736409399817234	35.768341975112726	35.64446080243405	35.626689474651414	35.6639378997394	35.60468358074127	35.74122435176335	35.67457613944258	35.69601360759758
38	35.75316497203896	35.762643875645985	35.77951545306581	35.78251754768293	35.776919472209876	35.760948392112766	35.70147416656707	35.74529632823881	35.69374714312032	35.73621429742921	35.770661469313076	35.80261484281273	35.70646181864424	35.72079067700937	35.72937139299867	35.67566685363715	35.78034253066728	35.83942925955819	35.76872749339238	35.80395631399696	35.81239810438734	35.74411023023646	35.78309546013095	35.72927537754116	35.7865077202038	35.70968838669857	35.74774406989138	35.671024800431276	35.713439413692626	35.7195467058943	35.757115134841364	35.79296438731529	35.69056512777611	35.68781946031004	35.72656527587222	35.66615662241968	35.7790831100329	35.72046345898275	35.74021316663709
40	35.70845541362969	35.721042506561325	35.75532281175585	35.73640797952412	35.727931646238346	35.719270527810934	35.65898064437564	35.66597080778452	35.65981033238816	35.67431695946341	35.74324163071627	35.773653849085676	35.66230444728771	35.704345011537626	35.69529673393948	35.63045000130769	35.743366048354396	35.80759702435668	35.733444846953944	35.781254382674454	35.79460196214443	35.71246882726752	35.76213331165461	35.713570933944254	35.75802528533606	35.63936858087409	35.68911581915371	35.619718932127306	35.635987160242465	35.63750482969586	35.69086408112565	35.728214256103556	35.649302786316426	35.657277669476144	35.67451223042744	35.6209683967923	35.74433208316405	35.677874420443516	35.69343931314032
42	35.54434784370177	35.57089193430558	35.637168222682675	35.58468576755766	35.59530755686847	35.528691036714	35.45918597230272	35.49504189045936	35.469984381063824	35.48404824878077	35.562915534762325	35.64747868264554	35.50182543409868	35.566550182427136	35.53701595280142	35.404791057309204	35.598764637488586	35.707945093797704	35.58935333462205	35.686654769926825	35.71667808694838	35.55559021037803	35.66997364940498	35.59146048010855	35.638202215943224	35.40383600431328	35.50731553839853	35.40813678789406	35.42246178458086	35.398944064365025	35.51039508699812	35.54945603872237	35.49173257914991	35.468654219623396	35.48779971552986	35.416718506650696	35.60985242209536	35.512501683404	35.509453016029184
44	35.507882266104026	35.536861792797424	35.635640726957845	35.54935546927605	35.575239772614445	35.482527496267345	35.40461643931381	35.438357054178184	35.42281606977237	35.40604115963722	35.519932338368356	35.638476080350976	35.46943577157616	35.57258235542022	35.50745085731999	35.343334815385475	35.57797500696151	35.70360730758943	35.57065555477316	35.699019490962094	35.740490932081926	35.5218614356264	35.68972389329065	35.595318900059034	35.63139753487441	35.30519609852114	35.434976208117796	35.3349159561945	35.32993151609904	35.28903292423673	35.44538947859702	35.4906234724009	35.45742552356884	35.414799271572775	35.429621353501076	35.35739450004249	35.59412905786397	35.468615936628666	35.46021695446625
46	35.38180538305423	35.43386130577126	35.54381974725764	35.43297515476542	35.46132553436168	35.368140907713254	35.27157882630453	35.30379401644778	35.303501359888	35.26889507483142	35.4040465826791	35.54672168348171	35.3648447675174	35.50831788916961	35.40605583930669	35.20018686045239	35.47665732765991	35.61783447078845	35.46743249867802	35.629302459732955	35.684184152695835	35.40768752466249	35.62138314437406	35.51035632056252	35.54490149509422	35.148668961147465	35.2982017765954	35.199456891838445	35.190240200075834	35.121764593683366	35.30219846016382	35.36704171276429	35.33743721685326	35.284425527828084	35.29667627929306	35.233977679032705	35.49902961186823	35.347759113223916	35.32979008517851
48	35.3389144000942	35.3925284775021	35.53523789233996	35.39175365555839	35.43033366777633	35.31411832449569	35.21672097727524	35.23290878274501	35.26354194151553	35.207818606150525	35.33263700835396	35.53957000571121	35.34214086635642	35.50293095684228	35.37820191104348	35.144097619414595	35.455458800080116	35.60336926546836	35.446130579026146	35.627729308966174	35.68907594611289	35.35907843416004	35.623804022237366	35.495534477974005	35.52555203906823	35.059336512294834	35.2454100745187	35.14814114652344	35.116706747625	35.02980448999229	35.24471500606897	35.31098813410721	35.29325528709445	35.23027991995427	35.239169343649515	35.182673041395965	35.482905246248905	35.29708064187166	35.280102819312205
50	35.24434037391957	35.29871587434725	35.46733649232644	35.30871005583528	35.34739376662124	35.194907535153256	35.09212187977097	35.1079752788235	35.15276084074684	35.0808582755689	35.224981375313504	35.473292999135694	35.25225100527993	35.41951442406179	35.296398497198	35.01623596166098	35.37302476343083	35.55606335798241	35.36943039249236	35.55690092572003	35.65735335825628	35.25190225081411	35.57565614623134	35.42193292921084	35.443452844461255	34.92027674072142	35.15217055866752	35.015535370107536	34.98971520877591	34.88741035872188	35.145062138816726	35.21520047164945	35.17927647962602	35.100439014074496	35.12362681103493	35.05581889404425	35.41339802587545	35.201883766962325	35.15783264703745
52	35.18101865040026	35.23824805865959	35.393801020086755	35.25565032146423	35.28309707776749	35.11418563010308	34.99415700539197	35.02785014935051	35.07469177553115	34.97744099921012	35.12537751943901	35.41071115703012	35.19962444605736	35.36751253857531	35.23702637106244	34.91273484834443	35.31825368715711	35.500226829145795	35.31116785214361	35.490558615809825	35.614229717911336	35.16645430900056	35.522215677783265	35.350560482490465	35.36421090395355	34.840241082528905	35.08958728815584	34.944139767565254	34.91940597942107	34.78302148385893	35.08069259797342	35.1567241184616	35.09211671698135	34.9995435786573	35.05126811366175	34.97813670739254	35.36571737563086	35.128628412222014	35.085045936362086
54	35.17689229207102	35.237001406964474	35.39972739653381	35.251079951928304	35.26351409758867	35.13573989647196	34.99781648802423	35.0272079596197	35.10669506601947	35.00016577624284	35.111824122758456	35.417003456044206	35.212169499446574	35.40627240105633	35.261362142611844	34.94106747873983	35.330118785326604	35.485028692368516	35.31555480455664	35.48793382154136	35.615767787649894	35.15246317177764	35.5250683387947	35.34369984161681	35.349928805037045	34.85841416629591	35.09118485531725	34.958650689840184	34.93258568927995	34.83310473589443	35.07927496801357	35.16448540051374	35.073464200568196	34.985616956064426	35.09312687275625	35.01407882172482	35.37208161405701	35.137421193958886	35.061357114865324
56	35.13137561736484	35.20122514137287	35.36142500598468	35.219334191672225	35.219574228816285	35.08939246856043	34.937594742883434	34.97429925415827	35.059543876097564	34.93230226087219	35.03162326639913	35.38913568403758	35.18239271543336	35.39332442129132	35.2297926251574	34.870171089420054	35.29400980473578	35.45824813613487	35.285937465661235	35.45136066978275	35.59218720069499	35.09101640712087	35.50138113935252	35.29661119093884	35.29566558947205	34.80431469462545	35.04604559355748	34.90287712021193	34.88289564580552	34.76990471577546	35.02859481504558	35.127626063621655	35.01716984548952	34.913904551839025	35.06137329606646	34.97742295142623	35.34819931001928	35.088620773573396	34.9951951744486
58	35.016827013770985	35.08463215996104	35.24726749386929	35.10999644357523	35.104871966495395	34.95388258116505	34.787446018261896	34.842777325219046	34.91664494420557	34.772133661602496	34.86673647116748	35.28949981764002	35.073100917296415	35.29424824348645	35.120717290840545	34.71508224627644	35.19642080733963	35.35726174471559	35.18362521376932	35.34792181636081	35.51132055105992	34.95242313604664	35.40911546110024	35.186181317900804	35.1806677865041	34.6497662546406	34.9138612489194	34.76054015143051	34.74128317067216	34.61309784122801	34.90392084985995	35.011134614800234	34.87557210599209	34.754192173470585	34.93232958345948	34.844100633353975	35.25246049285008	34.961288203527545	34.870328552489426
60	34.96909637158495	35.0452869395817	35.20044441237344	35.06530738106571	35.05996770827507	34.8992471395616	34.71946759066113	34.79954663981124	34.872434249959255	34.68910167892335	34.79479745048736	35.26719513925619	35.05517103416552	35.28610993878185	35.09369437966973	34.66444557749631	35.162717089161056	35.33285752162878	35.1522320141118	35.311679640209576	35.49883639758018	34.89226546435469	35.39411971737404	35.15903620716027	35.13816481077714	34.58434360434503	34.853639304692976	34.71243624017662	34.68273385031709	34.52965122982101	34.84321288989843	34.96293263763914	34.81895033041741	34.68266884819292	34.89202953613612	34.8010820375691	35.23096435256183	34.91366789805955	34.82035731855048
62	34.85756872516139	34.93261465407614	35.09271404240015	34.96321233428663	34.949387284189925	34.75477967646189	34.56183403730406	34.653841426242664	34.74112582162665	34.531973135529796	34.62227276001191	35.17927569663273	34.94683964046351	35.184306904736914	34.99066073640385	34.51078503988971	35.06666035652697	35.24019594674304	35.049284901528196	35.21154578204964	35.4267869156335	34.74819484911977	35.31661009874243	35.03758365051583	35.01692229181035	34.422692653005214	34.74868461913082	34.560029924157305	34.54511211414503	34.380415913974424	34.7268140620767	34.84595470184455	34.66762809553682	34.49476062004966	34.76135479071173	34.642598203523896	35.13029210279726	34.78769060355284	34.69769966802893
64	34.77767206136869	34.84743878351687	35.029519519209956	34.89817301210305	34.870101812870175	34.661524473005684	34.444984856924435	34.58378478290031	34.66782472601827	34.42447672675928	34.51481697281387	35.121807439583726	34.89035275581442	35.128472831156614	34.93510748172624	34.442467218166115	35.016036263355105	35.171076714271194	34.97855545533931	35.149305010734636	35.38489230396294	34.64734953717544	35.2628837290743	34.974434272985576	34.93923134469486	34.32738072894584	34.67581900737999	34.49247955883534	34.4789408758252	34.276301552002145	34.655017788870445	34.75545527564969	34.59625831962683	34.38439253713012	34.71291945378729	34.582736849884824	35.07031720795004	34.72157450562051	34.62272745139846
66	34.759081039540476	34.80753267133851	35.044772828535855	34.8865168249954	34.8409561626319	34.638328896208	34.38048956221515	34.62465721513043	34.61160412102074	34.383223656305205	34.48962736651771	35.11860599571483	34.86326000838288	35.122614828021554	34.97299818259225	34.398300583027975	35.00817537628788	35.154995438888704	34.93866149120277	35.144400779424245	35.40255467916312	34.59573034872273	35.26490155070633	34.938715979827734	34.89607871493092	34.321702883813245	34.68519329518914	34.42984868843914	34.490887771585285	34.264239233493385	34.6892455690797	34.72504932398288	34.564045048794185	34.34010258283228	34.75226022591991	34.61950310816304	35.03165550751628	34.67702449087584	34.6195691403891
68	34.696849271189805	34.75073338023215	34.973221176478674	34.787267999313485	34.76906639554392	34.49953898354357	34.30002018325038	34.47919783694306	34.57535831442904	34.299714021253294	34.31820983705953	35.05576732507807	34.82995894867851	35.06610648546584	34.86175649308472	34.351410137490596	34.93507941005486	35.0776131780492	34.89131458547028	35.0811394090682	35.304543838304085	34.43126299002251	35.19814801280087	34.8763519177452	34.76916687988074	34.19349010302601	34.589721467872295	34.30575349699293	34.39314888301381	34.184921665027645	34.59883457684974	34.706600710025256	34.443845145249924	34.21630527731117	34.6105533741467	34.46627211790283	34.99100418262648	34.599664878108555	34.51469618155851
70	34.635997007022866	34.733154576693096	34.90348325378581	34.74284001652194	34.6788084016292	34.49849705440633	34.295124786610046	34.362772978937834	34.56631570955999	34.22439717301431	34.23599074194516	34.97791415359754	34.83067500547458	34.99886368456184	34.784624061552634	34.26996028421884	34.886328451320736	35.03994365479922	34.878060326790674	34.98691847923007	35.25711201477287	34.379590213921006	35.1136761229684	34.79944940390354	34.69902899526109	34.126265159193196	34.567251368859075	34.237730415798794	34.301601203986976	34.063600603177164	34.49916116081266	34.5998356242396	34.31877510179365	34.09575163383603	34.5662215665114	34.3827503129817	34.963817110488506	34.55259960880073	34.38311938451349
72	34.59599569031549	34.66604845910333	34.81794681483467	34.68852757133541	34.59734927383763	34.43716798928541	34.18079862528386	34.32649928761102	34.535080889844025	34.134816852009294	34.15460381824886	34.92026529566358	34.77897682955438	35.03530910336816	34.77504041899416	34.161042020621935	34.86912192166959	34.950444138942785	34.79831108218744	34.923288641873285	35.21591568515559	34.36302864104823	35.04580067193626	34.687513039565374	34.66663028122011	34.054784369880316	34.470240832684674	34.243332061712415	34.139555490918156	34.01450190689293	34.41379997340468	34.52193458808894	34.29467375373841	34.10707374586866	34.49507300450776	34.38821769545204	34.8878997390849	34.53307039032022	34.30812763316661
74	34.484488174321925	34.55337644416787	34.80031177589704	34.61180444028185	34.54208027113702	34.30320497282818	34.11580021513767	34.2648842190798	34.44488750596594	34.01215586407243	34.03335017528168	34.84968283435498	34.72332731473766	34.920072429392775	34.6890227542538	34.030682288224185	34.767492684309005	34.88651604681884	34.709406702388705	34.862062915318845	35.187795159341576	34.244405737332826	35.0203175516381	34.63222614329905	34.59203603688789	33.90859634429683	34.36988946905505	34.181893335927555	34.08178450295283	33.88652762259426	34.33778116111027	34.44868411229399	34.26602755323463	34.063546571599275	34.42199750067297	34.328395177669336	34.818701225197216	34.481945465072016	34.21873081518133
76	34.38604885237558	34.43824602938391	34.68454074906393	34.53063332081015	34.45987808040602	34.179497126683486	33.910386819322696	34.143033501879	34.2316734984028	33.86355872932687	33.897741924733694	34.791483612815156	34.55852372708537	34.813434752932984	34.59757267380168	33.925794893293514	34.66894263228088	34.82311893579521	34.626935921453985	34.78919184623689	35.11083770329123	34.104040420144884	34.95592841486827	34.54413464206806	34.49565571673304	33.77268886852723	34.26680103289329	33.94371951667643	34.012270876292675	33.74935086927994	34.259447303822284	34.353379279012614	34.0949070435081	33.82752744761428	34.32985430455972	34.15245792134962	34.74588724052333	34.31221807042712	34.141028502818834
78	34.353253849786476	34.40780932925674	34.64210555252026	34.49162362684945	34.41411327153497	34.14097390075827	33.84766663584681	34.108285057165006	34.17171459499865	33.79301498796326	33.843164014418136	34.772466105083915	34.52124561976156	34.802814602954385	34.577163043212636	33.90060821693384	34.64351138512045	34.790719744531046	34.59018677148558	34.758563460729356	35.086294717236974	34.038615436874416	34.92779235402818	34.50500748008301	34.4437569526331	33.73549852651504	34.26531806188106	33.85268172532054	33.99079752450305	33.70333109390039	34.24572142413943	34.30514241209751	34.023609150794954	33.7329196375225	34.3114185105221	34.090675134295566	34.712146408366195	34.25578051702912	34.120690004300016
80	34.32803586508307	34.394730106334045	34.60482783029403	34.46451262137602	34.379170044326855	34.09402469562731	33.810012019745756	34.097811752292884	34.14546647370396	33.725698640234214	33.79635396902013	34.751969546468956	34.523346160149735	34.80666363649217	34.548107413557375	33.871718483898746	34.63116936252119	34.749745313618746	34.556423888702255	34.72605683576211	35.05838524385702	33.98409465438845	34.88877748794642	34.461666188848206	34.39253899036643	33.701777494437636	34.259213691797264	33.80498670108257	33.96390337459162	33.66202147634698	34.2325250890034	34.27210763001405	33.969893525414335	33.666369042397086	34.30284653429817	34.071252734103126	34.68396323234126	34.22807060467005	34.087681812821685
82	34.2681608763194	34.34145688465597	34.54694976193012	34.404172144327546	34.293729849452475	33.99127902217391	33.66025591008419	34.01605216715113	34.05560529748446	33.61510338216526	33.7047180389092	34.68346164987118	34.47847135474411	34.74529718822467	34.44974526708691	33.77016926118897	34.57242045560022	34.69016645428201	34.48440655662415	34.66030377550233	35.01141944420045	33.88718980612343	34.82629830030454	34.38640145876685	34.30400569003493	33.59257407474641	34.19028771273188	33.69974821056174	33.86457509855761	33.549646170683985	34.15719265336066	34.1939760588759	33.87958274043916	33.54435067195749	34.21984173725974	33.97732327272821	34.6215075303716	34.171465685189816	33.99336546238317
84	34.239304348046275	34.33129373089099	34.53895789879997	34.37461784161387	34.252489521782195	33.94070757340823	33.6079004458356	33.96213215087006	34.020387967579296	33.55943885389823	33.65855483182956	34.65482022589184	34.47328542329183	34.74326069437521	34.39560683798061	33.707960778349076	34.56205977615696	34.676521781788495	34.45256922358623	34.67366162172692	35.03083395660802	33.84905898317215	34.83340313127302	34.37895509568279	34.27975448861993	33.52041546388982	34.14660925596863	33.64233346403557	33.77356643483771	33.471516307306814	34.09194105002401	34.14480185808574	33.84503081272166	33.49352929823314	34.17093669998293	33.93941123900269	34.60487084584872	34.16085461062161	33.9529681453097
86	34.15339261048631	34.25434237939338	34.4970272477473	34.289210959292994	34.15999591603081	33.872547118916685	33.54492340512857	33.85807606948971	33.971812385890715	33.467284347140875	33.559461071986426	34.594159789564785	34.41774276035476	34.69201158966544	34.33900828444682	33.619656708985985	34.492091115160456	34.6050731705038	34.396777056031446	34.60934186338572	34.972520370077426	33.760073702946386	34.77880752809375	34.31406950091933	34.20304066456048	33.39151932329841	34.0281549288288	33.571176715233236	33.636241020739945	33.350855807409204	33.971472027553325	34.05892448018956	33.76909922675437	33.44376736686672	34.08597802014346	33.87597122004138	34.53730698505668	34.103019236490226	33.84561475395191
88	33.9907988742152	34.10904840498931	34.386193665291046	34.14373824477757	34.02194491137706	33.70922110780518	33.45447042082641	33.667060966254496	33.855901245002286	33.323884833700625	33.37025253247361	34.46731991804942	34.26832125252898	34.55303562420342	34.2212739603926	33.418987144742324	34.33985329535851	34.49259079297927	34.262056074053774	34.50349126202576	34.89851392956115	33.60793958590476	34.689007772292086	34.19859125342544	34.08765337508621	33.16296136530017	33.83531661786198	33.387774002092655	33.42569055249393	33.13133400527208	33.77343937293611	33.8900452216231	33.633170447857914	33.32675289343889	33.90426680923298	33.70557442821263	34.409177119318755	33.954747502391406	33.65469851619535
90	33.88813127572485	34.03870478097351	34.29211786549195	34.07282787277633	33.93825525663839	33.605751664471065	33.29572667594269	33.56663850109605	33.717880841638745	33.174173687316085	33.260650579380936	34.39620890596909	34.17576962046121	34.49492395635706	34.1251255014592	33.29421329311902	34.265427192386795	34.41423382090309	34.180811509389706	34.42554695281262	34.84388662504445	33.50081034711067	34.61958585556966	34.104481104934386	34.00423373640065	33.039595177775084	33.71016255867269	33.24778723091517	33.315969188737164	32.973752338095366	33.65743333395531	33.81701712111509	33.52480471553771	33.183281450131645	33.81840781517788	33.592217506215505	34.348782905011404	33.84916310463433	33.54647189919133
92	33.83332573694466	33.97276914959821	34.25354768212603	34.02072261282605	33.89425022099198	33.554964282705114	33.23003132350255	33.501586153432555	33.64382215860918	33.09468014964399	33.185980690527046	34.35335489598444	34.11808911653351	34.46559348153514	34.08318415498257	33.22505042235947	34.21196549045663	34.373236029625616	34.12634075357134	34.37157313291374	34.80080650170139	33.427783003680716	34.58234433919493	34.05532592528182	33.95149731906468	32.96872554575967	33.63356068205046	33.15969947972579	33.259654230315746	32.887766931533776	33.59269072638065	33.76308206332753	33.459161492107455	33.105956471671405	33.76229971210703	33.52714885265935	34.30854526325183	33.78240081773379	33.48269378974689
94	33.8018795997716	33.945843096404126	34.208605564546886	34.00132948162111	33.85268405895154	33.52902746492062	33.167158468959514	33.47726537947801	33.58913929149915	33.01810660673115	33.16193006578035	34.33195310475203	34.0845797473108	34.465671241307675	34.04518271186048	33.18774879495449	34.18714441345013	34.339902540556515	34.09940458543888	34.33719808766122	34.770018675125385	33.38689186322483	34.550147816597985	34.01513192237702	33.91221285625292	32.9415558655614	33.59206998951741	33.084679226542946	33.23814542895282	32.83499921777707	33.55651376402484	33.746814621733165	33.40228556570476	33.019060381519296	33.75469175886772	33.489582575739924	34.28875834000691	33.7242769373869	33.44649274416311
96	33.738751204344126	33.919382017911744	34.131352262093344	33.970833188343654	33.803551982692106	33.42946158708659	33.00786019209042	33.41092055597806	33.45300967131749	32.875042298273755	33.08714902006736	34.294221592594894	34.017812127998226	34.436625785381224	33.95882754691112	33.073205673712046	34.15011688007152	34.299154354780875	34.041118610635074	34.28861360596387	34.74461127860187	33.31230948151514	34.50844287994572	33.946679620856074	33.86069064676174	32.85913065310244	33.53185729906453	32.95520913561922	33.18652812332816	32.70910125361431	33.49896937215432	33.69649993866156	33.30413321982756	32.87530266483574	33.68924088075772	33.388300074541306	34.255486497467174	33.641175780287526	33.37360800256334
98	33.63842835782536	33.832737087042396	34.0514244676501	33.881417808349795	33.694200763750416	33.3154458682024	32.83082579938075	33.30761384929077	33.303405533308094	32.74740861216418	32.98770523437004	34.208152370855714	33.920599183105324	34.36187247337141	33.849838131092596	32.95417513387349	34.06527294000401	34.205393791515746	33.94160032884483	34.21449619601215	34.68474243663452	33.20968979837315	34.43685598942537	33.86439799035007	33.76405182770819	32.74766782826552	33.424244520851445	32.81665145111347	33.0863068556618	32.557259453384574	33.39510506688157	33.58242244814276	33.19576460791342	32.72203293806059	33.603317515450755	33.28089327647764	34.17182375196391	33.52612686305731	33.27129635475045
100	33.51967021544624	33.70825888146324	33.94775199498776	33.742984023218796	33.56214497769473	33.221126273785075	32.68906225687076	33.17896640942889	33.214218461242794	32.612774385013736	32.84422279962632	34.1062873735354	33.83454738186498	34.28749728141608	33.774672821586634	32.866343865383286	33.952519333453836	34.063699043743455	33.8423780612238	34.08958816398696	34.55790595382936	33.07057305125858	34.31870550259207	33.733248014757564	33.62303323914833	32.597054732576886	33.28462519957484	32.71292233780567	32.93830527666249	32.427559624493796	33.25556488255189	33.448472147659444	33.070578207531696	32.59485714496792	33.50650083395551	33.19599632918778	34.05711657104476	33.41473401783824	33.156509527343246