Measurement Name :,0728_Run1,,Generated On :,"28/07/2020, 09:07:27",,,Calibration details for Oxygen,,,Report :,"@m01:IDENTIFICATION
Serial number     : SEBX0007000641      
MUX channel       : ON - 01

PARAMETERS
Sig LED current   : 045
Ref LED current   : 095
Frequency         : 060
Sending interval  : 0000
Pulse lenght      : 06
Red REF comp.     : ON
Temperature comp. : ON

FIRMWARE
ver.4.039.A3.ST   : 04/30/07, 09:14:36
@m01:RDY

",,Other Report :,"Start Temperature : 
End Temperature        : 
Start Humidity         : 
End Humidity           : 
Ref.phase Corre        : 1
Dig. Ampl.Factor       : 
Mod. Coarse Freq.      : 
Mod. Fine Freq.        : 
Mod. Shape             : 
Mono or Stero          : 
Phase Shift            : 
Sampling Rate          : 
Temp. Corr Slop Coef   : 
",,,,,,,,,,,,,,,,,
Start Date/Time:,"28/07/2020, 08:39:04",,,,,,Batch No.:  ,PSt5-1624-01_25¡C,,,,,,,,,,,,,,,,,,,,,,,
End Date/Time:,"28/07/2020, 09:07:02",,,,,,O2_cal0 [¡],54.76,,,,,,,,,,,,,,,,,,,,,,,
User Comment :,0,,Meas. Created By :,admin,,,O2_cal2nd [¡],47.47,,,,,,,,,,,,,,,,,,,,,,,
SDR Serial No. :,S-641,,,,,,O2_T0 [¡C],24.8,,,,,,,,,,,,,,,,,,,,,,,
Parameter :,Oxygen [cO2 [µmol/L]],,,,,,O2_T2nd [¡C],24.8,,,,,,,,,,,,,,,,,,,,,,,
,,,,,,,O2_patm [mbar],965,,,,,,,,,,,,,,,,,,,,,,,
,,,,,,,O2_2nd [% a.s.],100,,,,,,,,,,,,,,,,,,,,,,,
,,,,,,,,,,,,,,,,,,,,,,,,,,,,,,,
,,,,,,,,,,,,,,,,,,,,,,,,,,,,,,,
,,,,,,,,,,,,,,,,,,,,,,,,,,,,,,,
,,,,,,,,,,,,,,,,,,,,,,,,,,,,,,,
Date/Time,Time/Min.,A1,B1,C1,D1,A2,B2,C2,D2,A3,B3,C3,D3,A4,B4,C4,D4,A5,B5,C5,D5,A6,B6,C6,D6,,Tm [¡C],p [mbar],Salinity [g/1000g],T_internal [¡C],Error
28.07.20 08:39:06,0.03,173.9,221.42,211.59,247.48,196.01,193.25,216.33,211.27,198.17,194.48,201.89,238.25,188.97,178.69,234.65,212.85,190.49,222.06,202.82,209.38,213.16,203.44,227.84,209.07,,26.4,965,34,27.29,
28.07.20 08:39:21,0.28,172.41,206.56,216.96,245.82,212.22,190.8,230.75,211.27,193.25,200.03,217.28,231.73,189.27,183.81,216.65,190.19,198.17,193.25,198.79,217.6,217.28,192.94,206.25,203.13,,26.4,965,34,27.29,
28.07.20 08:39:36,0.53,198.79,236.28,222.7,248.14,229.14,213.79,243.84,238.9,202.51,217.92,217.28,238.57,212.22,189.58,237.26,216.01,207.82,220.46,206.88,243.84,210.96,196.94,240.54,222.7,,26.4,965,34,27.26,
28.07.20 08:39:51,0.78,221.42,242.85,221.42,256.83,213.79,214.74,232.05,236.28,236.28,227.2,207.82,243.51,224.95,182,243.18,226.55,194.48,228.17,224.3,241.2,209.07,214.11,247.48,227.2,,26.4,965,34,27.19,
28.07.20 08:40:07,1.05,238.25,223.98,210.01,245.82,204.69,189.58,236.61,220.15,207.5,213.48,205.63,246.15,183.2,180.79,244.17,218.55,192.33,225.91,204.69,228.49,200.34,177.79,256.16,205.31,,26.4,965,34,27.16,
28.07.20 08:40:22,1.3,188.36,206.88,217.28,234.98,204.69,184.41,241.53,216.01,178.99,202.82,209.38,223.98,198.48,177.19,216.33,205.31,168.26,189.88,186.54,222.7,200.96,194.17,206.88,215.06,,26.4,965,34,27.14,
28.07.20 08:40:37,1.55,205,223.98,213.16,234.65,218.55,206.56,221.42,215.06,181.7,207.5,211.9,232.7,195.4,164.14,229.78,212.85,195.71,198.79,202.2,225.27,213.79,194.78,224.3,199.72,,26.4,965,34,27.11,
28.07.20 08:40:52,1.8,185.93,201.58,211.27,237.59,209.38,192.94,223.34,233.68,199.1,222.06,210.96,226.88,197.56,186.84,216.33,198.48,178.69,216.96,218.55,231.08,186.54,193.86,229.46,222.7,,26.4,965,34,27.11,
28.07.20 08:41:07,2.05,183.81,213.79,220.15,234.65,195.71,191.72,211.27,226.23,182.3,207.82,213.16,227.84,220.15,175.39,229.14,205.94,177.49,184.72,194.17,217.92,191.72,205,224.63,214.11,,26.4,965,34,27.08,
28.07.20 08:41:23,2.32,213.48,218.55,238.25,246.15,208.13,205,233.35,236.61,209.7,214.74,237.59,267.68,216.96,217.6,222.38,218.23,183.81,216.33,208.76,234,213.16,209.7,237.26,236.61,,26.4,965,34,27.08,
28.07.20 08:41:38,2.57,195.4,246.48,228.81,242.19,212.85,202.82,234,237.26,185.93,228.49,228.81,242.19,211.59,188.36,220.78,208.76,181.39,213.48,212.85,216.96,196.94,188.97,229.46,227.52,,26.4,965,34,27.1,
28.07.20 08:41:54,2.83,187.45,210.01,231.4,252.81,216.65,220.78,254.82,250.14,196.94,243.84,230.43,236.61,208.13,176.29,236.61,241.53,214.43,258.52,210.33,239.23,213.16,226.88,233.68,218.87,,26.4,965,34,27.08,
28.07.20 08:42:09,3.08,217.28,235.3,227.52,253.81,251.14,203.44,230.75,240.54,209.38,215.38,221.74,244.83,200.65,217.92,246.81,243.84,206.56,228.49,252.14,254.15,216.33,201.89,226.88,241.53,,26.4,965,34,27.08,
28.07.20 08:42:25,3.35,208.76,225.59,226.23,247.81,225.27,194.17,229.14,211.9,202.2,200.65,230.11,244.83,211.9,155.1,188.66,199.72,176.29,213.79,206.56,220.78,186.84,192.64,226.88,207.82,,26.4,965,34,27.08,
28.07.20 08:42:40,3.6,209.7,228.49,248.81,250.8,235.63,233.68,242.85,247.15,210.64,222.7,252.81,247.48,227.52,224.3,250.47,238.57,203.13,235.63,205.31,258.52,213.79,205,239.88,231.4,,26.4,965,34,27.1,
28.07.20 08:42:55,3.85,211.27,227.2,222.06,257.51,220.15,192.02,221.1,234.98,183.2,208.76,234.33,237.59,219.83,210.96,229.46,230.11,196.01,207.5,194.17,225.91,190.8,200.65,218.23,240.21,,26.4,965,34,27.11,
28.07.20 08:43:11,4.12,220.15,239.56,237.92,250.47,226.88,223.66,237.92,220.78,215.38,219.51,223.02,245.82,209.38,210.33,211.27,234.98,188.36,210.64,199.72,253.48,260.21,219.19,247.81,240.87,,26.4,965,34,27.1,
28.07.20 08:43:26,4.37,222.38,219.19,214.11,246.81,233.68,217.28,225.27,216.96,197.56,219.83,212.53,232.05,191.72,180.79,223.66,216.01,193.25,210.64,210.33,247.15,216.65,207.19,245.82,235.63,,26.4,965,34,27.11,
28.07.20 08:43:41,4.62,219.19,231.08,228.49,245.16,235.3,212.22,241.86,237.59,205.94,223.66,226.23,241.86,206.56,180.79,245.16,234.33,187.14,213.79,216.65,231.73,205.94,213.79,232.7,238.25,,26.4,965,34,27.11,
28.07.20 08:43:57,4.88,210.96,216.96,231.08,229.46,210.96,222.7,217.6,214.74,184.11,220.15,251.14,238.9,229.78,195.4,228.81,216.65,195.4,212.53,201.58,234.65,216.96,226.88,224.95,208.44,,26.4,965,34,27.11,
28.07.20 08:44:12,5.13,202.82,236.61,224.95,231.4,223.66,192.02,225.91,198.79,176.29,216.33,224.63,238.9,198.79,184.72,207.5,229.46,192.33,225.27,196.32,212.22,234.98,167.97,216.33,199.72,,26.4,965,34,27.11,
28.07.20 08:44:27,5.38,191.72,218.87,216.33,237.59,204.38,216.33,230.11,222.7,199.41,223.66,215.06,233.68,203.13,166.79,208.44,210.64,199.1,204.38,212.22,242.85,195.09,191.72,221.42,223.02,,26.4,965,34,27.13,
28.07.20 08:44:43,5.65,197.25,209.7,227.52,254.48,180.19,214.11,228.17,234.65,198.79,212.53,229.46,224.95,198.79,184.72,228.17,214.43,208.76,192.02,188.97,233.68,205.63,210.33,240.54,220.78,,26.4,965,34,27.14,
28.07.20 08:44:58,5.9,226.88,211.59,223.02,237.26,199.41,220.78,222.7,219.51,196.94,200.96,213.79,223.34,190.49,189.88,235.63,202.82,190.8,212.22,216.01,227.52,199.41,191.72,219.19,201.89,,26.4,965,34,27.15,
28.07.20 08:45:14,6.17,228.17,244.17,229.46,251.81,216.33,230.11,243.18,218.55,227.84,240.54,237.59,230.11,235.96,188.36,235.3,212.22,209.07,212.22,207.5,214.43,230.11,227.2,227.52,235.3,,26.4,965,34,27.16,
28.07.20 08:45:29,6.42,205,216.01,221.1,250.14,214.11,223.02,228.81,220.78,183.51,216.33,216.65,220.78,217.92,181.7,233.35,228.49,188.36,229.78,210.96,235.63,198.48,233.35,228.81,207.5,,26.4,965,34,27.15,
28.07.20 08:45:45,6.68,215.69,223.66,234.65,266.66,201.58,206.25,252.47,222.7,203.13,223.34,231.73,243.51,219.83,190.8,228.17,238.9,218.55,234.98,222.38,244.5,207.82,217.6,239.23,236.28,,26.4,965,34,27.16,
28.07.20 08:46:00,6.93,237.92,247.48,236.61,236.61,226.88,248.47,229.14,237.92,234,256.16,232.05,254.48,229.46,197.56,223.02,253.14,210.96,240.54,215.06,233.35,221.74,220.15,229.78,255.49,,26.4,965,34,27.16,
28.07.20 08:46:15,7.18,229.78,237.92,223.98,241.86,222.38,223.02,241.53,242.52,191.11,226.55,236.28,236.28,200.03,178.99,226.55,248.47,197.56,225.91,210.33,237.92,207.82,220.78,199.41,238.9,,26.4,965,34,27.19,
28.07.20 08:46:31,7.45,209.07,240.87,219.19,262.58,224.95,225.27,232.7,247.15,195.09,241.53,259.53,234,213.79,190.49,237.26,245.49,215.38,221.74,211.9,230.11,214.43,206.56,242.19,250.47,,26.4,965,34,27.21,
28.07.20 08:46:46,7.7,192.33,220.78,207.82,223.98,169.15,185.02,223.02,199.72,190.19,217.6,210.96,220.46,181.09,168.56,197.56,228.81,197.56,201.58,202.82,213.48,186.84,186.23,222.38,208.76,,26.4,965,34,27.21,
28.07.20 08:47:01,7.95,223.34,209.07,215.69,242.52,226.23,224.63,228.49,232.05,182.9,201.89,222.7,222.06,209.07,177.79,243.18,208.44,191.41,182.3,201.58,224.63,217.6,199.72,219.19,221.42,,26.4,965,34,27.22,
28.07.20 08:47:17,8.22,221.42,225.59,217.92,228.17,214.43,197.56,219.51,213.79,182.9,185.63,204.07,235.3,189.88,161.5,208.13,219.51,193.86,206.56,200.03,214.11,199.72,200.96,232.05,209.7,,26.4,965,34,27.22,
28.07.20 08:47:32,8.47,216.65,221.74,214.74,239.56,200.65,214.43,240.21,222.38,197.56,214.43,237.92,241.2,210.64,184.11,236.94,226.23,211.59,211.27,207.19,230.43,234.98,214.43,221.42,211.27,,26.4,965,34,27.25,
28.07.20 08:47:47,8.72,237.92,224.63,231.73,244.83,223.98,214.74,242.85,229.46,205.31,214.74,221.1,237.26,220.78,174.5,232.38,223.66,192.02,209.7,206.56,221.74,202.82,241.53,234.98,216.65,,26.4,965,34,27.26,
28.07.20 08:48:03,8.98,216.33,209.38,219.83,241.2,223.66,221.42,212.22,230.11,178.69,210.96,217.92,221.74,191.11,161.21,222.7,224.95,174.2,232.05,216.33,200.03,197.25,239.56,234.33,218.55,,26.4,965,34,27.26,
28.07.20 08:48:18,9.23,226.23,225.27,213.79,238.57,187.14,202.2,219.51,224.95,214.43,221.42,234.98,227.2,216.33,175.69,222.06,234.33,173.01,218.55,215.38,224.95,177.49,197.86,227.84,217.92,,26.4,965,34,27.26,
28.07.20 08:48:34,9.5,198.48,209.38,212.53,231.08,213.79,220.15,235.63,218.55,185.32,221.74,240.21,231.08,200.96,163.55,232.38,231.08,209.38,218.23,210.64,223.02,227.84,228.49,236.28,218.87,,26.4,965,34,27.28,
28.07.20 08:48:49,9.75,226.23,238.9,238.25,247.81,216.65,228.49,245.16,238.57,219.51,217.6,256.5,255.49,213.48,202.51,226.55,223.98,232.05,219.51,235.3,237.92,226.88,227.52,206.25,223.02,,26.4,965,34,27.29,
28.07.20 08:49:05,10.02,235.63,237.92,212.85,249.14,231.08,238.57,248.14,238.57,214.11,239.23,234.98,223.66,214.74,189.27,252.47,225.59,212.85,220.46,216.01,224.95,234.65,233.68,246.81,225.91,,26.4,965,34,27.29,
28.07.20 08:49:20,10.27,218.23,248.14,209.7,253.48,223.66,219.83,244.5,218.23,202.2,205.31,246.81,225.91,203.44,154.23,204.38,248.14,188.36,216.65,202.51,238.25,196.63,214.74,235.96,229.14,,26.4,965,34,27.32,
28.07.20 08:49:35,10.52,218.87,225.27,210.33,246.15,219.83,222.38,227.52,227.2,192.02,241.2,256.83,227.52,212.53,178.99,227.2,233.02,184.11,207.82,206.56,217.92,210.33,213.79,220.78,215.69,,26.4,965,34,27.33,
28.07.20 08:49:51,10.78,227.2,219.19,229.14,241.53,228.17,232.38,219.51,216.33,198.79,219.51,237.59,233.02,171.52,163.26,227.52,218.23,198.79,228.17,200.65,223.66,209.38,222.06,227.84,232.05,,26.4,965,34,27.33,
28.07.20 08:50:06,11.03,232.7,226.23,216.33,250.8,231.08,237.26,219.51,238.57,209.7,221.42,233.68,239.56,221.42,166.2,221.1,239.23,197.86,214.11,220.15,229.14,216.33,224.95,220.46,225.59,,26.4,965,34,27.35,
28.07.20 08:50:22,11.3,227.2,260.21,234.98,251.81,208.13,239.56,242.85,228.81,174.5,217.92,268.71,239.56,212.53,202.51,239.23,242.52,194.48,231.73,223.98,238.9,200.34,201.89,261.22,218.55,,26.4,965,34,27.36,
28.07.20 08:50:37,11.55,218.23,221.1,234.33,242.52,221.42,229.46,247.15,228.17,210.64,233.35,246.81,257.17,219.51,187.45,246.15,237.26,208.76,200.03,228.17,233.35,209.07,236.61,228.81,226.55,,26.4,965,34,27.38,
28.07.20 08:50:52,11.8,242.52,207.82,205,244.5,217.6,241.2,243.18,231.4,198.17,228.49,233.68,239.56,192.33,165.02,247.81,228.81,192.33,200.34,229.46,230.11,209.38,206.25,215.38,212.53,,26.4,965,34,27.4,
28.07.20 08:51:08,12.07,221.74,209.07,228.17,236.61,222.38,231.4,231.08,235.3,218.23,231.4,270.08,245.16,224.95,169.15,231.73,238.57,180.49,228.17,191.41,238.25,218.87,218.55,243.51,248.81,,26.4,965,34,27.4,
28.07.20 08:51:23,12.32,224.63,221.74,228.49,250.14,223.02,261.9,214.74,238.57,202.82,232.7,260.54,244.83,212.22,203.44,241.2,242.19,210.01,209.7,218.87,230.11,200.65,208.13,235.63,221.74,,26.4,965,34,27.4,
28.07.20 08:51:39,12.58,236.94,223.02,232.05,240.54,205,230.43,222.38,215.69,206.88,228.81,249.47,224.63,221.74,156.55,224.95,228.49,208.13,218.87,217.6,234.33,225.91,219.83,234.98,218.55,,26.4,965,34,27.43,
28.07.20 08:51:54,12.83,255.83,231.4,229.14,259.19,200.96,242.85,243.84,242.85,185.63,217.92,260.54,245.82,191.72,189.88,236.94,238.25,207.5,217.28,195.09,247.81,212.85,232.38,243.51,229.14,,26.4,965,34,27.43,
28.07.20 08:52:09,13.08,224.63,215.38,231.73,257.51,245.16,253.14,238.57,234.65,221.74,229.78,264.96,242.85,215.69,186.54,218.87,253.81,215.69,224.63,198.48,255.83,205.31,251.14,247.48,218.87,,26.4,965,34,27.43,
28.07.20 08:52:25,13.35,240.54,242.85,221.74,246.15,233.02,238.57,243.18,235.3,205.63,229.78,272.83,254.48,211.27,162.67,249.14,249.8,200.03,229.46,230.43,247.81,227.84,228.17,246.15,246.15,,26.4,965,34,27.46,
28.07.20 08:52:40,13.6,219.83,219.51,216.96,257.17,258.18,237.59,241.53,233.02,211.9,218.87,246.81,228.49,244.5,168.86,211.9,213.48,194.78,190.19,183.2,227.52,222.7,234.65,227.84,224.63,,26.4,965,34,27.47,
28.07.20 08:52:56,13.87,248.14,221.1,220.78,231.08,198.48,235.3,224.63,234.33,196.63,219.19,215.06,230.75,225.27,175.1,223.98,234.98,181.09,207.19,192.33,210.96,210.64,231.08,221.74,210.01,,26.4,965,34,27.47,
28.07.20 08:53:11,14.12,237.26,221.1,235.63,239.56,204.38,237.59,246.48,224.95,183.81,218.55,245.82,242.19,241.86,166.49,240.87,243.18,189.58,216.01,212.85,222.38,204.07,231.73,231.4,215.06,,26.4,965,34,27.5,
28.07.20 08:53:27,14.38,231.08,255.49,220.78,249.47,218.23,258.86,231.4,228.49,201.27,234,237.26,245.82,200.34,178.09,252.81,244.17,179.59,220.15,194.78,232.38,197.86,225.91,235.96,223.02,,26.4,965,34,27.49,
28.07.20 08:53:42,14.63,240.54,226.55,210.64,225.27,225.27,244.83,223.66,212.22,212.85,224.63,245.82,225.59,224.63,184.72,223.02,228.81,207.82,225.59,208.76,217.92,226.88,238.9,226.88,217.6,,26.4,965,34,27.5,
28.07.20 08:53:57,14.88,240.21,226.88,210.96,225.59,224.95,245.16,223.66,210.64,213.48,223.98,246.15,225.27,224.3,183.51,223.34,229.46,207.19,225.91,209.38,218.23,226.55,239.88,226.88,215.38,,26.4,965,34,27.49,
28.07.20 08:54:13,15.15,240.87,226.23,210.96,225.27,225.59,245.49,223.66,210.33,212.85,224.63,246.48,224.95,223.98,181.39,222.7,229.78,206.25,225.27,209.07,217.92,227.2,240.21,226.23,212.22,,26.4,965,34,27.44,
28.07.20 08:54:28,15.4,240.87,226.88,210.96,225.59,225.27,244.17,223.98,208.76,213.16,224.3,246.15,224.95,224.95,179.89,223.02,229.78,205.31,225.91,209.7,218.87,226.88,240.54,226.88,207.19,,26.4,965,34,27.43,
28.07.20 08:54:44,15.67,241.53,226.88,209.07,225.27,224.95,244.17,223.98,207.5,214.11,224.3,246.48,224.95,224.95,180.19,222.38,230.43,204.07,225.91,210.33,218.23,226.88,240.54,226.88,201.58,,26.4,965,34,27.39,
28.07.20 08:54:59,15.92,241.2,226.23,209.07,225.91,224.63,241.86,223.98,205.63,214.11,224.63,245.49,225.59,224.3,179.59,222.7,229.78,203.13,225.59,209.7,217.6,226.55,239.88,226.55,198.17,,26.4,965,34,27.36,
28.07.20 08:55:14,16.17,241.2,226.55,205.31,224.95,224.95,241.53,223.98,203.44,213.48,223.98,245.82,224.63,223.98,178.09,223.02,229.46,202.2,225.59,209.7,218.23,226.23,239.56,226.23,196.32,,26.4,965,34,27.33,
28.07.20 08:55:30,16.43,241.53,225.91,204.07,224.63,224.95,240.87,223.66,201.27,213.48,223.98,245.49,224.95,223.98,176.89,222.7,229.14,201.27,225.27,210.01,217.92,226.55,239.88,226.88,194.17,,26.4,965,34,27.33,
28.07.20 08:55:45,16.68,241.86,226.55,203.13,225.27,225.27,240.21,223.98,198.79,214.11,223.98,245.16,225.59,223.98,175.1,222.7,228.49,199.41,225.59,210.01,217.92,226.23,239.88,226.23,192.94,,26.4,965,34,27.29,
28.07.20 08:56:00,16.93,241.53,226.23,202.82,224.63,224.3,238.9,223.98,196.32,213.16,224.3,244.5,223.66,223.98,174.2,222.06,228.17,197.25,225.59,209.7,217.92,225.59,240.54,226.55,190.19,,26.4,965,34,27.28,
28.07.20 08:56:16,17.2,241.53,226.55,201.27,224.95,224.95,238.25,223.66,193.25,213.79,223.66,244.17,225.27,223.98,172.71,223.02,227.84,196.01,225.27,210.64,217.92,226.23,239.88,226.23,185.93,,26.4,965,34,27.26,
28.07.20 08:56:31,17.45,241.2,226.55,198.79,224.95,224.95,237.92,223.66,190.49,214.43,223.98,243.51,224.95,224.63,170.04,223.34,228.17,194.78,225.59,210.64,217.92,226.23,239.88,226.88,183.51,,26.4,965,34,27.24,
28.07.20 08:56:47,17.72,240.87,225.91,196.32,224.95,225.27,236.61,223.34,189.27,213.79,223.02,242.85,223.98,223.98,167.97,222.38,228.17,192.64,224.95,210.01,217.28,226.55,239.56,226.23,179.59,,26.4,965,34,27.22,
28.07.20 08:57:02,17.97,240.21,226.23,197.56,224.95,224.63,234.98,223.02,188.97,213.48,223.66,242.19,224.95,223.66,165.9,222.06,227.2,189.88,224.95,210.33,217.92,226.23,238.9,225.91,176.59,,26.4,965,34,27.22,
28.07.20 08:57:17,18.22,239.23,225.91,196.01,223.98,224.63,234.65,222.7,187.14,213.48,223.02,241.53,223.98,223.98,165.61,222.38,226.55,188.66,224.63,209.7,216.96,226.23,238.57,225.59,172.71,,26.4,965,34,27.18,
28.07.20 08:57:33,18.48,239.23,226.55,195.09,224.63,224.63,234.33,223.34,187.45,213.48,222.38,241.53,224.3,223.02,165.02,222.38,226.88,187.45,224.63,209.07,217.6,225.91,239.56,226.23,170.34,,26.4,965,34,27.18,
28.07.20 08:57:48,18.73,239.23,226.23,193.86,224.63,223.98,232.7,222.7,187.75,213.79,223.34,241.2,224.3,223.34,162.97,222.06,226.55,185.63,224.95,209.7,217.28,225.91,239.56,226.23,166.79,,26.4,965,34,27.16,
28.07.20 08:58:03,18.98,238.57,225.59,191.41,224.95,224.3,232.05,223.66,186.23,213.16,222.38,240.54,224.3,223.34,160.04,222.06,226.55,185.32,224.63,209.7,217.6,225.27,239.23,225.27,164.43,,26.4,965,34,27.15,
28.07.20 08:58:19,19.25,238.57,226.23,191.41,224.3,223.98,231.4,222.38,186.84,213.16,223.34,239.23,223.66,223.34,159.16,222.38,225.91,183.81,224.63,208.76,217.6,226.23,238.9,225.59,161.79,,26.4,965,34,27.14,
28.07.20 08:58:34,19.5,238.25,225.59,188.97,224.95,223.98,230.11,222.7,183.51,213.16,223.34,238.25,223.98,223.66,159.75,221.74,224.63,182,224.95,209.07,217.6,225.91,238.9,225.59,158.87,,26.4,965,34,27.11,
28.07.20 08:58:50,19.77,238.25,225.91,187.45,224.95,224.3,230.43,222.38,184.11,213.16,223.34,237.92,224.63,223.66,159.16,222.7,224.95,180.19,224.95,209.7,217.6,225.59,239.56,225.59,155.38,,26.4,965,34,27.1,
28.07.20 08:59:06,20.03,237.26,225.27,185.32,224.95,224.3,229.14,222.06,181.7,212.85,223.02,236.61,223.66,223.02,157.71,221.74,223.66,178.09,224.3,209.07,217.6,225.27,239.23,225.27,153.07,,26.4,965,34,27.08,
28.07.20 08:59:21,20.28,237.59,225.27,184.41,224.63,224.3,229.14,222.7,181.09,213.16,222.38,235.96,223.34,223.34,155.96,221.42,224.63,177.49,224.63,209.7,217.28,225.59,239.56,225.27,149.9,,26.4,965,34,27.07,
28.07.20 08:59:37,20.55,237.26,225.59,182.9,224.63,223.66,228.49,223.34,181.7,213.16,223.02,235.63,223.66,222.38,154.81,221.1,224.3,177.19,224.3,209.07,217.6,225.59,238.57,225.27,147.6,,26.4,965,34,27.05,
28.07.20 08:59:52,20.8,235.96,225.59,182.9,223.98,223.98,228.17,222.38,178.99,212.85,223.66,234.65,224.3,222.38,152.49,221.74,223.66,175.69,223.66,208.76,217.6,225.27,237.26,225.27,146.17,,26.4,965,34,27.04,
28.07.20 09:00:07,21.05,235.3,225.27,182,223.98,223.98,226.55,222.38,177.49,213.16,222.38,234.65,223.98,223.34,151.34,221.74,223.02,174.8,224.63,209.07,217.28,224.95,237.92,225.27,145.03,,26.4,965,34,27.03,
28.07.20 09:00:23,21.32,235.3,225.27,181.39,223.66,223.98,224.95,222.38,175.99,212.85,222.7,233.68,223.66,222.38,150.47,220.78,222.38,173.31,223.66,208.44,216.33,224.3,236.61,224.63,144.17,,26.4,965,34,27.01,
28.07.20 09:00:38,21.57,235.63,225.59,182.3,223.66,224.3,224.63,222.7,175.69,213.48,222.7,234.65,223.66,223.02,149.32,221.42,222.06,172.12,224.63,209.07,216.96,224.63,236.94,225.91,143.6,,26.4,965,34,27,
28.07.20 09:00:54,21.83,234.65,224.95,181.09,223.98,223.66,223.66,223.02,174.8,213.16,222.38,234,223.98,222.7,147.89,220.78,221.1,169.74,224.3,209.07,217.6,224.95,236.61,224.95,141.9,,26.4,965,34,27,
28.07.20 09:01:09,22.08,234,224.63,180.19,223.66,223.34,222.38,222.7,172.41,212.85,223.02,233.02,223.98,222.38,147.6,221.1,221.1,167.38,223.98,209.07,216.96,224.63,235.96,224.95,139.63,,26.4,965,34,26.99,
28.07.20 09:01:24,22.33,233.02,224.3,176.59,223.34,223.34,222.06,221.42,172.41,212.53,222.7,232.7,222.38,221.74,147.03,220.78,220.78,165.9,223.34,208.13,216.33,224.95,235.63,224.3,138.21,,26.4,965,34,26.97,
28.07.20 09:01:40,22.6,232.7,224.95,176.59,223.34,223.98,222.38,222.7,171.52,212.53,222.7,232.38,223.98,222.7,145.03,222.06,220.78,164.73,223.98,208.44,216.33,224.3,234.98,225.27,137.08,,26.4,965,34,26.94,
28.07.20 09:01:55,22.85,233.02,225.27,175.1,224.3,223.34,222.06,222.7,172.12,212.22,223.02,232.38,223.02,222.7,143.03,221.1,220.15,163.55,223.98,208.44,216.65,224.95,234,224.63,137.08,,26.4,965,34,26.93,
28.07.20 09:02:10,23.1,232.38,225.27,174.8,223.98,223.66,221.42,221.74,170.34,211.9,222.06,232.05,223.66,222.06,138.78,221.42,219.83,162.09,223.34,208.13,216.01,224.95,234,224.63,137.08,,26.4,965,34,26.93,
28.07.20 09:02:26,23.37,231.73,224.95,174.2,223.66,223.34,219.83,221.74,169.15,212.22,222.7,230.11,223.34,222.06,135.11,220.46,218.87,160.92,223.66,208.13,216.33,223.98,233.02,224.95,137.65,,26.4,965,34,26.91,
28.07.20 09:02:41,23.62,231.08,225.59,174.2,223.66,223.34,221.42,222.38,168.86,213.16,222.7,229.78,223.34,223.34,133.14,221.42,219.51,159.46,224.3,208.44,217.28,224.3,233.35,225.27,136.8,,26.4,965,34,26.9,
28.07.20 09:02:57,23.88,230.43,224.63,173.9,223.34,223.02,221.42,221.74,167.97,212.53,223.02,229.14,223.02,222.7,132.3,220.78,218.87,157.71,223.34,208.76,216.96,224.3,233.02,224.63,137.93,,26.4,965,34,26.9,
28.07.20 09:03:12,24.13,230.75,224.95,170.04,223.34,223.02,220.46,221.74,167.67,212.22,222.06,229.46,222.7,222.38,130.62,220.78,218.87,156.26,223.66,208.13,216.33,224.3,232.7,224.95,137.65,,26.4,965,34,26.88,
28.07.20 09:03:28,24.4,229.78,224.3,170.63,223.02,223.66,219.83,222.38,165.61,212.22,222.06,228.17,223.34,222.38,130.9,220.78,219.51,155.1,223.66,208.13,216.33,224.3,231.73,224.3,136.52,,26.4,965,34,26.86,
28.07.20 09:03:43,24.65,228.81,224.3,168.86,222.7,223.02,220.15,221.74,167.08,211.9,221.74,228.49,222.7,222.06,130.9,220.78,218.87,154.23,223.02,208.13,216.01,224.3,231.73,224.95,136.24,,26.4,965,34,26.86,
28.07.20 09:03:58,24.9,229.14,224.3,167.38,223.66,223.02,219.83,221.74,165.9,212.22,221.74,227.84,223.02,221.74,131.74,220.46,219.83,152.78,223.02,208.13,216.01,223.66,231.08,224.3,136.52,,26.4,965,34,26.83,
28.07.20 09:04:13,25.15,227.84,224.3,166.2,223.02,223.02,219.19,222.7,165.02,211.59,222.7,227.84,223.34,222.38,132.86,220.78,218.87,152.78,223.34,208.13,216.33,224.63,230.43,225.27,136.24,,26.4,965,34,26.83,
28.07.20 09:04:29,25.42,228.17,224.63,165.9,223.02,223.66,219.51,222.7,164.73,212.22,222.38,227.2,222.38,222.38,133.14,221.1,219.19,152.49,223.02,207.5,216.33,224.95,230.75,225.59,134.27,,26.4,965,34,26.82,
28.07.20 09:04:44,25.67,227.52,223.98,165.61,223.66,223.02,218.87,222.06,162.67,211.9,222.06,226.23,223.66,222.06,132.02,220.78,219.19,151.34,223.98,207.82,215.69,224.63,229.78,224.63,132.58,,26.4,965,34,26.8,
28.07.20 09:05:00,25.93,226.88,223.98,163.26,221.74,223.34,217.92,221.42,163.55,211.59,221.1,225.59,222.38,221.42,131.18,220.46,218.23,151.34,222.7,206.88,214.74,223.66,229.46,224.3,131.74,,26.4,965,34,26.8,
28.07.20 09:05:15,26.18,226.55,223.66,162.09,221.74,221.74,217.6,220.78,163.85,211.27,221.1,225.91,222.7,221.1,129.51,220.15,217.92,151.34,222.38,206.88,215.06,224.3,229.46,223.66,131.46,,26.4,965,34,26.79,
28.07.20 09:05:31,26.45,226.55,224.3,161.79,222.7,222.7,217.28,221.42,163.85,211.27,221.74,225.91,222.38,221.74,127.84,220.78,217.6,151.63,223.02,207.19,215.06,223.98,229.46,223.98,128.67,,26.4,965,34,26.78,
28.07.20 09:05:47,26.72,225.59,223.66,159.46,222.7,223.66,217.6,221.42,162.09,211.9,221.1,225.27,221.74,221.74,127.56,220.46,217.6,151.63,222.7,207.5,215.38,223.66,228.81,224.3,126.72,,26.4,965,34,26.76,
28.07.20 09:06:02,26.97,225.59,223.98,159.75,222.7,221.74,216.96,220.78,160.33,210.96,222.06,224.3,222.38,222.06,125.34,220.15,217.6,150.19,223.02,206.88,215.06,223.98,227.84,223.98,125.61,,26.4,965,34,26.75,
28.07.20 09:06:18,27.23,225.27,223.66,159.16,221.74,222.38,216.96,220.46,158.87,211.27,221.42,224.95,222.06,221.1,124.78,220.46,217.6,149.32,223.02,206.88,215.06,223.02,228.81,223.66,123.68,,26.4,965,34,26.74,
28.07.20 09:06:33,27.48,224.3,223.66,156.84,222.7,222.06,217.28,221.1,157.71,210.96,221.42,224.63,222.06,221.74,122.57,220.15,217.28,148.18,222.7,207.19,215.38,223.98,228.49,223.98,122.57,,26.4,965,34,26.74,
28.07.20 09:06:49,27.75,223.98,223.98,157.71,222.38,222.38,216.96,221.1,157.71,210.96,221.1,224.63,221.74,221.42,120.64,219.83,217.28,148.18,222.38,206.88,215.38,223.98,228.17,223.98,121.19,,26.4,965,34,26.72,